Source#,Database#,Glycerol_Source,t,X,S,dXdt,dSdt,C_N_Ratio,Working_Volume_L,Seed_Volume_L,Mixing_Rate_RPM,Aeratiom_Rate,Temp_C,pH,KH2PO4,Na2HPO4,MgSO4,NaCl,CaCl2
5,16,raw,0,11.47058824,20.37433155,0.571555522,-1.215864794,3.793506493,1.5,150,550,1.5,30,3.5,0.125,0,0.2442,0,0
5,16,raw,0.2,11.58489934,20.13115859,0.575804679,-1.224772757,3.748230004,1.5,150,550,1.5,30,3.5,0.125,0,0.2442,0,0
5,16,raw,0.4,11.70091011,19.88442245,0.584409793,-1.242809831,3.702290084,1.5,150,550,1.5,30,3.5,0.125,0,0.2442,0,0
5,16,raw,0.6,11.81866326,19.63403466,0.593232764,-1.261297954,3.655670263,1.5,150,550,1.5,30,3.5,0.125,0,0.2442,0,0
5,16,raw,0.8,11.93820322,19.37990327,0.602283214,-1.280256908,3.608353418,1.5,150,550,1.5,30,3.5,0.125,0,0.2442,0,0
5,16,raw,1,12.05957655,19.1219319,0.611571884,-1.299708766,3.560321605,1.5,150,550,1.5,30,3.5,0.125,0,0.2442,0,0
5,16,raw,1.2,12.18283197,18.86001976,0.621109511,-1.3196756,3.51155606,1.5,150,550,1.5,30,3.5,0.125,0,0.2442,0,0
5,16,raw,1.4,12.30802035,18.59406166,0.630906837,-1.340179481,3.462037194,1.5,150,550,1.5,30,3.5,0.125,0,0.2442,0,0
5,16,raw,1.6,12.43519471,18.32394797,0.6409746,-1.361242481,3.411744598,1.5,150,550,1.5,30,3.5,0.125,0,0.2442,0,0
5,16,raw,1.8,12.56441019,18.04956466,0.651346344,-1.382933285,3.36065704,1.5,150,550,1.5,30,3.5,0.125,0,0.2442,0,0
5,16,raw,2,12.69573324,17.77077465,0.663058974,-1.407371539,3.308748995,1.5,150,550,1.5,30,3.5,0.125,0,0.2442,0,0
5,16,raw,2.2,12.82963378,17.48661605,0.676359075,-1.435061454,3.255841369,1.5,150,550,1.5,30,3.5,0.125,0,0.2442,0,0
5,16,raw,2.4,12.96627687,17.19675007,0.689854715,-1.463157987,3.201871085,1.5,150,550,1.5,30,3.5,0.125,0,0.2442,0,0
5,16,raw,2.6,13.10557567,16.90135285,0.702962704,-1.4904692,3.146870936,1.5,150,550,1.5,30,3.5,0.125,0,0.2442,0,0
5,16,raw,2.8,13.24746195,16.60056239,0.715776241,-1.517185739,3.090866617,1.5,150,550,1.5,30,3.5,0.125,0,0.2442,0,0
5,16,raw,3,13.39188616,16.29447856,0.728388523,-1.543498247,3.033876722,1.5,150,550,1.5,30,3.5,0.125,0,0.2442,0,0
5,16,raw,3.2,13.53881736,15.98316309,0.740892748,-1.569597366,2.975912747,1.5,150,550,1.5,30,3.5,0.125,0,0.2442,0,0
5,16,raw,3.4,13.68824326,15.66663961,0.753382114,-1.595673741,2.916979089,1.5,150,550,1.5,30,3.5,0.125,0,0.2442,0,0
5,16,raw,3.6,13.84017021,15.3448936,0.765949819,-1.621918015,2.857073046,1.5,150,550,1.5,30,3.5,0.125,0,0.2442,0,0
5,16,raw,3.8,13.99462319,15.0178724,0.778689061,-1.648520831,2.796184814,1.5,150,550,1.5,30,3.5,0.125,0,0.2442,0,0
5,16,raw,4,14.15164583,14.68548526,0.791693038,-1.675672833,2.734297494,1.5,150,550,1.5,30,3.5,0.125,0,0.2442,0,0
5,16,raw,4.2,14.31130041,14.34760327,0.805054946,-1.703564665,2.671387085,1.5,150,550,1.5,30,3.5,0.125,0,0.2442,0,0
5,16,raw,4.4,14.47366781,14.0040594,0.818867985,-1.73238697,2.607422488,1.5,150,550,1.5,30,3.5,0.125,0,0.2442,0,0
5,16,raw,4.6,14.6388476,13.65464848,0.833225352,-1.762330391,2.542365503,1.5,150,550,1.5,30,3.5,0.125,0,0.2442,0,0
5,16,raw,4.8,14.80695795,13.29912724,0.848220244,-1.793585572,2.476170834,1.5,150,550,1.5,30,3.5,0.125,0,0.2442,0,0
5,16,raw,5,14.9781357,12.93721425,0.863945861,-1.826343157,2.408786083,1.5,150,550,1.5,30,3.5,0.125,0,0.2442,0,0
5,16,raw,5.2,15.1525363,12.56858998,0.880495399,-1.860793788,2.340151753,1.5,150,550,1.5,30,3.5,0.125,0,0.2442,0,0
5,16,raw,5.4,15.33033386,12.19289674,0.897962056,-1.89712811,2.27020125,1.5,150,550,1.5,30,3.5,0.125,0,0.2442,0,0
5,16,raw,5.6,15.51172112,11.80973873,0.91643903,-1.935536766,2.198860879,1.5,150,550,1.5,30,3.5,0.125,0,0.2442,0,0
5,16,raw,5.8,15.69690947,11.41868203,0.93601952,-1.9762104,2.126049845,1.5,150,550,1.5,30,3.5,0.125,0,0.2442,0,0
5,16,raw,6,15.88612893,11.01925457,0.956796722,-2.019339654,2.051680256,1.5,150,550,1.5,30,3.5,0.125,0,0.2442,0,0
5,16,raw,6.2,16.07962816,10.61094617,0.978863835,-2.065115173,1.97565712,1.5,150,550,1.5,30,3.5,0.125,0,0.2442,0,0
5,16,raw,6.4,16.27767446,10.19320851,1.002314057,-2.1137276,1.897878345,1.5,150,550,1.5,30,3.5,0.125,0,0.2442,0,0
5,16,raw,6.6,16.48055378,9.765455131,1.027240585,-2.165367579,1.818234741,1.5,150,550,1.5,30,3.5,0.125,0,0.2442,0,0
5,16,raw,6.8,16.6885707,9.327061474,1.053736617,-2.220225752,1.736610017,1.5,150,550,1.5,30,3.5,0.125,0,0.2442,0,0
5,16,raw,7,16.90204843,8.87736483,1.081895351,-2.278492764,1.652880785,1.5,150,550,1.5,30,3.5,0.125,0,0.2442,0,0
5,16,raw,7.2,17.12132884,8.415664368,1.111809985,-2.340359258,1.566916556,1.5,150,550,1.5,30,3.5,0.125,0,0.2442,0,0
5,16,raw,7.4,17.34677242,7.941221127,1.143573717,-2.406015877,1.478579743,1.5,150,550,1.5,30,3.5,0.125,0,0.2442,0,0
5,16,raw,7.6,17.57875832,7.453258017,1.177279745,-2.475653266,1.387725659,1.5,150,550,1.5,30,3.5,0.125,0,0.2442,0,0
5,16,raw,7.8,17.81768432,6.950959821,1.213021266,-2.549462066,1.294202519,1.5,150,550,1.5,30,3.5,0.125,0,0.2442,0,0
5,16,raw,8,18.06396683,6.433473191,1.250891478,-2.627632923,1.197851437,1.5,150,550,1.5,30,3.5,0.125,0,0.2442,0,0
5,16,raw,8.2,18.31804091,5.899906651,1.290983579,-2.710356479,1.098506429,1.5,150,550,1.5,30,3.5,0.125,0,0.2442,0,0
5,16,raw,8.4,18.58036026,5.349330599,1.333390767,-2.797823378,0.995994411,1.5,150,550,1.5,30,3.5,0.125,0,0.2442,0,0
5,16,raw,8.6,18.85139722,4.7807773,1.37820624,-2.890224264,0.890135202,1.5,150,550,1.5,30,3.5,0.125,0,0.2442,0,0
5,16,raw,8.8,19.13164276,4.193240893,1.425523195,-2.98774978,0.780741519,1.5,150,550,1.5,30,3.5,0.125,0,0.2442,0,0
5,16,raw,9,19.4216065,3.585677388,1.475434831,-3.090590569,0.66761898,1.5,150,550,1.5,30,3.5,0.125,0,0.2442,0,0
5,16,raw,9.2,19.72181669,2.957004666,1.528034345,-3.198937275,0.550566107,1.5,150,550,1.5,30,3.5,0.125,0,0.2442,0,0
5,16,raw,9.4,20.03282023,2.306102478,1.583414935,-3.312980542,0.429374319,1.5,150,550,1.5,30,3.5,0.125,0,0.2442,0,0
5,16,raw,9.6,20.35518266,1.631812449,1.641669799,-3.432911012,0.303827937,1.5,150,550,1.5,30,3.5,0.125,0,0.2442,0,0
5,16,raw,9.8,20.68948815,0.932938073,1.702892135,-3.55891933,0.173704184,1.5,150,550,1.5,30,3.5,0.125,0,0.2442,0,0
5,16,raw,10,21.03633952,0.208244717,1.76717514,-3.691196139,0.038773183,1.5,150,550,1.5,30,3.5,0.125,0,0.2442,0,0
5,16,raw,10.2,21.39635821,-0.543540383,1.80009346,-3.758925497,-0.101202043,1.5,150,550,1.5,30,3.5,0.125,0,0.2442,0,0
1,1,raw,0,0.260417721,150.5454545,0.042882588,-0.145102688,75.27272725,2,200,800,0.6,28,6,1,0,0.5,0.1,0.1
1,1,raw,0.2,0.268994239,150.516434,0.043579803,-0.147464087,75.25821698,2,200,800,0.6,28,6,1,0,0.5,0.1,0.1
1,1,raw,0.4,0.277849642,150.4864689,0.044996307,-0.152261798,75.24323443,2,200,800,0.6,28,6,1,0,0.5,0.1,0.1
1,1,raw,0.6,0.286992761,150.4555292,0.046457678,-0.157211797,75.22776462,2,200,800,0.6,28,6,1,0,0.5,0.1,0.1
1,1,raw,0.8,0.296432714,150.4235841,0.047966005,-0.162321334,75.21179207,2,200,800,0.6,28,6,1,0,0.5,0.1,0.1
1,1,raw,1,0.306179163,150.3906007,0.049522344,-0.167593985,75.19530035,2,200,800,0.6,28,6,1,0,0.5,0.1,0.1
1,1,raw,1.2,0.316241651,150.3565466,0.051126852,-0.173030072,75.17827328,2,200,800,0.6,28,6,1,0,0.5,0.1,0.1
1,1,raw,1.4,0.326629904,150.3213887,0.052780875,-0.178634161,75.16069434,2,200,800,0.6,28,6,1,0,0.5,0.1,0.1
1,1,raw,1.6,0.337354001,150.2850929,0.05448618,-0.184412314,75.14254644,2,200,800,0.6,28,6,1,0,0.5,0.1,0.1
1,1,raw,1.8,0.348424376,150.2476238,0.056244536,-0.190370595,75.12381188,2,200,800,0.6,28,6,1,0,0.5,0.1,0.1
1,1,raw,2,0.359851815,150.2089447,0.058057708,-0.196515066,75.10447233,2,200,800,0.6,28,6,1,0,0.5,0.1,0.1
1,1,raw,2.2,0.371647459,150.1690177,0.059927464,-0.202851793,75.08450886,2,200,800,0.6,28,6,1,0,0.5,0.1,0.1
1,1,raw,2.4,0.383822801,150.1278039,0.061855571,-0.209386836,75.06390197,2,200,800,0.6,28,6,1,0,0.5,0.1,0.1
1,1,raw,2.6,0.396389688,150.085263,0.063843797,-0.21612626,75.0426315,2,200,800,0.6,28,6,1,0,0.5,0.1,0.1
1,1,raw,2.8,0.409360319,150.0413534,0.065893907,-0.223076129,75.02067671,2,200,800,0.6,28,6,1,0,0.5,0.1,0.1
1,1,raw,3,0.42274725,149.9960325,0.068007671,-0.230242504,74.99801627,2,200,800,0.6,28,6,1,0,0.5,0.1,0.1
1,1,raw,3.2,0.436563388,149.9492564,0.070186854,-0.237631451,74.97462821,2,200,800,0.6,28,6,1,0,0.5,0.1,0.1
1,1,raw,3.4,0.450821992,149.90098,0.072433223,-0.245249031,74.95048998,2,200,800,0.6,28,6,1,0,0.5,0.1,0.1
1,1,raw,3.6,0.465536677,149.8511568,0.074748546,-0.253101307,74.92557841,2,200,800,0.6,28,6,1,0,0.5,0.1,0.1
1,1,raw,3.8,0.48072141,149.7997394,0.077134591,-0.261194345,74.89986972,2,200,800,0.6,28,6,1,0,0.5,0.1,0.1
1,1,raw,4,0.496390513,149.7466791,0.079593123,-0.269534205,74.87333954,2,200,800,0.6,28,6,1,0,0.5,0.1,0.1
1,1,raw,4.2,0.51255866,149.6919258,0.08212591,-0.278126953,74.84596288,2,200,800,0.6,28,6,1,0,0.5,0.1,0.1
1,1,raw,4.4,0.529240877,149.6354283,0.08473472,-0.28697865,74.81771415,2,200,800,0.6,28,6,1,0,0.5,0.1,0.1
1,1,raw,4.6,0.546452548,149.5771343,0.087421319,-0.296095361,74.78856715,2,200,800,0.6,28,6,1,0,0.5,0.1,0.1
1,1,raw,4.8,0.564209405,149.5169902,0.090187475,-0.305483148,74.75849508,2,200,800,0.6,28,6,1,0,0.5,0.1,0.1
1,1,raw,5,0.582527538,149.454941,0.09303492,-0.315147975,74.72747052,2,200,800,0.6,28,6,1,0,0.5,0.1,0.1
1,1,raw,5.2,0.601423373,149.390931,0.095959802,-0.325079673,74.69546548,2,200,800,0.6,28,6,1,0,0.5,0.1,0.1
1,1,raw,5.4,0.620911459,149.3249092,0.098962236,-0.335279891,74.66245458,2,200,800,0.6,28,6,1,0,0.5,0.1,0.1
1,1,raw,5.6,0.641008267,149.256819,0.102053189,-0.345781992,74.6284095,2,200,800,0.6,28,6,1,0,0.5,0.1,0.1
1,1,raw,5.8,0.661732734,149.1865964,0.10523988,-0.356608442,74.59329819,2,200,800,0.6,28,6,1,0,0.5,0.1,0.1
1,1,raw,6,0.683104219,149.1141756,0.108524435,-0.367766916,74.55708781,2,200,800,0.6,28,6,1,0,0.5,0.1,0.1
1,1,raw,6.2,0.705142508,149.0394896,0.111908982,-0.379265094,74.5197448,2,200,800,0.6,28,6,1,0,0.5,0.1,0.1
1,1,raw,6.4,0.727867812,148.9624696,0.115395648,-0.391110654,74.4812348,2,200,800,0.6,28,6,1,0,0.5,0.1,0.1
1,1,raw,6.6,0.751300768,148.8830453,0.11898656,-0.403311273,74.44152267,2,200,800,0.6,28,6,1,0,0.5,0.1,0.1
1,1,raw,6.8,0.775462436,148.8011451,0.122683845,-0.415874629,74.40057254,2,200,800,0.6,28,6,1,0,0.5,0.1,0.1
1,1,raw,7,0.800374305,148.7166955,0.12648963,-0.428808401,74.35834775,2,200,800,0.6,28,6,1,0,0.5,0.1,0.1
1,1,raw,7.2,0.826058288,148.6296217,0.130406043,-0.442120267,74.31481086,2,200,800,0.6,28,6,1,0,0.5,0.1,0.1
1,1,raw,7.4,0.852536722,148.5398474,0.13443521,-0.455817903,74.26992369,2,200,800,0.6,28,6,1,0,0.5,0.1,0.1
1,1,raw,7.6,0.879832372,148.4472946,0.13857926,-0.46990899,74.22364728,2,200,800,0.6,28,6,1,0,0.5,0.1,0.1
1,1,raw,7.8,0.907968426,148.3518838,0.142840318,-0.484401204,74.17594189,2,200,800,0.6,28,6,1,0,0.5,0.1,0.1
1,1,raw,8,0.936968499,148.2535341,0.147220513,-0.499302223,74.12676704,2,200,800,0.6,28,6,1,0,0.5,0.1,0.1
1,1,raw,8.2,0.966856631,148.1521629,0.151721971,-0.514619726,74.07608145,2,200,800,0.6,28,6,1,0,0.5,0.1,0.1
1,1,raw,8.4,0.997657288,148.0476862,0.15634682,-0.53036139,74.02384309,2,200,800,0.6,28,6,1,0,0.5,0.1,0.1
1,1,raw,8.6,1.029395359,147.9400183,0.161097187,-0.546534894,73.97000917,2,200,800,0.6,28,6,1,0,0.5,0.1,0.1
1,1,raw,8.8,1.062096162,147.8290722,0.165975198,-0.563147916,73.91453612,2,200,800,0.6,28,6,1,0,0.5,0.1,0.1
1,1,raw,9,1.095785439,147.7147592,0.170982982,-0.580208133,73.85737959,2,200,800,0.6,28,6,1,0,0.5,0.1,0.1
1,1,raw,9.2,1.130489355,147.596989,0.176122666,-0.597723224,73.79849449,2,200,800,0.6,28,6,1,0,0.5,0.1,0.1
1,1,raw,9.4,1.166234505,147.4756699,0.181396375,-0.615700866,73.73783494,2,200,800,0.6,28,6,1,0,0.5,0.1,0.1
1,1,raw,9.6,1.203047905,147.3507086,0.186806239,-0.634148738,73.67535432,2,200,800,0.6,28,6,1,0,0.5,0.1,0.1
1,1,raw,9.8,1.240957,147.2220104,0.192354383,-0.653074517,73.6110052,2,200,800,0.6,28,6,1,0,0.5,0.1,0.1
1,1,raw,10,1.279989659,147.0894788,0.198042936,-0.672485882,73.54473941,2,200,800,0.6,28,6,1,0,0.5,0.1,0.1
1,1,raw,10.2,1.320174175,146.953016,0.203874024,-0.692390511,73.47650802,2,200,800,0.6,28,6,1,0,0.5,0.1,0.1
1,1,raw,10.4,1.361539268,146.8125226,0.209849774,-0.712796081,73.40626131,2,200,800,0.6,28,6,1,0,0.5,0.1,0.1
1,1,raw,10.6,1.404114085,146.6678976,0.215972314,-0.733710271,73.3339488,2,200,800,0.6,28,6,1,0,0.5,0.1,0.1
1,1,raw,10.8,1.447928194,146.5190385,0.222243771,-0.755140759,73.25951926,2,200,800,0.6,28,6,1,0,0.5,0.1,0.1
1,1,raw,11,1.493011593,146.3658413,0.228666272,-0.777095222,73.18292065,2,200,800,0.6,28,6,1,0,0.5,0.1,0.1
1,1,raw,11.2,1.539394703,146.2082004,0.235241944,-0.799581339,73.10410021,2,200,800,0.6,28,6,1,0,0.5,0.1,0.1
1,1,raw,11.4,1.587108371,146.0460088,0.241972915,-0.822606788,73.02300438,2,200,800,0.6,28,6,1,0,0.5,0.1,0.1
1,1,raw,11.6,1.636183869,145.8791577,0.248861311,-0.846179246,72.93957885,2,200,800,0.6,28,6,1,0,0.5,0.1,0.1
1,1,raw,11.8,1.686652895,145.7075371,0.25590926,-0.870306392,72.85376853,2,200,800,0.6,28,6,1,0,0.5,0.1,0.1
1,1,raw,12,1.738547573,145.5310352,0.263118889,-0.894995904,72.76551758,2,200,800,0.6,28,6,1,0,0.5,0.1,0.1
1,1,raw,12.2,1.791900451,145.3495387,0.270411522,-0.919995568,72.67476935,2,200,800,0.6,28,6,1,0,0.5,0.1,0.1
1,1,raw,12.4,1.846712182,145.1630369,0.277703315,-0.945037729,72.58151846,2,200,800,0.6,28,6,1,0,0.5,0.1,0.1
1,1,raw,12.6,1.902981777,144.9715236,0.285116104,-0.970517216,72.48576181,2,200,800,0.6,28,6,1,0,0.5,0.1,0.1
1,1,raw,12.8,1.960758624,144.77483,0.292773428,-0.996833363,72.38741502,2,200,800,0.6,28,6,1,0,0.5,0.1,0.1
1,1,raw,13,2.020091148,144.5727903,0.300669695,-1.023969489,72.28639514,2,200,800,0.6,28,6,1,0,0.5,0.1,0.1
1,1,raw,13.2,2.081026502,144.3652422,0.308798539,-1.051906415,72.18262112,2,200,800,0.6,28,6,1,0,0.5,0.1,0.1
1,1,raw,13.4,2.143610564,144.1520277,0.317153592,-1.080624965,72.07601385,2,200,800,0.6,28,6,1,0,0.5,0.1,0.1
1,1,raw,13.6,2.207887939,143.9329923,0.325728489,-1.110105961,71.96649613,2,200,800,0.6,28,6,1,0,0.5,0.1,0.1
1,1,raw,13.8,2.273901959,143.7079853,0.334516861,-1.140330224,71.85399266,2,200,800,0.6,28,6,1,0,0.5,0.1,0.1
1,1,raw,14,2.341694683,143.4768602,0.343512343,-1.171278577,71.73843008,2,200,800,0.6,28,6,1,0,0.5,0.1,0.1
1,1,raw,14.2,2.411306896,143.2394739,0.352708568,-1.202931843,71.61973694,2,200,800,0.6,28,6,1,0,0.5,0.1,0.1
1,1,raw,14.4,2.482778111,142.9956874,0.362099169,-1.235270843,71.49784371,2,200,800,0.6,28,6,1,0,0.5,0.1,0.1
1,1,raw,14.6,2.556146564,142.7453656,0.37167778,-1.2682764,71.37268278,2,200,800,0.6,28,6,1,0,0.5,0.1,0.1
1,1,raw,14.8,2.631449222,142.4883769,0.381438032,-1.301929336,71.24418843,2,200,800,0.6,28,6,1,0,0.5,0.1,0.1
1,1,raw,15,2.708721777,142.2245938,0.391373561,-1.336210474,71.11229691,2,200,800,0.6,28,6,1,0,0.5,0.1,0.1
1,1,raw,15.2,2.787998647,141.9538927,0.401477999,-1.371100635,70.97694634,2,200,800,0.6,28,6,1,0,0.5,0.1,0.1
1,1,raw,15.4,2.869312977,141.6761536,0.411744979,-1.406580642,70.83807678,2,200,800,0.6,28,6,1,0,0.5,0.1,0.1
1,1,raw,15.6,2.952696639,141.3912604,0.422168135,-1.442631317,70.69563021,2,200,800,0.6,28,6,1,0,0.5,0.1,0.1
1,1,raw,15.8,3.038180231,141.099101,0.4327411,-1.479233482,70.54955052,2,200,800,0.6,28,6,1,0,0.5,0.1,0.1
1,1,raw,16,3.125793079,140.799567,0.443457508,-1.516367961,70.39978351,2,200,800,0.6,28,6,1,0,0.5,0.1,0.1
1,1,raw,16.2,3.215563234,140.4925539,0.45431099,-1.554015574,70.24627693,2,200,800,0.6,28,6,1,0,0.5,0.1,0.1
1,1,raw,16.4,3.307517475,140.1779608,0.465295181,-1.592157144,70.0889804,2,200,800,0.6,28,6,1,0,0.5,0.1,0.1
1,1,raw,16.6,3.401681307,139.855691,0.476403715,-1.630773494,69.9278455,2,200,800,0.6,28,6,1,0,0.5,0.1,0.1
1,1,raw,16.8,3.498078961,139.5256514,0.487630223,-1.669845446,69.7628257,2,200,800,0.6,28,6,1,0,0.5,0.1,0.1
1,1,raw,17,3.596733396,139.1877528,0.498968341,-1.709353821,69.59387641,2,200,800,0.6,28,6,1,0,0.5,0.1,0.1
1,1,raw,17.2,3.697666297,138.8419099,0.5104117,-1.749279443,69.42095494,2,200,800,0.6,28,6,1,0,0.5,0.1,0.1
1,1,raw,17.4,3.800898076,138.488041,0.521953934,-1.789603134,69.24402052,2,200,800,0.6,28,6,1,0,0.5,0.1,0.1
1,1,raw,17.6,3.90644787,138.1260686,0.533588676,-1.830305715,69.06303431,2,200,800,0.6,28,6,1,0,0.5,0.1,0.1
1,1,raw,17.8,4.014333546,137.7559188,0.54530956,-1.871368009,68.87795938,2,200,800,0.6,28,6,1,0,0.5,0.1,0.1
1,1,raw,18,4.124571694,137.3775214,0.557110219,-1.912770839,68.68876071,2,200,800,0.6,28,6,1,0,0.5,0.1,0.1
1,1,raw,18.2,4.237177634,136.9908104,0.568984286,-1.954495026,68.49540521,2,200,800,0.6,28,6,1,0,0.5,0.1,0.1
1,1,raw,18.4,4.352165409,136.5957234,0.580925395,-1.996521393,68.2978617,2,200,800,0.6,28,6,1,0,0.5,0.1,0.1
1,1,raw,18.6,4.469547792,136.1922019,0.592927178,-2.038830762,68.09610093,2,200,800,0.6,28,6,1,0,0.5,0.1,0.1
1,1,raw,18.8,4.58933628,135.7801911,0.604983269,-2.081403955,67.89009555,2,200,800,0.6,28,6,1,0,0.5,0.1,0.1
1,1,raw,19,4.711541099,135.3596403,0.617087301,-2.124221795,67.67982014,2,200,800,0.6,28,6,1,0,0.5,0.1,0.1
1,1,raw,19.2,4.836171201,134.9305024,0.629232908,-2.167265104,67.46525119,2,200,800,0.6,28,6,1,0,0.5,0.1,0.1
1,1,raw,19.4,4.963234262,134.4927342,0.641413723,-2.210514704,67.24636712,2,200,800,0.6,28,6,1,0,0.5,0.1,0.1
1,1,raw,19.6,5.09273669,134.0462965,0.653623378,-2.253951418,67.02314825,2,200,800,0.6,28,6,1,0,0.5,0.1,0.1
1,1,raw,19.8,5.224683614,133.5911537,0.665855508,-2.297556067,66.79557684,2,200,800,0.6,28,6,1,0,0.5,0.1,0.1
1,1,raw,20,5.359078893,133.1272741,0.678103746,-2.341309474,66.56363704,2,200,800,0.6,28,6,1,0,0.5,0.1,0.1
1,1,raw,20.2,5.495925112,132.6546299,0.690361724,-2.385192461,66.32731494,2,200,800,0.6,28,6,1,0,0.5,0.1,0.1
1,1,raw,20.4,5.635223583,132.1731971,0.702623077,-2.429185851,66.08659855,2,200,800,0.6,28,6,1,0,0.5,0.1,0.1
1,1,raw,20.6,5.776974343,131.6829555,0.714881437,-2.473270465,65.84147777,2,200,800,0.6,28,6,1,0,0.5,0.1,0.1
1,1,raw,20.8,5.921176157,131.1838889,0.727136663,-2.517443562,65.59194445,2,200,800,0.6,28,6,1,0,0.5,0.1,0.1
1,1,raw,21,6.067829008,130.6759781,0.739501651,-2.561994845,65.33798906,2,200,800,0.6,28,6,1,0,0.5,0.1,0.1
1,1,raw,21.2,6.216976818,130.159091,0.75196108,-2.606859806,65.07954548,2,200,800,0.6,28,6,1,0,0.5,0.1,0.1
1,1,raw,21.4,6.36861344,129.6332342,0.764325231,-2.651515174,64.8166171,2,200,800,0.6,28,6,1,0,0.5,0.1,0.1
1,1,raw,21.6,6.52270691,129.0984849,0.776526505,-2.695773464,64.54924245,2,200,800,0.6,28,6,1,0,0.5,0.1,0.1
1,1,raw,21.8,6.679224042,128.5549248,0.788558782,-2.739611519,64.2774624,2,200,800,0.6,28,6,1,0,0.5,0.1,0.1
1,1,raw,22,6.838130423,128.0026403,0.800415941,-2.783006185,64.00132014,2,200,800,0.6,28,6,1,0,0.5,0.1,0.1
1,1,raw,22.2,6.999390418,127.4417223,0.812091862,-2.825934305,63.72086117,2,200,800,0.6,28,6,1,0,0.5,0.1,0.1
1,1,raw,22.4,7.162967168,126.8722666,0.823580426,-2.868372725,63.43613328,2,200,800,0.6,28,6,1,0,0.5,0.1,0.1
1,1,raw,22.6,7.328822589,126.2943732,0.834875511,-2.910298288,63.14718662,2,200,800,0.6,28,6,1,0,0.5,0.1,0.1
1,1,raw,22.8,7.496917372,125.7081473,0.845970998,-2.951687839,62.85407363,2,200,800,0.6,28,6,1,0,0.5,0.1,0.1
1,1,raw,23,7.667210988,125.1136981,0.856860767,-2.992518222,62.55684905,2,200,800,0.6,28,6,1,0,0.5,0.1,0.1
1,1,raw,23.2,7.839661679,124.51114,0.867538698,-3.032766281,62.25556998,2,200,800,0.6,28,6,1,0,0.5,0.1,0.1
1,1,raw,23.4,8.014226467,123.9005916,0.87799867,-3.072408861,61.9502958,2,200,800,0.6,28,6,1,0,0.5,0.1,0.1
1,1,raw,23.6,8.190861147,123.2821764,0.888234563,-3.111422807,61.64108821,2,200,800,0.6,28,6,1,0,0.5,0.1,0.1
1,1,raw,23.8,8.369520292,122.6560225,0.898240258,-3.149784962,61.32801124,2,200,800,0.6,28,6,1,0,0.5,0.1,0.1
1,1,raw,24,8.55015725,122.0222624,0.908009633,-3.187472171,61.01113122,2,200,800,0.6,28,6,1,0,0.5,0.1,0.1
1,1,raw,24.2,8.732724146,121.3810336,0.917536569,-3.224461279,60.6905168,2,200,800,0.6,28,6,1,0,0.5,0.1,0.1
1,1,raw,24.4,8.917171878,120.7324779,0.926814946,-3.260729129,60.36623896,2,200,800,0.6,28,6,1,0,0.5,0.1,0.1
1,1,raw,24.6,9.103450124,120.076742,0.935838644,-3.296252567,60.03837098,2,200,800,0.6,28,6,1,0,0.5,0.1,0.1
1,1,raw,24.8,9.291507336,119.4139769,0.944601542,-3.331008435,59.70698845,2,200,800,0.6,28,6,1,0,0.5,0.1,0.1
1,1,raw,25,9.481290741,118.7443386,0.95309752,-3.36497358,59.37216929,2,200,800,0.6,28,6,1,0,0.5,0.1,0.1
1,1,raw,25.2,9.672746343,118.0679875,0.961320458,-3.398124845,59.03399373,2,200,800,0.6,28,6,1,0,0.5,0.1,0.1
1,1,raw,25.4,9.865818924,117.3850886,0.969264237,-3.430439074,58.69254432,2,200,800,0.6,28,6,1,0,0.5,0.1,0.1
1,1,raw,25.6,10.06045204,116.6958118,0.976922735,-3.461893113,58.34790592,2,200,800,0.6,28,6,1,0,0.5,0.1,0.1
1,1,raw,25.8,10.25658802,116.0003314,0.984289833,-3.492463805,58.0001657,2,200,800,0.6,28,6,1,0,0.5,0.1,0.1
1,1,raw,26,10.45416797,115.2988263,0.99135941,-3.522127994,57.64941316,2,200,800,0.6,28,6,1,0,0.5,0.1,0.1
1,1,raw,26.2,10.65313178,114.5914802,0.998125347,-3.550862525,57.2957401,2,200,800,0.6,28,6,1,0,0.5,0.1,0.1
1,1,raw,26.4,10.85341811,113.8784813,1.004581524,-3.578644243,56.93924065,2,200,800,0.6,28,6,1,0,0.5,0.1,0.1
1,1,raw,26.6,11.05496439,113.1600225,1.010721819,-3.605449992,56.58001125,2,200,800,0.6,28,6,1,0,0.5,0.1,0.1
1,1,raw,26.8,11.25770684,112.4363013,1.016540113,-3.631256615,56.21815065,2,200,800,0.6,28,6,1,0,0.5,0.1,0.1
1,1,raw,27,11.46158044,111.7075199,1.022030287,-3.656040959,55.85375993,2,200,800,0.6,28,6,1,0,0.5,0.1,0.1
1,1,raw,27.2,11.66651895,110.9738849,1.027186219,-3.679779866,55.48694246,2,200,800,0.6,28,6,1,0,0.5,0.1,0.1
1,1,raw,27.4,11.87245492,110.2356079,1.032001789,-3.702450181,55.11780395,2,200,800,0.6,28,6,1,0,0.5,0.1,0.1
1,1,raw,27.6,12.07931967,109.4929048,1.036470878,-3.724028749,54.74645242,2,200,800,0.6,28,6,1,0,0.5,0.1,0.1
1,1,raw,27.8,12.28704328,108.7459964,1.040587366,-3.744492414,54.3729982,2,200,800,0.6,28,6,1,0,0.5,0.1,0.1
1,1,raw,28,12.49555461,107.9951079,1.044345131,-3.76381802,53.99755394,2,200,800,0.6,28,6,1,0,0.5,0.1,0.1
1,1,raw,28.2,12.70478133,107.2404692,1.047738054,-3.781982412,53.6202346,2,200,800,0.6,28,6,1,0,0.5,0.1,0.1
1,1,raw,28.4,12.91464984,106.4823149,1.050760016,-3.798962434,53.24115746,2,200,800,0.6,28,6,1,0,0.5,0.1,0.1
1,1,raw,28.6,13.12508533,105.7208842,1.053404895,-3.814734931,52.86044211,2,200,800,0.6,28,6,1,0,0.5,0.1,0.1
1,1,raw,28.8,13.33601179,104.9564209,1.055666572,-3.829276746,52.47821047,2,200,800,0.6,28,6,1,0,0.5,0.1,0.1
1,1,raw,29,13.54735196,104.1891735,1.057538926,-3.842564724,52.09458676,2,200,800,0.6,28,6,1,0,0.5,0.1,0.1
1,1,raw,29.2,13.75902736,103.4193951,1.059015837,-3.85457571,51.70969753,2,200,800,0.6,28,6,1,0,0.5,0.1,0.1
1,1,raw,29.4,13.9709583,102.6473432,1.060091186,-3.865286548,51.32367162,2,200,800,0.6,28,6,1,0,0.5,0.1,0.1
1,1,raw,29.6,14.18306384,101.8732804,1.060758851,-3.874674083,50.93664022,2,200,800,0.6,28,6,1,0,0.5,0.1,0.1
1,1,raw,29.8,14.39526184,101.0974736,1.061012714,-3.882715158,50.54873681,2,200,800,0.6,28,6,1,0,0.5,0.1,0.1
1,1,raw,30,14.60746892,100.3201944,1.060846653,-3.889386617,50.16009719,2,200,800,0.6,28,6,1,0,0.5,0.1,0.1
1,1,raw,30.2,14.8196005,99.54171896,1.060254549,-3.894665307,49.77085948,2,200,800,0.6,28,6,1,0,0.5,0.1,0.1
1,1,raw,30.4,15.03157074,98.76232825,1.059230281,-3.89852807,49.38116413,2,200,800,0.6,28,6,1,0,0.5,0.1,0.1
1,1,raw,30.6,15.24329261,97.98230774,1.057767729,-3.900951751,48.99115387,2,200,800,0.6,28,6,1,0,0.5,0.1,0.1
1,1,raw,30.8,15.45467784,97.20194755,1.055860774,-3.901913195,48.60097378,2,200,800,0.6,28,6,1,0,0.5,0.1,0.1
1,1,raw,31,15.66563692,96.42154246,1.053503295,-3.901389245,48.21077123,2,200,800,0.6,28,6,1,0,0.5,0.1,0.1
1,1,raw,31.2,15.87607915,95.64139185,1.050689171,-3.899356747,47.82069593,2,200,800,0.6,28,6,1,0,0.5,0.1,0.1
1,1,raw,31.4,16.08591259,94.86179976,1.047412284,-3.895792544,47.43089988,2,200,800,0.6,28,6,1,0,0.5,0.1,0.1
1,1,raw,31.6,16.29504407,94.08307484,1.043666512,-3.890673481,47.04153742,2,200,800,0.6,28,6,1,0,0.5,0.1,0.1
1,1,raw,31.8,16.50337919,93.30553037,1.039445735,-3.883976403,46.65276518,2,200,800,0.6,28,6,1,0,0.5,0.1,0.1
1,1,raw,32,16.71082236,92.52948427,1.034756847,-3.875724043,46.26474214,2,200,800,0.6,28,6,1,0,0.5,0.1,0.1
1,1,raw,32.2,16.91728193,91.75524075,1.02987058,-3.866848613,45.87762038,2,200,800,0.6,28,6,1,0,0.5,0.1,0.1
1,1,raw,32.4,17.12277059,90.98274483,1.025000076,-3.858030225,45.49137241,2,200,800,0.6,28,6,1,0,0.5,0.1,0.1
1,1,raw,32.6,17.32728196,90.21202866,1.020026561,-3.848793071,45.10601433,2,200,800,0.6,28,6,1,0,0.5,0.1,0.1
1,1,raw,32.8,17.53078122,89.4432276,1.014881098,-3.838886384,44.7216138,2,200,800,0.6,28,6,1,0,0.5,0.1,0.1
1,1,raw,33,17.7332344,88.67647411,1.009568091,-3.828324676,44.33823705,2,200,800,0.6,28,6,1,0,0.5,0.1,0.1
1,1,raw,33.2,17.93460845,87.91189773,1.004091946,-3.81712246,43.95594887,2,200,800,0.6,28,6,1,0,0.5,0.1,0.1
1,1,raw,33.4,18.13487118,87.14962512,0.998457066,-3.805294246,43.57481256,2,200,800,0.6,28,6,1,0,0.5,0.1,0.1
1,1,raw,33.6,18.33399128,86.38978003,0.992667857,-3.792854548,43.19489002,2,200,800,0.6,28,6,1,0,0.5,0.1,0.1
1,1,raw,33.8,18.53193832,85.6324833,0.986728722,-3.779817875,42.81624165,2,200,800,0.6,28,6,1,0,0.5,0.1,0.1
1,1,raw,34,18.72868277,84.87785288,0.980644067,-3.76619874,42.43892644,2,200,800,0.6,28,6,1,0,0.5,0.1,0.1
1,1,raw,34.2,18.92419595,84.12600381,0.974418296,-3.752011655,42.0630019,2,200,800,0.6,28,6,1,0,0.5,0.1,0.1
1,1,raw,34.4,19.11845009,83.37704822,0.968055813,-3.737271131,41.68852411,2,200,800,0.6,28,6,1,0,0.5,0.1,0.1
1,1,raw,34.6,19.31141828,82.63109536,0.961561023,-3.72199168,41.31554768,2,200,800,0.6,28,6,1,0,0.5,0.1,0.1
1,1,raw,34.8,19.5030745,81.88825155,0.95493833,-3.706187813,40.94412577,2,200,800,0.6,28,6,1,0,0.5,0.1,0.1
1,1,raw,35,19.69339361,81.14862023,0.948192139,-3.689874043,40.57431012,2,200,800,0.6,28,6,1,0,0.5,0.1,0.1
1,1,raw,35.2,19.88235135,80.41230193,0.941326855,-3.673064881,40.20615097,2,200,800,0.6,28,6,1,0,0.5,0.1,0.1
1,1,raw,35.4,20.06992435,79.67939428,0.934346882,-3.655774838,39.83969714,2,200,800,0.6,28,6,1,0,0.5,0.1,0.1
1,1,raw,35.6,20.2560901,78.949992,0.927256624,-3.638018427,39.474996,2,200,800,0.6,28,6,1,0,0.5,0.1,0.1
1,1,raw,35.8,20.440827,78.22418691,0.920060485,-3.619810159,39.11209345,2,200,800,0.6,28,6,1,0,0.5,0.1,0.1
1,1,raw,36,20.6241143,77.50206793,0.912762872,-3.601164546,38.75103397,2,200,800,0.6,28,6,1,0,0.5,0.1,0.1
1,1,raw,36.2,20.80593215,76.78372109,0.905368187,-3.582096099,38.39186054,2,200,800,0.6,28,6,1,0,0.5,0.1,0.1
1,1,raw,36.4,20.98626157,76.06922949,0.897880836,-3.56261933,38.03461475,2,200,800,0.6,28,6,1,0,0.5,0.1,0.1
1,1,raw,36.6,21.16508448,75.35867336,0.890305223,-3.542748751,37.67933668,2,200,800,0.6,28,6,1,0,0.5,0.1,0.1
1,1,raw,36.8,21.34238366,74.65212999,0.882645753,-3.522498873,37.326065,2,200,800,0.6,28,6,1,0,0.5,0.1,0.1
1,1,raw,37,21.51814278,73.94967381,0.874906829,-3.501884209,36.9748369,2,200,800,0.6,28,6,1,0,0.5,0.1,0.1
1,1,raw,37.2,21.69234639,73.25137631,0.867092857,-3.480919269,36.62568815,2,200,800,0.6,28,6,1,0,0.5,0.1,0.1
1,1,raw,37.4,21.86497993,72.5573061,0.859208241,-3.459618566,36.27865305,2,200,800,0.6,28,6,1,0,0.5,0.1,0.1
1,1,raw,37.6,22.03602969,71.86752888,0.851257386,-3.437996611,35.93376444,2,200,800,0.6,28,6,1,0,0.5,0.1,0.1
1,1,raw,37.8,22.20548288,71.18210746,0.843244696,-3.416067916,35.59105373,2,200,800,0.6,28,6,1,0,0.5,0.1,0.1
1,1,raw,38,22.37332757,70.50110172,0.835174576,-3.393846993,35.25055086,2,200,800,0.6,28,6,1,0,0.5,0.1,0.1
1,1,raw,38.2,22.53955271,69.82456866,0.827051429,-3.371348352,34.91228433,2,200,800,0.6,28,6,1,0,0.5,0.1,0.1
1,1,raw,38.4,22.70414814,69.15256238,0.818879661,-3.348586507,34.57628119,2,200,800,0.6,28,6,1,0,0.5,0.1,0.1
1,1,raw,38.6,22.86710458,68.48513406,0.810663677,-3.325575969,34.24256703,2,200,800,0.6,28,6,1,0,0.5,0.1,0.1
1,1,raw,38.8,23.02841361,67.82233199,0.80240788,-3.302331248,33.91116599,2,200,800,0.6,28,6,1,0,0.5,0.1,0.1
1,1,raw,39,23.18806773,67.16420156,0.794116676,-3.278866858,33.58210078,2,200,800,0.6,28,6,1,0,0.5,0.1,0.1
1,1,raw,39.2,23.34606028,66.51078525,0.785794468,-3.255197309,33.25539262,2,200,800,0.6,28,6,1,0,0.5,0.1,0.1
1,1,raw,39.4,23.50238551,65.86212263,0.777445661,-3.231337114,32.93106132,2,200,800,0.6,28,6,1,0,0.5,0.1,0.1
1,1,raw,39.6,23.65703855,65.2182504,0.76907466,-3.207300784,32.6091252,2,200,800,0.6,28,6,1,0,0.5,0.1,0.1
1,1,raw,39.8,23.81001538,64.57920232,0.76068587,-3.183102831,32.28960116,2,200,800,0.6,28,6,1,0,0.5,0.1,0.1
1,1,raw,40,23.96131289,63.94500927,0.752283694,-3.158757766,31.97250463,2,200,800,0.6,28,6,1,0,0.5,0.1,0.1
1,1,raw,40.2,24.11092886,63.31569921,0.743872537,-3.134280101,31.65784961,2,200,800,0.6,28,6,1,0,0.5,0.1,0.1
1,1,raw,40.4,24.25886191,62.69129723,0.735456805,-3.109684348,31.34564861,2,200,800,0.6,28,6,1,0,0.5,0.1,0.1
1,1,raw,40.6,24.40511158,62.07182547,0.7270409,-3.084985018,31.03591274,2,200,800,0.6,28,6,1,0,0.5,0.1,0.1
1,1,raw,40.8,24.54967827,61.45730322,0.718629229,-3.060196624,30.72865161,2,200,800,0.6,28,6,1,0,0.5,0.1,0.1
1,1,raw,41,24.69256327,60.84774682,0.710226195,-3.035333676,30.42387341,2,200,800,0.6,28,6,1,0,0.5,0.1,0.1
1,1,raw,41.2,24.83376875,60.24316975,0.701836202,-3.010410687,30.12158487,2,200,800,0.6,28,6,1,0,0.5,0.1,0.1
1,1,raw,41.4,24.97329775,59.64358255,0.693463656,-2.985442168,29.82179128,2,200,800,0.6,28,6,1,0,0.5,0.1,0.1
1,1,raw,41.6,25.11115421,59.04899288,0.685112961,-2.960442631,29.52449644,2,200,800,0.6,28,6,1,0,0.5,0.1,0.1
1,1,raw,41.8,25.24734294,58.4594055,0.676788522,-2.935426587,29.22970275,2,200,800,0.6,28,6,1,0,0.5,0.1,0.1
1,1,raw,42,25.38186962,57.87482225,0.668494742,-2.910408549,28.93741112,2,200,800,0.6,28,6,1,0,0.5,0.1,0.1
1,1,raw,42.2,25.51474083,57.29524208,0.660236027,-2.885403028,28.64762104,2,200,800,0.6,28,6,1,0,0.5,0.1,0.1
1,1,raw,42.4,25.64596403,56.72066104,0.652016781,-2.860424536,28.36033052,2,200,800,0.6,28,6,1,0,0.5,0.1,0.1
1,1,raw,42.6,25.77554754,56.15107226,0.643841408,-2.835487583,28.07553613,2,200,800,0.6,28,6,1,0,0.5,0.1,0.1
1,1,raw,42.8,25.90350059,55.586466,0.635714314,-2.810606683,27.793233,2,200,800,0.6,28,6,1,0,0.5,0.1,0.1
1,1,raw,43,26.02983327,55.02682959,0.627639901,-2.785796347,27.5134148,2,200,800,0.6,28,6,1,0,0.5,0.1,0.1
1,1,raw,43.2,26.15455655,54.47214746,0.619622576,-2.761071085,27.23607373,2,200,800,0.6,28,6,1,0,0.5,0.1,0.1
1,1,raw,43.4,26.2776823,53.92240116,0.611666743,-2.736445411,26.96120058,2,200,800,0.6,28,6,1,0,0.5,0.1,0.1
1,1,raw,43.6,26.39922325,53.3775693,0.603776805,-2.711933836,26.68878465,2,200,800,0.6,28,6,1,0,0.5,0.1,0.1
1,1,raw,43.8,26.51919302,52.83762762,0.595957168,-2.687550871,26.41881381,2,200,800,0.6,28,6,1,0,0.5,0.1,0.1
1,1,raw,44,26.63760612,52.30254895,0.588212236,-2.663311028,26.15127448,2,200,800,0.6,28,6,1,0,0.5,0.1,0.1
1,1,raw,44.2,26.75447792,51.77230321,0.580546414,-2.639228819,25.88615161,2,200,800,0.6,28,6,1,0,0.5,0.1,0.1
1,1,raw,44.4,26.86982468,51.24685742,0.572964106,-2.615318756,25.62342871,2,200,800,0.6,28,6,1,0,0.5,0.1,0.1
1,1,raw,44.6,26.98366356,50.72617571,0.565469717,-2.591595349,25.36308785,2,200,800,0.6,28,6,1,0,0.5,0.1,0.1
1,1,raw,44.8,27.09601257,50.21021928,0.55806765,-2.568073112,25.10510964,2,200,800,0.6,28,6,1,0,0.5,0.1,0.1
1,1,raw,45,27.20689062,49.69894646,0.550762312,-2.544766555,24.84947323,2,200,800,0.6,28,6,1,0,0.5,0.1,0.1
1,1,raw,45.2,27.31631749,49.19231266,0.543558105,-2.52169019,24.59615633,2,200,800,0.6,28,6,1,0,0.5,0.1,0.1
1,1,raw,45.4,27.42431386,48.69027039,0.536459436,-2.498858529,24.34513519,2,200,800,0.6,28,6,1,0,0.5,0.1,0.1
1,1,raw,45.6,27.53090127,48.19276925,0.529470707,-2.476286084,24.09638462,2,200,800,0.6,28,6,1,0,0.5,0.1,0.1
1,1,raw,45.8,27.63610214,47.69975595,0.522596324,-2.453987366,23.84987798,2,200,800,0.6,28,6,1,0,0.5,0.1,0.1
1,1,raw,46,27.7399398,47.2111743,0.515840692,-2.431976887,23.60558715,2,200,800,0.6,28,6,1,0,0.5,0.1,0.1
1,1,raw,46.2,27.84243842,46.7269652,0.509208214,-2.410269158,23.3634826,2,200,800,0.6,28,6,1,0,0.5,0.1,0.1
1,1,raw,46.4,27.94362308,46.24706664,0.502703296,-2.388878692,23.12353332,2,200,800,0.6,28,6,1,0,0.5,0.1,0.1
1,1,raw,46.6,28.04351974,45.77141372,0.496330341,-2.36782,22.88570686,2,200,800,0.6,28,6,1,0,0.5,0.1,0.1
1,1,raw,46.8,28.14215522,45.29993864,0.490093755,-2.347107594,22.64996932,2,200,800,0.6,28,6,1,0,0.5,0.1,0.1
1,1,raw,47,28.23955724,44.83257068,0.483997941,-2.326755985,22.41628534,2,200,800,0.6,28,6,1,0,0.5,0.1,0.1
1,1,raw,47.2,28.3357544,44.36923625,0.478046701,-2.306778113,22.18461812,2,200,800,0.6,28,6,1,0,0.5,0.1,0.1
1,1,raw,47.4,28.43077592,43.90985944,0.472195145,-2.287056931,21.95492972,2,200,800,0.6,28,6,1,0,0.5,0.1,0.1
1,1,raw,47.6,28.52463246,43.45441347,0.466376114,-2.267407247,21.72720674,2,200,800,0.6,28,6,1,0,0.5,0.1,0.1
1,1,raw,47.8,28.61732637,43.00289654,0.460584102,-2.247804723,21.50144827,2,200,800,0.6,28,6,1,0,0.5,0.1,0.1
1,1,raw,48,28.7088661,42.55529158,0.454834334,-2.228288006,21.27764579,2,200,800,0.6,28,6,1,0,0.5,0.1,0.1
1,1,raw,48.2,28.7992601,42.11158134,0.449126924,-2.208858136,21.05579067,2,200,800,0.6,28,6,1,0,0.5,0.1,0.1
1,1,raw,48.4,28.88851687,41.67174833,0.443461987,-2.189516152,20.83587416,2,200,800,0.6,28,6,1,0,0.5,0.1,0.1
1,1,raw,48.6,28.9766449,41.23577488,0.437839636,-2.170263093,20.61788744,2,200,800,0.6,28,6,1,0,0.5,0.1,0.1
1,1,raw,48.8,29.06365272,40.80364309,0.432259986,-2.1511,20.40182155,2,200,800,0.6,28,6,1,0,0.5,0.1,0.1
1,1,raw,49,29.14954889,40.37533488,0.426723152,-2.132027912,20.18766744,2,200,800,0.6,28,6,1,0,0.5,0.1,0.1
1,1,raw,49.2,29.23434198,39.95083193,0.421229248,-2.113047869,19.97541596,2,200,800,0.6,28,6,1,0,0.5,0.1,0.1
1,1,raw,49.4,29.31804059,39.53011573,0.415778388,-2.094160909,19.76505787,2,200,800,0.6,28,6,1,0,0.5,0.1,0.1
1,1,raw,49.6,29.40065334,39.11316756,0.410370686,-2.075368073,19.55658378,2,200,800,0.6,28,6,1,0,0.5,0.1,0.1
1,1,raw,49.8,29.48218886,38.6999685,0.405006257,-2.056670401,19.34998425,2,200,800,0.6,28,6,1,0,0.5,0.1,0.1
1,1,raw,50,29.56265584,38.2904994,0.399685216,-2.038068931,19.1452497,2,200,800,0.6,28,6,1,0,0.5,0.1,0.1
1,1,raw,50.2,29.64206295,37.88474093,0.394407676,-2.019564703,18.94237046,2,200,800,0.6,28,6,1,0,0.5,0.1,0.1
1,1,raw,50.4,29.72041891,37.48267352,0.389173751,-2.001158758,18.74133676,2,200,800,0.6,28,6,1,0,0.5,0.1,0.1
1,1,raw,50.6,29.79773245,37.08427743,0.383983558,-1.982852133,18.54213871,2,200,800,0.6,28,6,1,0,0.5,0.1,0.1
1,1,raw,50.8,29.87401233,36.68953267,0.378837208,-1.96464587,18.34476633,2,200,800,0.6,28,6,1,0,0.5,0.1,0.1
1,1,raw,51,29.94926733,36.29841908,0.373734818,-1.946541008,18.14920954,2,200,800,0.6,28,6,1,0,0.5,0.1,0.1
1,1,raw,51.2,30.02350626,35.91091627,0.368676501,-1.928538585,17.95545813,2,200,800,0.6,28,6,1,0,0.5,0.1,0.1
1,1,raw,51.4,30.09673793,35.52700364,0.363662372,-1.910639642,17.76350182,2,200,800,0.6,28,6,1,0,0.5,0.1,0.1
1,1,raw,51.6,30.16897121,35.14666041,0.358692544,-1.892845219,17.5733302,2,200,800,0.6,28,6,1,0,0.5,0.1,0.1
1,1,raw,51.8,30.24021495,34.76986556,0.353767133,-1.875156355,17.38493278,2,200,800,0.6,28,6,1,0,0.5,0.1,0.1
1,1,raw,52,30.31047806,34.39659787,0.348886253,-1.857574089,17.19829893,2,200,800,0.6,28,6,1,0,0.5,0.1,0.1
1,1,raw,52.2,30.37976945,34.02683592,0.344050018,-1.840099461,17.01341796,2,200,800,0.6,28,6,1,0,0.5,0.1,0.1
1,1,raw,52.4,30.44809807,33.66055808,0.339258542,-1.82273351,16.83027904,2,200,800,0.6,28,6,1,0,0.5,0.1,0.1
1,1,raw,52.6,30.51547287,33.29774252,0.33451194,-1.805477277,16.64887126,2,200,800,0.6,28,6,1,0,0.5,0.1,0.1
1,1,raw,52.8,30.58190284,32.93836717,0.329810326,-1.7883318,16.46918359,2,200,800,0.6,28,6,1,0,0.5,0.1,0.1
1,1,raw,53,30.647397,32.5824098,0.325153815,-1.77129812,16.2912049,2,200,800,0.6,28,6,1,0,0.5,0.1,0.1
1,1,raw,53.2,30.71196437,32.22984792,0.32054252,-1.754377275,16.11492396,2,200,800,0.6,28,6,1,0,0.5,0.1,0.1
1,1,raw,53.4,30.77561401,31.88065889,0.315976557,-1.737570306,15.94032944,2,200,800,0.6,28,6,1,0,0.5,0.1,0.1
1,1,raw,53.6,30.83835499,31.5348198,0.311456039,-1.720878252,15.7674099,2,200,800,0.6,28,6,1,0,0.5,0.1,0.1
1,1,raw,53.8,30.90019642,31.19230758,0.306981081,-1.704302153,15.59615379,2,200,800,0.6,28,6,1,0,0.5,0.1,0.1
1,1,raw,54,30.96114743,30.85309894,0.302551797,-1.687843048,15.42654947,2,200,800,0.6,28,6,1,0,0.5,0.1,0.1
1,1,raw,54.2,31.02121714,30.51717037,0.298168302,-1.671501976,15.25858518,2,200,800,0.6,28,6,1,0,0.5,0.1,0.1
1,1,raw,54.4,31.08041475,30.18449815,0.293830709,-1.655279977,15.09224908,2,200,800,0.6,28,6,1,0,0.5,0.1,0.1
1,1,raw,54.6,31.13874943,29.85505837,0.289539134,-1.639178092,14.92752919,2,200,800,0.6,28,6,1,0,0.5,0.1,0.1
1,1,raw,54.8,31.1962304,29.52882691,0.285293691,-1.623197359,14.76441346,2,200,800,0.6,28,6,1,0,0.5,0.1,0.1
1,1,raw,55,31.2528669,29.20577943,0.281094494,-1.607338818,14.60288972,2,200,800,0.6,28,6,1,0,0.5,0.1,0.1
1,1,raw,55.2,31.3086682,28.88589139,0.276941657,-1.591603508,14.44294569,2,200,800,0.6,28,6,1,0,0.5,0.1,0.1
1,1,raw,55.4,31.36364357,28.56913803,0.272835294,-1.575992469,14.28456901,2,200,800,0.6,28,6,1,0,0.5,0.1,0.1
1,1,raw,55.6,31.41780231,28.2554944,0.268775521,-1.560506741,14.1277472,2,200,800,0.6,28,6,1,0,0.5,0.1,0.1
1,1,raw,55.8,31.47115377,27.94493533,0.264762451,-1.545147364,13.97246767,2,200,800,0.6,28,6,1,0,0.5,0.1,0.1
1,1,raw,56,31.5237073,27.63743545,0.260796199,-1.529915376,13.81871773,2,200,800,0.6,28,6,1,0,0.5,0.1,0.1
1,1,raw,56.2,31.57547225,27.33296918,0.256876879,-1.514811817,13.66648459,2,200,800,0.6,28,6,1,0,0.5,0.1,0.1
1,1,raw,56.4,31.62645805,27.03151073,0.253004605,-1.499837728,13.51575536,2,200,800,0.6,28,6,1,0,0.5,0.1,0.1
1,1,raw,56.6,31.6766741,26.73303409,0.249179492,-1.484994147,13.36651705,2,200,800,0.6,28,6,1,0,0.5,0.1,0.1
1,1,raw,56.8,31.72612984,26.43751307,0.245401654,-1.470282114,13.21875653,2,200,800,0.6,28,6,1,0,0.5,0.1,0.1
1,1,raw,57,31.77483476,26.14492124,0.241671206,-1.455702669,13.07246062,2,200,800,0.6,28,6,1,0,0.5,0.1,0.1
1,1,raw,57.2,31.82279833,25.855232,0.237988261,-1.441256851,12.927616,2,200,800,0.6,28,6,1,0,0.5,0.1,0.1
1,1,raw,57.4,31.87003006,25.5684185,0.234352935,-1.426945699,12.78420925,2,200,800,0.6,28,6,1,0,0.5,0.1,0.1
1,1,raw,57.6,31.9165395,25.28445372,0.230765342,-1.412770254,12.64222686,2,200,800,0.6,28,6,1,0,0.5,0.1,0.1
1,1,raw,57.8,31.9623362,25.0033104,0.227225595,-1.398731555,12.5016552,2,200,800,0.6,28,6,1,0,0.5,0.1,0.1
1,1,raw,58,32.00742974,24.7249611,0.223733809,-1.384830642,12.36248055,2,200,800,0.6,28,6,1,0,0.5,0.1,0.1
1,1,raw,58.2,32.05182972,24.44937815,0.220290099,-1.371068554,12.22468907,2,200,800,0.6,28,6,1,0,0.5,0.1,0.1
1,1,raw,58.4,32.09554578,24.17653368,0.216894579,-1.35744633,12.08826684,2,200,800,0.6,28,6,1,0,0.5,0.1,0.1
1,1,raw,58.6,32.13858755,23.90639961,0.213547364,-1.34396501,11.95319981,2,200,800,0.6,28,6,1,0,0.5,0.1,0.1
1,1,raw,58.8,32.18096472,23.63894767,0.210248567,-1.330625634,11.81947384,2,200,800,0.6,28,6,1,0,0.5,0.1,0.1
1,1,raw,59,32.22268698,23.37414936,0.206998303,-1.317429242,11.68707468,2,200,800,0.6,28,6,1,0,0.5,0.1,0.1
1,1,raw,59.2,32.26376404,23.11197598,0.203796686,-1.304376872,11.55598799,2,200,800,0.6,28,6,1,0,0.5,0.1,0.1
1,1,raw,59.4,32.30420565,22.85239861,0.200643831,-1.291469565,11.42619931,2,200,800,0.6,28,6,1,0,0.5,0.1,0.1
1,1,raw,59.6,32.34402158,22.59538815,0.197539852,-1.27870836,11.29769407,2,200,800,0.6,28,6,1,0,0.5,0.1,0.1
1,1,raw,59.8,32.3832216,22.34091527,0.194484863,-1.266094296,11.17045763,2,200,800,0.6,28,6,1,0,0.5,0.1,0.1
1,1,raw,60,32.42181552,22.08895043,0.19147898,-1.253628414,11.04447522,2,200,800,0.6,28,6,1,0,0.5,0.1,0.1
1,1,raw,60.2,32.45981319,21.8394639,0.188522315,-1.241311752,10.91973195,2,200,800,0.6,28,6,1,0,0.5,0.1,0.1
1,1,raw,60.4,32.49722445,21.59242573,0.185614984,-1.229145351,10.79621287,2,200,800,0.6,28,6,1,0,0.5,0.1,0.1
1,1,raw,60.6,32.53405918,21.34780576,0.1827571,-1.21713025,10.67390288,2,200,800,0.6,28,6,1,0,0.5,0.1,0.1
1,1,raw,60.8,32.57032729,21.10557363,0.179948779,-1.205267488,10.55278682,2,200,800,0.6,28,6,1,0,0.5,0.1,0.1
1,1,raw,61,32.60603869,20.86569877,0.177190134,-1.193558105,10.43284938,2,200,800,0.6,28,6,1,0,0.5,0.1,0.1
1,1,raw,61.2,32.64120334,20.62815039,0.174481281,-1.18200314,10.31407519,2,200,800,0.6,28,6,1,0,0.5,0.1,0.1
1,1,raw,61.4,32.6758312,20.39289751,0.171822332,-1.170603634,10.19644875,2,200,800,0.6,28,6,1,0,0.5,0.1,0.1
1,1,raw,61.6,32.70993227,20.15990893,0.169213403,-1.159360626,10.07995447,2,200,800,0.6,28,6,1,0,0.5,0.1,0.1
1,1,raw,61.8,32.74351657,19.92915326,0.166654608,-1.148275155,9.96457663,2,200,800,0.6,28,6,1,0,0.5,0.1,0.1
1,1,raw,62,32.77659412,19.70059887,0.164146061,-1.13734826,9.850299437,2,200,800,0.6,28,6,1,0,0.5,0.1,0.1
1,1,raw,62.2,32.80917499,19.47421396,0.161687877,-1.126580982,9.737106978,2,200,800,0.6,28,6,1,0,0.5,0.1,0.1
1,1,raw,62.4,32.84126927,19.24996648,0.159280169,-1.11597436,9.62498324,2,200,800,0.6,28,6,1,0,0.5,0.1,0.1
1,1,raw,62.6,32.87288706,19.02782421,0.156923053,-1.105529434,9.513912106,2,200,800,0.6,28,6,1,0,0.5,0.1,0.1
1,1,raw,62.8,32.90403849,18.80775471,0.154616643,-1.095247243,9.403877353,2,200,800,0.6,28,6,1,0,0.5,0.1,0.1
1,1,raw,63,32.93473372,18.58972531,0.152361053,-1.085128826,9.294862657,2,200,800,0.6,28,6,1,0,0.5,0.1,0.1
1,1,raw,63.2,32.96498291,18.37370318,0.150156397,-1.075175224,9.186851588,2,200,800,0.6,28,6,1,0,0.5,0.1,0.1
1,1,raw,63.4,32.99479627,18.15965522,0.14800279,-1.065387476,9.079827612,2,200,800,0.6,28,6,1,0,0.5,0.1,0.1
1,1,raw,63.6,33.02418403,17.94754819,0.145900346,-1.055766621,8.973774093,2,200,800,0.6,28,6,1,0,0.5,0.1,0.1
1,1,raw,63.8,33.05315641,17.73734858,0.143849179,-1.046313698,8.868674288,2,200,800,0.6,28,6,1,0,0.5,0.1,0.1
1,1,raw,64,33.0817237,17.52902271,0.141849404,-1.037029749,8.764511353,2,200,800,0.6,28,6,1,0,0.5,0.1,0.1
1,1,raw,64.2,33.10989617,17.32253668,0.139901135,-1.027915812,8.661268338,2,200,800,0.6,28,6,1,0,0.5,0.1,0.1
1,1,raw,64.4,33.13768415,17.11785638,0.138004487,-1.018972926,8.558928191,2,200,800,0.6,28,6,1,0,0.5,0.1,0.1
1,1,raw,64.6,33.16509797,16.91494751,0.136159574,-1.010202131,8.457473753,2,200,800,0.6,28,6,1,0,0.5,0.1,0.1
1,1,raw,64.8,33.19214798,16.71377553,0.134366509,-1.001604468,8.356887765,2,200,800,0.6,28,6,1,0,0.5,0.1,0.1
1,1,raw,65,33.21884457,16.51430572,0.132625409,-0.993180974,8.25715286,2,200,800,0.6,28,6,1,0,0.5,0.1,0.1
1,1,raw,65.2,33.24519815,16.31650314,0.130936386,-0.984932691,8.15825157,2,200,800,0.6,28,6,1,0,0.5,0.1,0.1
1,1,raw,65.4,33.27121913,16.12033264,0.129299555,-0.976860657,8.060166322,2,200,800,0.6,28,6,1,0,0.5,0.1,0.1
1,1,raw,65.6,33.29691797,15.92575888,0.127715031,-0.968965912,7.962879438,2,200,800,0.6,28,6,1,0,0.5,0.1,0.1
1,1,raw,65.8,33.32230514,15.73274628,0.126182928,-0.961249496,7.866373139,2,200,800,0.6,28,6,1,0,0.5,0.1,0.1
1,1,raw,66,33.34739114,15.54125908,0.12470336,-0.953712448,7.770629539,2,200,800,0.6,28,6,1,0,0.5,0.1,0.1
1,1,raw,66.2,33.37218648,15.3512613,0.123276442,-0.946355808,7.675630649,2,200,800,0.6,28,6,1,0,0.5,0.1,0.1
1,1,raw,66.4,33.39670172,15.16271675,0.121902288,-0.939180616,7.581358377,2,200,800,0.6,28,6,1,0,0.5,0.1,0.1
1,1,raw,66.6,33.4209474,14.97558905,0.120581012,-0.93218791,7.487794526,2,200,800,0.6,28,6,1,0,0.5,0.1,0.1
1,1,raw,66.8,33.44493412,14.78984159,0.119312729,-0.92537873,7.394920795,2,200,800,0.6,28,6,1,0,0.5,0.1,0.1
1,1,raw,67,33.46867249,14.60543756,0.118097553,-0.918754117,7.30271878,2,200,800,0.6,28,6,1,0,0.5,0.1,0.1
1,1,raw,67.2,33.49217314,14.42233994,0.116935598,-0.91231511,7.211169972,2,200,800,0.6,28,6,1,0,0.5,0.1,0.1
1,1,raw,67.4,33.51544673,14.24051152,0.115826979,-0.906062747,7.120255758,2,200,800,0.6,28,6,1,0,0.5,0.1,0.1
1,1,raw,67.6,33.53850393,14.05991485,0.11477181,-0.899998069,7.029957423,2,200,800,0.6,28,6,1,0,0.5,0.1,0.1
1,1,raw,67.8,33.56135545,13.88051229,0.113770206,-0.894122116,6.940256144,2,200,800,0.6,28,6,1,0,0.5,0.1,0.1
1,1,raw,68,33.58401202,13.702266,0.11282228,-0.888435927,6.851132999,2,200,800,0.6,28,6,1,0,0.5,0.1,0.1
1,1,raw,68.2,33.60648437,13.52513792,0.111928148,-0.882940541,6.762568959,2,200,800,0.6,28,6,1,0,0.5,0.1,0.1
1,1,raw,68.4,33.62878327,13.34908978,0.111087923,-0.877636998,6.674544891,2,200,800,0.6,28,6,1,0,0.5,0.1,0.1
1,1,raw,68.6,33.65091954,13.17408312,0.110203073,-0.872152249,6.58704156,2,200,800,0.6,28,6,1,0,0.5,0.1,0.1
1,1,raw,68.8,33.6728645,13.00022888,0.109147371,-0.866018008,6.500114441,2,200,800,0.6,28,6,1,0,0.5,0.1,0.1
1,1,raw,69,33.69457848,12.82767592,0.107987961,-0.859504113,6.413837958,2,200,800,0.6,28,6,1,0,0.5,0.1,0.1
1,1,raw,69.2,33.71605969,12.65642724,0.106819809,-0.852975706,6.328213619,2,200,800,0.6,28,6,1,0,0.5,0.1,0.1
1,1,raw,69.4,33.73730641,12.48648563,0.105643259,-0.846433835,6.243242817,2,200,800,0.6,28,6,1,0,0.5,0.1,0.1
1,1,raw,69.6,33.75831699,12.3178537,0.104458627,-0.839879442,6.158926852,2,200,800,0.6,28,6,1,0,0.5,0.1,0.1
1,1,raw,69.8,33.77908986,12.15053386,0.103266227,-0.833313468,6.075266929,2,200,800,0.6,28,6,1,0,0.5,0.1,0.1
1,1,raw,70,33.79962348,11.98452832,0.102066375,-0.826736853,5.992264158,2,200,800,0.6,28,6,1,0,0.5,0.1,0.1
1,1,raw,70.2,33.81991641,11.81983912,0.100859385,-0.820150538,5.909919558,2,200,800,0.6,28,6,1,0,0.5,0.1,0.1
1,1,raw,70.4,33.83996724,11.6564681,0.099645572,-0.813555465,5.828234051,2,200,800,0.6,28,6,1,0,0.5,0.1,0.1
1,1,raw,70.6,33.85977464,11.49441693,0.098425252,-0.806952574,5.747208465,2,200,800,0.6,28,6,1,0,0.5,0.1,0.1
1,1,raw,70.8,33.87933734,11.33368707,0.09719874,-0.800342805,5.666843536,2,200,800,0.6,28,6,1,0,0.5,0.1,0.1
1,1,raw,71,33.89865413,11.17427981,0.09596635,-0.793727099,5.587139904,2,200,800,0.6,28,6,1,0,0.5,0.1,0.1
1,1,raw,71.2,33.91772388,11.01619623,0.094728397,-0.787106398,5.508098116,2,200,800,0.6,28,6,1,0,0.5,0.1,0.1
1,1,raw,71.4,33.93654549,10.85943725,0.093485198,-0.780481642,5.429718624,2,200,800,0.6,28,6,1,0,0.5,0.1,0.1
1,1,raw,71.6,33.95511796,10.70400358,0.092237065,-0.773853772,5.352001788,2,200,800,0.6,28,6,1,0,0.5,0.1,0.1
1,1,raw,71.8,33.97344032,10.54989574,0.090984316,-0.767223728,5.27494787,2,200,800,0.6,28,6,1,0,0.5,0.1,0.1
1,1,raw,72,33.99151168,10.39711408,0.089727264,-0.760592452,5.198557042,2,200,800,0.6,28,6,1,0,0.5,0.1,0.1
1,1,raw,72.2,34.00933122,10.24565876,0.088466225,-0.753960884,5.12282938,2,200,800,0.6,28,6,1,0,0.5,0.1,0.1
1,1,raw,72.4,34.02689817,10.09552973,0.087201514,-0.747329965,5.047764865,2,200,800,0.6,28,6,1,0,0.5,0.1,0.1
1,1,raw,72.6,34.04421183,9.946726773,0.085933445,-0.740700636,4.973363387,2,200,800,0.6,28,6,1,0,0.5,0.1,0.1
1,1,raw,72.8,34.06127155,9.799249476,0.084662334,-0.734073838,4.899624738,2,200,800,0.6,28,6,1,0,0.5,0.1,0.1
1,1,raw,73,34.07807676,9.653097238,0.083388496,-0.727450511,4.826548619,2,200,800,0.6,28,6,1,0,0.5,0.1,0.1
1,1,raw,73.2,34.09462695,9.508269271,0.082112246,-0.720831597,4.754134636,2,200,800,0.6,28,6,1,0,0.5,0.1,0.1
1,1,raw,73.4,34.11092166,9.364764599,0.080833899,-0.714218035,4.6823823,2,200,800,0.6,28,6,1,0,0.5,0.1,0.1
1,1,raw,73.6,34.12696051,9.222582057,0.07955377,-0.707610768,4.611291029,2,200,800,0.6,28,6,1,0,0.5,0.1,0.1
1,1,raw,73.8,34.14274317,9.081720292,0.078272174,-0.701010735,4.540860146,2,200,800,0.6,28,6,1,0,0.5,0.1,0.1
1,1,raw,74,34.15826938,8.942177763,0.076989425,-0.694418877,4.471088882,2,200,800,0.6,28,6,1,0,0.5,0.1,0.1
1,1,raw,74.2,34.17353894,8.803952741,0.07570584,-0.687836136,4.401976371,2,200,800,0.6,28,6,1,0,0.5,0.1,0.1
1,1,raw,74.4,34.18855171,8.667043309,0.074421733,-0.681263452,4.333521654,2,200,800,0.6,28,6,1,0,0.5,0.1,0.1
1,1,raw,74.6,34.20330763,8.531447361,0.073137419,-0.674701765,4.26572368,2,200,800,0.6,28,6,1,0,0.5,0.1,0.1
1,1,raw,74.8,34.21780668,8.397162603,0.071853213,-0.668152018,4.198581301,2,200,800,0.6,28,6,1,0,0.5,0.1,0.1
1,1,raw,75,34.23204892,8.264186554,0.07056943,-0.661615149,4.132093277,2,200,800,0.6,28,6,1,0,0.5,0.1,0.1
1,1,raw,75.2,34.24603445,8.132516543,0.069286385,-0.655092101,4.066258271,2,200,800,0.6,28,6,1,0,0.5,0.1,0.1
1,1,raw,75.4,34.25976347,8.002149713,0.068004393,-0.648583815,4.001074856,2,200,800,0.6,28,6,1,0,0.5,0.1,0.1
1,1,raw,75.6,34.27323621,7.873083017,0.06672377,-0.642091229,3.936541509,2,200,800,0.6,28,6,1,0,0.5,0.1,0.1
1,1,raw,75.8,34.28645298,7.745313221,0.06544483,-0.635615287,3.872656611,2,200,800,0.6,28,6,1,0,0.5,0.1,0.1
1,1,raw,76,34.29941414,7.618836902,0.064167888,-0.629156928,3.809418451,2,200,800,0.6,28,6,1,0,0.5,0.1,0.1
1,1,raw,76.2,34.31212013,7.49365045,0.06289326,-0.622717093,3.746825225,2,200,800,0.6,28,6,1,0,0.5,0.1,0.1
1,1,raw,76.4,34.32457145,7.369750065,0.061621259,-0.616296724,3.684875032,2,200,800,0.6,28,6,1,0,0.5,0.1,0.1
1,1,raw,76.6,34.33676864,7.24713176,0.060352203,-0.60989676,3.62356588,2,200,800,0.6,28,6,1,0,0.5,0.1,0.1
1,1,raw,76.8,34.34871233,7.125791361,0.059086404,-0.603518143,3.56289568,2,200,800,0.6,28,6,1,0,0.5,0.1,0.1
1,1,raw,77,34.3604032,7.005724503,0.057824179,-0.597161813,3.502862252,2,200,800,0.6,28,6,1,0,0.5,0.1,0.1
1,1,raw,77.2,34.371842,6.886926636,0.056565843,-0.590828712,3.443463318,2,200,800,0.6,28,6,1,0,0.5,0.1,0.1
1,1,raw,77.4,34.38302954,6.769393019,0.05531171,-0.584519779,3.384696509,2,200,800,0.6,28,6,1,0,0.5,0.1,0.1
1,1,raw,77.6,34.39396668,6.653118724,0.054062095,-0.578235957,3.326559362,2,200,800,0.6,28,6,1,0,0.5,0.1,0.1
1,1,raw,77.8,34.40465438,6.538098636,0.052817315,-0.571978185,3.269049318,2,200,800,0.6,28,6,1,0,0.5,0.1,0.1
1,1,raw,78,34.41509361,6.42432745,0.051577682,-0.565747404,3.212163725,2,200,800,0.6,28,6,1,0,0.5,0.1,0.1
1,1,raw,78.2,34.42528545,6.311799674,0.050343513,-0.559544556,3.155899837,2,200,800,0.6,28,6,1,0,0.5,0.1,0.1
1,1,raw,78.4,34.43523102,6.200509628,0.049115123,-0.553370581,3.100254814,2,200,800,0.6,28,6,1,0,0.5,0.1,0.1
1,1,raw,78.6,34.4449315,6.090451442,0.047892827,-0.54722642,3.045225721,2,200,800,0.6,28,6,1,0,0.5,0.1,0.1
1,1,raw,78.8,34.45438815,5.98161906,0.046676939,-0.541113013,2.99080953,2,200,800,0.6,28,6,1,0,0.5,0.1,0.1
1,1,raw,79,34.46360227,5.874006236,0.045467775,-0.535031302,2.937003118,2,200,800,0.6,28,6,1,0,0.5,0.1,0.1
1,1,raw,79.2,34.47257526,5.767606539,0.04426565,-0.528982227,2.883803269,2,200,800,0.6,28,6,1,0,0.5,0.1,0.1
1,1,raw,79.4,34.48130853,5.662413345,0.043070878,-0.522966729,2.831206673,2,200,800,0.6,28,6,1,0,0.5,0.1,0.1
1,1,raw,79.6,34.48980361,5.558419847,0.041883776,-0.516985749,2.779209923,2,200,800,0.6,28,6,1,0,0.5,0.1,0.1
1,1,raw,79.8,34.49806204,5.455619046,0.040704657,-0.511040228,2.727809523,2,200,800,0.6,28,6,1,0,0.5,0.1,0.1
1,1,raw,80,34.50608547,5.354003756,0.039533837,-0.505131106,2.677001878,2,200,800,0.6,28,6,1,0,0.5,0.1,0.1
1,1,raw,80.2,34.51387558,5.253566603,0.038371631,-0.499259324,2.626783302,2,200,800,0.6,28,6,1,0,0.5,0.1,0.1
1,1,raw,80.4,34.52143412,5.154300026,0.037218354,-0.493425824,2.577150013,2,200,800,0.6,28,6,1,0,0.5,0.1,0.1
1,1,raw,80.6,34.52876292,5.056196274,0.036074321,-0.487631545,2.528098137,2,200,800,0.6,28,6,1,0,0.5,0.1,0.1
1,1,raw,80.8,34.53586385,4.959247408,0.034939847,-0.481877429,2.479623704,2,200,800,0.6,28,6,1,0,0.5,0.1,0.1
1,1,raw,81,34.54273886,4.863445302,0.033815247,-0.476164416,2.431722651,2,200,800,0.6,28,6,1,0,0.5,0.1,0.1
1,1,raw,81.2,34.54938995,4.768781642,0.032700835,-0.470493448,2.384390821,2,200,800,0.6,28,6,1,0,0.5,0.1,0.1
1,1,raw,81.4,34.55581919,4.675247923,0.031596928,-0.464865464,2.337623962,2,200,800,0.6,28,6,1,0,0.5,0.1,0.1
1,1,raw,81.6,34.56202872,4.582835456,0.030503841,-0.459281407,2.291417728,2,200,800,0.6,28,6,1,0,0.5,0.1,0.1
1,1,raw,81.8,34.56802073,4.491535361,0.029421887,-0.453742216,2.24576768,2,200,800,0.6,28,6,1,0,0.5,0.1,0.1
1,1,raw,82,34.57379748,4.40133857,0.028351382,-0.448248832,2.200669285,2,200,800,0.6,28,6,1,0,0.5,0.1,0.1
1,1,raw,82.2,34.57936128,4.312235828,0.027292642,-0.442802197,2.156117914,2,200,800,0.6,28,6,1,0,0.5,0.1,0.1
1,1,raw,82.4,34.58471453,4.224217691,0.026245981,-0.437403251,2.112108845,2,200,800,0.6,28,6,1,0,0.5,0.1,0.1
1,1,raw,82.6,34.58985967,4.137274527,0.025211714,-0.432052934,2.068637264,2,200,800,0.6,28,6,1,0,0.5,0.1,0.1
1,1,raw,82.8,34.59479922,4.051396517,0.024190156,-0.426752189,2.025698259,2,200,800,0.6,28,6,1,0,0.5,0.1,0.1
1,1,raw,83,34.59953574,3.966573652,0.023181623,-0.421501955,1.983286826,2,200,800,0.6,28,6,1,0,0.5,0.1,0.1
1,1,raw,83.2,34.60407187,3.882795735,0.022186429,-0.416303173,1.941397868,2,200,800,0.6,28,6,1,0,0.5,0.1,0.1
1,1,raw,83.4,34.60841031,3.800052383,0.021204889,-0.411156784,1.900026191,2,200,800,0.6,28,6,1,0,0.5,0.1,0.1
1,1,raw,83.6,34.61255382,3.718333022,0.020237319,-0.406063728,1.859166511,2,200,800,0.6,28,6,1,0,0.5,0.1,0.1
1,1,raw,83.8,34.61650524,3.637626892,0.019284033,-0.401024948,1.818813446,2,200,800,0.6,28,6,1,0,0.5,0.1,0.1
1,1,raw,84,34.62026744,3.557923043,0.018345347,-0.396041383,1.778961521,2,200,800,0.6,28,6,1,0,0.5,0.1,0.1
1,1,raw,84.2,34.62384338,3.479210338,0.017421575,-0.391113974,1.739605169,2,200,800,0.6,28,6,1,0,0.5,0.1,0.1
1,1,raw,84.4,34.62723607,3.401477453,0.016513033,-0.386243662,1.700738727,2,200,800,0.6,28,6,1,0,0.5,0.1,0.1
1,1,raw,84.6,34.63044859,3.324712873,0.015620035,-0.381431388,1.662356437,2,200,800,0.6,28,6,1,0,0.5,0.1,0.1
1,1,raw,84.8,34.63348408,3.248904898,0.014742897,-0.376678093,1.624452449,2,200,800,0.6,28,6,1,0,0.5,0.1,0.1
1,1,raw,85,34.63634575,3.174041636,0.013881934,-0.371984717,1.587020818,2,200,800,0.6,28,6,1,0,0.5,0.1,0.1
1,1,raw,85.2,34.63903685,3.100111011,0.01303746,-0.367352202,1.550055505,2,200,800,0.6,28,6,1,0,0.5,0.1,0.1
1,1,raw,85.4,34.64156073,3.027100755,0.012209791,-0.362781487,1.513550378,2,200,800,0.6,28,6,1,0,0.5,0.1,0.1
1,1,raw,85.6,34.64392077,2.954998416,0.011399241,-0.358273514,1.477499208,2,200,800,0.6,28,6,1,0,0.5,0.1,0.1
1,1,raw,85.8,34.64612043,2.88379135,0.010606127,-0.353829224,1.441895675,2,200,800,0.6,28,6,1,0,0.5,0.1,0.1
1,1,raw,86,34.64816322,2.813466726,0.009830762,-0.349449558,1.406733363,2,200,800,0.6,28,6,1,0,0.5,0.1,0.1
1,1,raw,86.2,34.65005273,2.744011527,0.009073461,-0.345135455,1.372005763,2,200,800,0.6,28,6,1,0,0.5,0.1,0.1
1,1,raw,86.4,34.65179261,2.675412544,0.008334541,-0.340887858,1.337706272,2,200,800,0.6,28,6,1,0,0.5,0.1,0.1
1,1,raw,86.6,34.65338655,2.607656383,0.007614315,-0.336707706,1.303828192,2,200,800,0.6,28,6,1,0,0.5,0.1,0.1
1,1,raw,86.8,34.65483833,2.540729461,0.0069131,-0.332595942,1.270364731,2,200,800,0.6,28,6,1,0,0.5,0.1,0.1
1,1,raw,87,34.65615179,2.474618007,0.006231209,-0.328553504,1.237309003,2,200,800,0.6,28,6,1,0,0.5,0.1,0.1
1,1,raw,87.2,34.65733082,2.40930806,0.005568958,-0.324581335,1.20465403,2,200,800,0.6,28,6,1,0,0.5,0.1,0.1
1,1,raw,87.4,34.65837937,2.344785473,0.004926662,-0.320680375,1.172392736,2,200,800,0.6,28,6,1,0,0.5,0.1,0.1
1,1,raw,87.6,34.65930148,2.28103591,0.004304636,-0.316851564,1.140517955,2,200,800,0.6,28,6,1,0,0.5,0.1,0.1
1,1,raw,87.8,34.66010123,2.218044847,0.003703196,-0.313095845,1.109022424,2,200,800,0.6,28,6,1,0,0.5,0.1,0.1
1,1,raw,88,34.66078276,2.155797572,0.003122655,-0.309414156,1.077898786,2,200,800,0.6,28,6,1,0,0.5,0.1,0.1
1,1,raw,88.2,34.66135029,2.094279185,0.002563329,-0.30580744,1.047139592,2,200,800,0.6,28,6,1,0,0.5,0.1,0.1
1,1,raw,88.4,34.66180809,2.033474596,0.002025534,-0.302276637,1.016737298,2,200,800,0.6,28,6,1,0,0.5,0.1,0.1
1,1,raw,88.6,34.6621605,1.97336853,0.001509583,-0.298822688,0.986684265,2,200,800,0.6,28,6,1,0,0.5,0.1,0.1
1,1,raw,88.8,34.66241192,1.913945521,0.001015793,-0.295446533,0.95697276,2,200,800,0.6,28,6,1,0,0.5,0.1,0.1
1,1,raw,89,34.66256682,1.855189916,0.000544478,-0.292149114,0.927594958,2,200,800,0.6,28,6,1,0,0.5,0.1,0.1
1,1,raw,89.2,34.66262971,1.797085875,9.59529E-05,-0.288931371,0.898542938,2,200,800,0.6,28,6,1,0,0.5,0.1,0.1
1,1,raw,89.4,34.6626052,1.739617368,-0.000329467,-0.285794246,0.869808684,2,200,800,0.6,28,6,1,0,0.5,0.1,0.1
1,1,raw,89.6,34.66249793,1.682768177,-0.000731466,-0.282738678,0.841384088,2,200,800,0.6,28,6,1,0,0.5,0.1,0.1
1,1,raw,89.8,34.66231261,1.626521897,-0.00110973,-0.279765608,0.813260948,2,200,800,0.6,28,6,1,0,0.5,0.1,0.1
1,1,raw,90,34.66205404,1.570861934,-0.001463943,-0.276875978,0.785430967,2,200,800,0.6,28,6,1,0,0.5,0.1,0.1
1,1,raw,90.2,34.66172704,1.515771505,-0.001793792,-0.274070729,0.757885753,2,200,800,0.6,28,6,1,0,0.5,0.1,0.1
1,1,raw,90.4,34.66133652,1.461233642,-0.00209896,-0.2713508,0.730616821,2,200,800,0.6,28,6,1,0,0.5,0.1,0.1
1,1,raw,90.6,34.66088745,1.407231185,-0.002379132,-0.268717133,0.703615593,2,200,800,0.6,28,6,1,0,0.5,0.1,0.1
1,1,raw,90.8,34.66038487,1.353746789,-0.002633994,-0.266170669,0.676873394,2,200,800,0.6,28,6,1,0,0.5,0.1,0.1
1,1,raw,91,34.65983386,1.300762918,-0.00286323,-0.263712348,0.650381459,2,200,800,0.6,28,6,1,0,0.5,0.1,0.1
1,1,raw,91.2,34.65923957,1.24826185,-0.003066526,-0.261343111,0.624130925,2,200,800,0.6,28,6,1,0,0.5,0.1,0.1
1,1,raw,91.4,34.65860724,1.196225673,-0.003243566,-0.2590639,0.598112837,2,200,800,0.6,28,6,1,0,0.5,0.1,0.1
1,1,raw,91.6,34.65794215,1.14463629,-0.003394036,-0.256875654,0.572318145,2,200,800,0.6,28,6,1,0,0.5,0.1,0.1
1,1,raw,91.8,34.65724963,1.093475412,-0.00351762,-0.254779315,0.546737706,2,200,800,0.6,28,6,1,0,0.5,0.1,0.1
1,1,raw,92,34.6565351,1.042724564,-0.003614004,-0.252775823,0.521362282,2,200,800,0.6,28,6,1,0,0.5,0.1,0.1
1,1,raw,92.2,34.65580403,0.992365082,-0.003682872,-0.25086612,0.496182541,2,200,800,0.6,28,6,1,0,0.5,0.1,0.1
1,1,raw,92.4,34.65506195,0.942378116,-0.003723909,-0.249051146,0.471189058,2,200,800,0.6,28,6,1,0,0.5,0.1,0.1
1,1,raw,92.6,34.65431447,0.892744624,-0.0037368,-0.247331841,0.446372312,2,200,800,0.6,28,6,1,0,0.5,0.1,0.1
1,1,raw,92.8,34.65356723,0.843445379,-0.003721231,-0.245709147,0.42172269,2,200,800,0.6,28,6,1,0,0.5,0.1,0.1
1,1,raw,93,34.65282597,0.794460965,-0.003676886,-0.244184004,0.397230483,2,200,800,0.6,28,6,1,0,0.5,0.1,0.1
1,1,raw,93.2,34.65209648,0.745771778,-0.003603449,-0.242757354,0.372885889,2,200,800,0.6,28,6,1,0,0.5,0.1,0.1
1,1,raw,93.4,34.65138459,0.697358024,-0.003500608,-0.241430137,0.348679012,2,200,800,0.6,28,6,1,0,0.5,0.1,0.1
1,1,raw,93.6,34.65069623,0.649199723,-0.003368045,-0.240203293,0.324599861,2,200,800,0.6,28,6,1,0,0.5,0.1,0.1
1,1,raw,93.8,34.65003738,0.601276706,-0.003205446,-0.239077765,0.300638353,2,200,800,0.6,28,6,1,0,0.5,0.1,0.1
1,1,raw,94,34.64941406,0.553568617,-0.003012497,-0.238054491,0.276784309,2,200,800,0.6,28,6,1,0,0.5,0.1,0.1
1,1,raw,94.2,34.64883238,0.50605491,-0.002788881,-0.237134414,0.253027455,2,200,800,0.6,28,6,1,0,0.5,0.1,0.1
1,1,raw,94.4,34.6482985,0.458714852,-0.002534284,-0.236318474,0.229357426,2,200,800,0.6,28,6,1,0,0.5,0.1,0.1
1,1,raw,94.6,34.64781866,0.41152752,-0.002248392,-0.235607612,0.20576376,2,200,800,0.6,28,6,1,0,0.5,0.1,0.1
1,1,raw,94.8,34.64739915,0.364471807,-0.001930888,-0.235002768,0.182235903,2,200,800,0.6,28,6,1,0,0.5,0.1,0.1
1,1,raw,95,34.64704631,0.317526413,-0.001581458,-0.234504884,0.158763207,2,200,800,0.6,28,6,1,0,0.5,0.1,0.1
1,1,raw,95.2,34.64676656,0.270669854,-0.001199788,-0.234114899,0.135334927,2,200,800,0.6,28,6,1,0,0.5,0.1,0.1
1,1,raw,95.4,34.64656639,0.223880454,-0.000785561,-0.233833756,0.111940227,2,200,800,0.6,28,6,1,0,0.5,0.1,0.1
1,1,raw,95.6,34.64645234,0.177136351,-0.000338462,-0.233662395,0.088568175,2,200,800,0.6,28,6,1,0,0.5,0.1,0.1
1,1,raw,95.8,34.64643101,0.130415495,0.000141822,-0.233601757,0.065207748,2,200,800,0.6,28,6,1,0,0.5,0.1,0.1
1,1,raw,96,34.64650907,0.083695648,0.0003903,-0.233599236,0.041847824,2,200,800,0.6,28,6,1,0,0.5,0.1,0.1
1,2,raw,0,0.716112532,150.1789901,0.113201831,-0.223149496,100.1193267,2,200,800,0.6,28,6,1,0,0.5,0.1,0.1
1,2,raw,0.2,0.738752898,150.1343602,0.114923086,-0.226616137,100.0895735,2,200,800,0.6,28,6,1,0,0.5,0.1,0.1
1,2,raw,0.4,0.762081766,150.0883436,0.11841367,-0.23365125,100.0588958,2,200,800,0.6,28,6,1,0,0.5,0.1,0.1
1,2,raw,0.6,0.786118366,150.0408997,0.122001329,-0.240891849,100.0272665,2,200,800,0.6,28,6,1,0,0.5,0.1,0.1
1,2,raw,0.8,0.810882298,149.9919869,0.125688061,-0.248342514,99.99465794,2,200,800,0.6,28,6,1,0,0.5,0.1,0.1
1,2,raw,1,0.836393591,149.9415627,0.129476024,-0.256008819,99.9610418,2,200,800,0.6,28,6,1,0,0.5,0.1,0.1
1,2,raw,1.2,0.862672707,149.8895834,0.13336738,-0.263896392,99.92638892,2,200,800,0.6,28,6,1,0,0.5,0.1,0.1
1,2,raw,1.4,0.889740543,149.8360041,0.137364297,-0.272010863,99.89066943,2,200,800,0.6,28,6,1,0,0.5,0.1,0.1
1,2,raw,1.6,0.917618426,149.780779,0.141468938,-0.280357859,99.85385269,2,200,800,0.6,28,6,1,0,0.5,0.1,0.1
1,2,raw,1.8,0.946328118,149.723861,0.145683469,-0.288943008,99.81590733,2,200,800,0.6,28,6,1,0,0.5,0.1,0.1
1,2,raw,2,0.975891814,149.6652018,0.150010056,-0.297771941,99.77680122,2,200,800,0.6,28,6,1,0,0.5,0.1,0.1
1,2,raw,2.2,1.00633214,149.6047522,0.154450863,-0.306850285,99.73650148,2,200,800,0.6,28,6,1,0,0.5,0.1,0.1
1,2,raw,2.4,1.037672159,149.5424617,0.159008055,-0.316183668,99.69497448,2,200,800,0.6,28,6,1,0,0.5,0.1,0.1
1,2,raw,2.6,1.069935362,149.4782788,0.163676697,-0.325771233,99.65218583,2,200,800,0.6,28,6,1,0,0.5,0.1,0.1
1,2,raw,2.8,1.103142838,149.4121532,0.168444201,-0.335604987,99.60810215,2,200,800,0.6,28,6,1,0,0.5,0.1,0.1
1,2,raw,3,1.137313043,149.3440368,0.173325788,-0.345702506,99.56269117,2,200,800,0.6,28,6,1,0,0.5,0.1,0.1
1,2,raw,3.2,1.172473153,149.2738722,0.178344438,-0.356089065,99.51591481,2,200,800,0.6,28,6,1,0,0.5,0.1,0.1
1,2,raw,3.4,1.208650818,149.2016011,0.183501449,-0.366770454,99.46773409,2,200,800,0.6,28,6,1,0,0.5,0.1,0.1
1,2,raw,3.6,1.245873733,149.127164,0.188797055,-0.377751498,99.41810936,2,200,800,0.6,28,6,1,0,0.5,0.1,0.1
1,2,raw,3.8,1.28416964,149.0505005,0.194231489,-0.389037018,99.36700035,2,200,800,0.6,28,6,1,0,0.5,0.1,0.1
1,2,raw,4,1.323566328,148.9715492,0.199804982,-0.400631837,99.31436615,2,200,800,0.6,28,6,1,0,0.5,0.1,0.1
1,2,raw,4.2,1.364091633,148.8902478,0.205517769,-0.412540777,99.2601652,2,200,800,0.6,28,6,1,0,0.5,0.1,0.1
1,2,raw,4.4,1.405773436,148.8065329,0.211370081,-0.424768663,99.20435528,2,200,800,0.6,28,6,1,0,0.5,0.1,0.1
1,2,raw,4.6,1.448639665,148.7203403,0.217362153,-0.437320315,99.14689355,2,200,800,0.6,28,6,1,0,0.5,0.1,0.1
1,2,raw,4.8,1.492718297,148.6316048,0.223494216,-0.450200558,99.08773653,2,200,800,0.6,28,6,1,0,0.5,0.1,0.1
1,2,raw,5,1.538037352,148.5402601,0.229766503,-0.463414213,99.02684007,2,200,800,0.6,28,6,1,0,0.5,0.1,0.1
1,2,raw,5.2,1.584624898,148.4462391,0.236179248,-0.476966104,98.96415941,2,200,800,0.6,28,6,1,0,0.5,0.1,0.1
1,2,raw,5.4,1.632509051,148.3494737,0.242732683,-0.490861052,98.89964911,2,200,800,0.6,28,6,1,0,0.5,0.1,0.1
1,2,raw,5.6,1.681717971,148.2498947,0.249427042,-0.505103882,98.83326313,2,200,800,0.6,28,6,1,0,0.5,0.1,0.1
1,2,raw,5.8,1.732279867,148.1474321,0.256262556,-0.519699415,98.76495474,2,200,800,0.6,28,6,1,0,0.5,0.1,0.1
1,2,raw,6,1.784222994,148.0420149,0.263239459,-0.534652475,98.69467661,2,200,800,0.6,28,6,1,0,0.5,0.1,0.1
1,2,raw,6.2,1.837575651,147.9335711,0.270357984,-0.549967883,98.62238075,2,200,800,0.6,28,6,1,0,0.5,0.1,0.1
1,2,raw,6.4,1.892366187,147.8220278,0.277618364,-0.565650463,98.54801851,2,200,800,0.6,28,6,1,0,0.5,0.1,0.1
1,2,raw,6.6,1.948622997,147.7073109,0.28502083,-0.581705037,98.47154063,2,200,800,0.6,28,6,1,0,0.5,0.1,0.1
1,2,raw,6.8,2.006374519,147.5893458,0.292565618,-0.598136429,98.39289717,2,200,800,0.6,28,6,1,0,0.5,0.1,0.1
1,2,raw,7,2.065649244,147.4680564,0.300252958,-0.61494946,98.31203758,2,200,800,0.6,28,6,1,0,0.5,0.1,0.1
1,2,raw,7.2,2.126475703,147.343366,0.308083084,-0.632148954,98.22891065,2,200,800,0.6,28,6,1,0,0.5,0.1,0.1
1,2,raw,7.4,2.188882477,147.2151968,0.316056229,-0.649739733,98.14346452,2,200,800,0.6,28,6,1,0,0.5,0.1,0.1
1,2,raw,7.6,2.252898194,147.0834701,0.324172626,-0.667726621,98.05564672,2,200,800,0.6,28,6,1,0,0.5,0.1,0.1
1,2,raw,7.8,2.318551528,146.9481061,0.332432508,-0.686114438,97.96540409,2,200,800,0.6,28,6,1,0,0.5,0.1,0.1
1,2,raw,8,2.385871197,146.8090243,0.340836107,-0.70490801,97.87268287,2,200,800,0.6,28,6,1,0,0.5,0.1,0.1
1,2,raw,8.2,2.45488597,146.6661429,0.349383656,-0.724112157,97.77742862,2,200,800,0.6,28,6,1,0,0.5,0.1,0.1
1,2,raw,8.4,2.52562466,146.5193794,0.358075388,-0.743731703,97.67958629,2,200,800,0.6,28,6,1,0,0.5,0.1,0.1
1,2,raw,8.6,2.598116125,146.3686503,0.366911537,-0.763771471,97.57910017,2,200,800,0.6,28,6,1,0,0.5,0.1,0.1
1,2,raw,8.8,2.672389274,146.2138709,0.375834493,-0.78413776,97.4759139,2,200,800,0.6,28,6,1,0,0.5,0.1,0.1
1,2,raw,9,2.748449923,146.0549951,0.384707487,-0.804605863,97.36999677,2,200,800,0.6,28,6,1,0,0.5,0.1,0.1
1,2,raw,9.2,2.826272269,145.8920285,0.393615462,-0.825333174,97.26135234,2,200,800,0.6,28,6,1,0,0.5,0.1,0.1
1,2,raw,9.4,2.905896107,145.7248619,0.402725712,-0.846614581,97.14990792,2,200,800,0.6,28,6,1,0,0.5,0.1,0.1
1,2,raw,9.6,2.987362554,145.5533827,0.412035509,-0.868451889,97.03558845,2,200,800,0.6,28,6,1,0,0.5,0.1,0.1
1,2,raw,9.8,3.070710311,145.3774811,0.421532792,-0.890830911,96.91832075,2,200,800,0.6,28,6,1,0,0.5,0.1,0.1
1,2,raw,10,3.155975671,145.1970503,0.431205498,-0.91373746,96.79803354,2,200,800,0.6,28,6,1,0,0.5,0.1,0.1
1,2,raw,10.2,3.243192511,145.0119861,0.441041567,-0.93715735,96.67465743,2,200,800,0.6,28,6,1,0,0.5,0.1,0.1
1,2,raw,10.4,3.332392298,144.8221874,0.451028938,-0.961076393,96.54812491,2,200,800,0.6,28,6,1,0,0.5,0.1,0.1
1,2,raw,10.6,3.423604086,144.6275556,0.461155547,-0.985480403,96.41837039,2,200,800,0.6,28,6,1,0,0.5,0.1,0.1
1,2,raw,10.8,3.516854517,144.4279952,0.471409335,-1.010355192,96.28533014,2,200,800,0.6,28,6,1,0,0.5,0.1,0.1
1,2,raw,11,3.61216782,144.2234135,0.48177824,-1.035686573,96.14894234,2,200,800,0.6,28,6,1,0,0.5,0.1,0.1
1,2,raw,11.2,3.709565813,144.0137206,0.492250201,-1.06146036,96.00914705,2,200,800,0.6,28,6,1,0,0.5,0.1,0.1
1,2,raw,11.4,3.8090679,143.7988294,0.502813155,-1.087662366,95.86588624,2,200,800,0.6,28,6,1,0,0.5,0.1,0.1
1,2,raw,11.6,3.910691075,143.5786556,0.513455042,-1.114278403,95.71910375,2,200,800,0.6,28,6,1,0,0.5,0.1,0.1
1,2,raw,11.8,4.014449917,143.353118,0.5241638,-1.141294284,95.56874533,2,200,800,0.6,28,6,1,0,0.5,0.1,0.1
1,2,raw,12,4.120356595,143.1221379,0.534927368,-1.168695823,95.41475861,2,200,800,0.6,28,6,1,0,0.5,0.1,0.1
1,2,raw,12.2,4.228420864,142.8856397,0.545733684,-1.196468833,95.25709311,2,200,800,0.6,28,6,1,0,0.5,0.1,0.1
1,2,raw,12.4,4.338650068,142.6435504,0.556570687,-1.224599126,95.09570026,2,200,800,0.6,28,6,1,0,0.5,0.1,0.1
1,2,raw,12.6,4.451049139,142.3958,0.567426315,-1.253072516,94.93053335,2,200,800,0.6,28,6,1,0,0.5,0.1,0.1
1,2,raw,12.8,4.565620595,142.1423214,0.578288508,-1.281874816,94.76154759,2,200,800,0.6,28,6,1,0,0.5,0.1,0.1
1,2,raw,13,4.682364542,141.8830501,0.589145203,-1.310991839,94.58870006,2,200,800,0.6,28,6,1,0,0.5,0.1,0.1
1,2,raw,13.2,4.801278676,141.6179246,0.59998434,-1.340409397,94.41194976,2,200,800,0.6,28,6,1,0,0.5,0.1,0.1
1,2,raw,13.4,4.922358278,141.3468863,0.610793856,-1.370113304,94.23125756,2,200,800,0.6,28,6,1,0,0.5,0.1,0.1
1,2,raw,13.6,5.045596218,141.0698793,0.62156169,-1.400089373,94.04658621,2,200,800,0.6,28,6,1,0,0.5,0.1,0.1
1,2,raw,13.8,5.170982954,140.7868506,0.632275782,-1.430323417,93.85790039,2,200,800,0.6,28,6,1,0,0.5,0.1,0.1
1,2,raw,14,5.298506531,140.49775,0.642924069,-1.460801248,93.66516664,2,200,800,0.6,28,6,1,0,0.5,0.1,0.1
1,2,raw,14.2,5.428152581,140.2025301,0.65349449,-1.491508681,93.46835339,2,200,800,0.6,28,6,1,0,0.5,0.1,0.1
1,2,raw,14.4,5.559904327,139.9011465,0.663974984,-1.522431528,93.26743099,2,200,800,0.6,28,6,1,0,0.5,0.1,0.1
1,2,raw,14.6,5.693742575,139.5935575,0.674353489,-1.553555601,93.06237165,2,200,800,0.6,28,6,1,0,0.5,0.1,0.1
1,2,raw,14.8,5.829645722,139.2797242,0.684617944,-1.584866714,92.85314949,2,200,800,0.6,28,6,1,0,0.5,0.1,0.1
1,2,raw,15,5.967589753,138.9596108,0.694756287,-1.616350681,92.63974053,2,200,800,0.6,28,6,1,0,0.5,0.1,0.1
1,2,raw,15.2,6.107548237,138.633184,0.704756458,-1.647993314,92.42212265,2,200,800,0.6,28,6,1,0,0.5,0.1,0.1
1,2,raw,15.4,6.249492336,138.3004135,0.714606394,-1.679780425,92.20027564,2,200,800,0.6,28,6,1,0,0.5,0.1,0.1
1,2,raw,15.6,6.393390795,137.9612718,0.724294034,-1.711697829,91.9741812,2,200,800,0.6,28,6,1,0,0.5,0.1,0.1
1,2,raw,15.8,6.539209949,137.6157343,0.733807317,-1.743731338,91.74382289,2,200,800,0.6,28,6,1,0,0.5,0.1,0.1
1,2,raw,16,6.686913721,137.2637793,0.743134181,-1.775866765,91.50918618,2,200,800,0.6,28,6,1,0,0.5,0.1,0.1
1,2,raw,16.2,6.836463621,136.9053876,0.752262565,-1.808089923,91.27025842,2,200,800,0.6,28,6,1,0,0.5,0.1,0.1
1,2,raw,16.4,6.987818747,136.5405433,0.761180408,-1.840386626,91.02702886,2,200,800,0.6,28,6,1,0,0.5,0.1,0.1
1,2,raw,16.6,7.140935784,136.169233,0.769875647,-1.872742685,90.77948865,2,200,800,0.6,28,6,1,0,0.5,0.1,0.1
1,2,raw,16.8,7.295769006,135.7914462,0.778336223,-1.905143915,90.52763081,2,200,800,0.6,28,6,1,0,0.5,0.1,0.1
1,2,raw,17,7.452270273,135.4071754,0.786550072,-1.937576129,90.27145027,2,200,800,0.6,28,6,1,0,0.5,0.1,0.1
1,2,raw,17.2,7.610389035,135.0164158,0.794505134,-1.970025138,90.01094385,2,200,800,0.6,28,6,1,0,0.5,0.1,0.1
1,2,raw,17.4,7.770072327,134.6191654,0.802189348,-2.002476757,89.74611024,2,200,800,0.6,28,6,1,0,0.5,0.1,0.1
1,2,raw,17.6,7.931264774,134.2154251,0.809676111,-2.035024267,89.47695004,2,200,800,0.6,28,6,1,0,0.5,0.1,0.1
1,2,raw,17.8,8.093942772,133.8051556,0.817382299,-2.068165819,89.2034371,2,200,800,0.6,28,6,1,0,0.5,0.1,0.1
1,2,raw,18,8.258217694,133.3881587,0.825199481,-2.101694941,88.92543916,2,200,800,0.6,28,6,1,0,0.5,0.1,0.1
1,2,raw,18.2,8.424022564,132.9644777,0.832612089,-2.134910349,88.64298511,2,200,800,0.6,28,6,1,0,0.5,0.1,0.1
1,2,raw,18.4,8.591262529,132.5341946,0.83955379,-2.167712316,88.35612973,2,200,800,0.6,28,6,1,0,0.5,0.1,0.1
1,2,raw,18.6,8.75984408,132.0973927,0.846031302,-2.200095456,88.0649285,2,200,800,0.6,28,6,1,0,0.5,0.1,0.1
1,2,raw,18.8,8.92967505,131.6541564,0.852051347,-2.232054381,87.76943761,2,200,800,0.6,28,6,1,0,0.5,0.1,0.1
1,2,raw,19,9.100664619,131.204571,0.857620641,-2.263583706,87.469714,2,200,800,0.6,28,6,1,0,0.5,0.1,0.1
1,2,raw,19.2,9.272723307,130.7487229,0.862745906,-2.294678045,87.16581529,2,200,800,0.6,28,6,1,0,0.5,0.1,0.1
1,2,raw,19.4,9.445762981,130.2866998,0.867433859,-2.325332011,86.85779985,2,200,800,0.6,28,6,1,0,0.5,0.1,0.1
1,2,raw,19.6,9.61969685,129.8185901,0.871691221,-2.355540218,86.54572675,2,200,800,0.6,28,6,1,0,0.5,0.1,0.1
1,2,raw,19.8,9.794439469,129.3444837,0.87552471,-2.385297281,86.22965579,2,200,800,0.6,28,6,1,0,0.5,0.1,0.1
1,2,raw,20,9.969906735,128.8644712,0.878941047,-2.414597813,85.90964748,2,200,800,0.6,28,6,1,0,0.5,0.1,0.1
1,2,raw,20.2,10.14601589,128.3786446,0.881946949,-2.443436427,85.58576304,2,200,800,0.6,28,6,1,0,0.5,0.1,0.1
1,2,raw,20.4,10.32268551,127.8870966,0.884549136,-2.471807738,85.25806443,2,200,800,0.6,28,6,1,0,0.5,0.1,0.1
1,2,raw,20.6,10.49983554,127.3899215,0.886754328,-2.499706359,84.92661431,2,200,800,0.6,28,6,1,0,0.5,0.1,0.1
1,2,raw,20.8,10.67738725,126.8872141,0.888569243,-2.527126904,84.59147607,2,200,800,0.6,28,6,1,0,0.5,0.1,0.1
1,2,raw,21,10.85526324,126.3790707,0.890000601,-2.554063988,84.2527138,2,200,800,0.6,28,6,1,0,0.5,0.1,0.1
1,2,raw,21.2,11.03338749,125.8655885,0.891055122,-2.580512223,83.91039234,2,200,800,0.6,28,6,1,0,0.5,0.1,0.1
1,2,raw,21.4,11.21168529,125.3468658,0.891739524,-2.606466224,83.56457721,2,200,800,0.6,28,6,1,0,0.5,0.1,0.1
1,2,raw,21.6,11.3900833,124.823002,0.892060526,-2.631920605,83.21533468,2,200,800,0.6,28,6,1,0,0.5,0.1,0.1
1,2,raw,21.8,11.5685095,124.2940976,0.892024849,-2.656869979,82.86273172,2,200,800,0.6,28,6,1,0,0.5,0.1,0.1
1,2,raw,22,11.74689323,123.760254,0.89163921,-2.68130896,82.50683602,2,200,800,0.6,28,6,1,0,0.5,0.1,0.1
1,2,raw,22.2,11.92516518,123.221574,0.89091033,-2.705232161,82.14771599,2,200,800,0.6,28,6,1,0,0.5,0.1,0.1
1,2,raw,22.4,12.10325737,122.6781612,0.889844927,-2.728634198,81.78544077,2,200,800,0.6,28,6,1,0,0.5,0.1,0.1
1,2,raw,22.6,12.28110315,122.1301203,0.888449721,-2.751509683,81.42008021,2,200,800,0.6,28,6,1,0,0.5,0.1,0.1
1,2,raw,22.8,12.45863725,121.5775573,0.886731431,-2.77385323,81.05170486,2,200,800,0.6,28,6,1,0,0.5,0.1,0.1
1,2,raw,23,12.63579573,121.020579,0.884696777,-2.795659454,80.68038601,2,200,800,0.6,28,6,1,0,0.5,0.1,0.1
1,2,raw,23.2,12.81251597,120.4592935,0.882352477,-2.816922968,80.30619567,2,200,800,0.6,28,6,1,0,0.5,0.1,0.1
1,2,raw,23.4,12.98873672,119.8938098,0.87970525,-2.837638385,79.92920656,2,200,800,0.6,28,6,1,0,0.5,0.1,0.1
1,2,raw,23.6,13.16439807,119.3242382,0.876761817,-2.857800321,79.5494921,2,200,800,0.6,28,6,1,0,0.5,0.1,0.1
1,2,raw,23.8,13.33944144,118.7506897,0.873528896,-2.877403387,79.16712647,2,200,800,0.6,28,6,1,0,0.5,0.1,0.1
1,2,raw,24,13.51380962,118.1732768,0.870013206,-2.896442199,78.78218453,2,200,800,0.6,28,6,1,0,0.5,0.1,0.1
1,2,raw,24.2,13.68744673,117.5921128,0.866221467,-2.91491137,78.39474188,2,200,800,0.6,28,6,1,0,0.5,0.1,0.1
1,2,raw,24.4,13.86029821,117.0073123,0.862160397,-2.932805514,78.00487483,2,200,800,0.6,28,6,1,0,0.5,0.1,0.1
1,2,raw,24.6,14.03231088,116.4189906,0.857836717,-2.950119245,77.61266041,2,200,800,0.6,28,6,1,0,0.5,0.1,0.1
1,2,raw,24.8,14.2034329,115.8272646,0.853257146,-2.966847176,77.21817637,2,200,800,0.6,28,6,1,0,0.5,0.1,0.1
1,2,raw,25,14.37361374,115.2322517,0.848428401,-2.982983922,76.82150117,2,200,800,0.6,28,6,1,0,0.5,0.1,0.1
1,2,raw,25.2,14.54280426,114.634071,0.843357204,-2.998524095,76.42271399,2,200,800,0.6,28,6,1,0,0.5,0.1,0.1
1,2,raw,25.4,14.71095662,114.0328421,0.838050273,-3.013462311,76.02189474,2,200,800,0.6,28,6,1,0,0.5,0.1,0.1
1,2,raw,25.6,14.87802437,113.4286861,0.832514327,-3.027793183,75.61912404,2,200,800,0.6,28,6,1,0,0.5,0.1,0.1
1,2,raw,25.8,15.04396236,112.8217248,0.826756086,-3.041511324,75.21448323,2,200,800,0.6,28,6,1,0,0.5,0.1,0.1
1,2,raw,26,15.2087268,112.2120815,0.820782268,-3.054611349,74.80805435,2,200,800,0.6,28,6,1,0,0.5,0.1,0.1
1,2,raw,26.2,15.37227526,111.5998803,0.814599593,-3.067087871,74.3999202,2,200,800,0.6,28,6,1,0,0.5,0.1,0.1
1,2,raw,26.4,15.53456664,110.9852464,0.808214781,-3.078935504,73.99016425,2,200,800,0.6,28,6,1,0,0.5,0.1,0.1
1,2,raw,26.6,15.69556118,110.3683061,0.80163455,-3.090148862,73.57887073,2,200,800,0.6,28,6,1,0,0.5,0.1,0.1
1,2,raw,26.8,15.85522046,109.7491868,0.79486562,-3.100722558,73.16612456,2,200,800,0.6,28,6,1,0,0.5,0.1,0.1
1,2,raw,27,16.01350742,109.1280171,0.78791471,-3.110651208,72.75201138,2,200,800,0.6,28,6,1,0,0.5,0.1,0.1
1,2,raw,27.2,16.17038634,108.5049264,0.780788539,-3.119929423,72.33661757,2,200,800,0.6,28,6,1,0,0.5,0.1,0.1
1,2,raw,27.4,16.32582284,107.8800453,0.773493826,-3.128551819,71.9200302,2,200,800,0.6,28,6,1,0,0.5,0.1,0.1
1,2,raw,27.6,16.47978387,107.2535056,0.766037291,-3.136513009,71.50233708,2,200,800,0.6,28,6,1,0,0.5,0.1,0.1
1,2,raw,27.8,16.63223775,106.6254401,0.758425653,-3.143807606,71.08362673,2,200,800,0.6,28,6,1,0,0.5,0.1,0.1
1,2,raw,28,16.78315413,105.9959826,0.750665631,-3.150430225,70.66398839,2,200,800,0.6,28,6,1,0,0.5,0.1,0.1
1,2,raw,28.2,16.93250401,105.365268,0.742763944,-3.15637548,70.24351201,2,200,800,0.6,28,6,1,0,0.5,0.1,0.1
1,2,raw,28.4,17.08025971,104.7334324,0.734727312,-3.161637984,69.82228826,2,200,800,0.6,28,6,1,0,0.5,0.1,0.1
1,2,raw,28.6,17.22639493,104.1006128,0.726562454,-3.166212351,69.40040854,2,200,800,0.6,28,6,1,0,0.5,0.1,0.1
1,2,raw,28.8,17.37088469,103.4669475,0.718276089,-3.170093195,68.97796497,2,200,800,0.6,28,6,1,0,0.5,0.1,0.1
1,2,raw,29,17.51370537,102.8325755,0.709874936,-3.173275129,68.55505036,2,200,800,0.6,28,6,1,0,0.5,0.1,0.1
1,2,raw,29.2,17.65483467,102.1976374,0.701365714,-3.175752769,68.13175827,2,200,800,0.6,28,6,1,0,0.5,0.1,0.1
1,2,raw,29.4,17.79425165,101.5622744,0.692755144,-3.177520726,67.70818295,2,200,800,0.6,28,6,1,0,0.5,0.1,0.1
1,2,raw,29.6,17.93193673,100.9266291,0.684049943,-3.178573616,67.28441941,2,200,800,0.6,28,6,1,0,0.5,0.1,0.1
1,2,raw,29.8,18.06787163,100.290845,0.675256831,-3.178906051,66.86056332,2,200,800,0.6,28,6,1,0,0.5,0.1,0.1
1,2,raw,30,18.20203946,99.65506669,0.666382528,-3.178512647,66.43671113,2,200,800,0.6,28,6,1,0,0.5,0.1,0.1
1,2,raw,30.2,18.33442464,99.01943993,0.657430343,-3.17738786,66.01295995,2,200,800,0.6,28,6,1,0,0.5,0.1,0.1
1,2,raw,30.4,18.4650116,98.38411154,0.648140417,-3.175552693,65.5894077,2,200,800,0.6,28,6,1,0,0.5,0.1,0.1
1,2,raw,30.6,18.59368081,97.74921885,0.638429286,-3.173160496,65.1661459,2,200,800,0.6,28,6,1,0,0.5,0.1,0.1
1,2,raw,30.8,18.72038331,97.11484735,0.62867144,-3.170376071,64.74323156,2,200,800,0.6,28,6,1,0,0.5,0.1,0.1
1,2,raw,31,18.84514938,96.48106842,0.61906406,-3.167237438,64.32071228,2,200,800,0.6,28,6,1,0,0.5,0.1,0.1
1,2,raw,31.2,18.96800893,95.84795237,0.60960522,-3.16375004,63.89863491,2,200,800,0.6,28,6,1,0,0.5,0.1,0.1
1,2,raw,31.4,19.08899147,95.2155684,0.600292993,-3.159919316,63.4770456,2,200,800,0.6,28,6,1,0,0.5,0.1,0.1
1,2,raw,31.6,19.20812613,94.58398464,0.591125453,-3.155750706,63.05598976,2,200,800,0.6,28,6,1,0,0.5,0.1,0.1
1,2,raw,31.8,19.32544165,93.95326812,0.582100675,-3.151249651,62.63551208,2,200,800,0.6,28,6,1,0,0.5,0.1,0.1
1,2,raw,32,19.4409664,93.32348478,0.573216732,-3.146421591,62.21565652,2,200,800,0.6,28,6,1,0,0.5,0.1,0.1
1,2,raw,32.2,19.55472835,92.69469949,0.564471698,-3.141271966,61.79646632,2,200,800,0.6,28,6,1,0,0.5,0.1,0.1
1,2,raw,32.4,19.66675508,92.066976,0.555863647,-3.135806216,61.377984,2,200,800,0.6,28,6,1,0,0.5,0.1,0.1
1,2,raw,32.6,19.77707381,91.440377,0.547390652,-3.130029782,60.96025133,2,200,800,0.6,28,6,1,0,0.5,0.1,0.1
1,2,raw,32.8,19.88571134,90.81496408,0.539050787,-3.123948104,60.54330939,2,200,800,0.6,28,6,1,0,0.5,0.1,0.1
1,2,raw,33,19.99269412,90.19079776,0.530842127,-3.117566622,60.12719851,2,200,800,0.6,28,6,1,0,0.5,0.1,0.1
1,2,raw,33.2,20.09804819,89.56793744,0.522762745,-3.110890776,59.71195829,2,200,800,0.6,28,6,1,0,0.5,0.1,0.1
1,2,raw,33.4,20.20179922,88.94644145,0.514810715,-3.103926006,59.29762763,2,200,800,0.6,28,6,1,0,0.5,0.1,0.1
1,2,raw,33.6,20.30397248,88.32636703,0.506984111,-3.096677754,58.88424469,2,200,800,0.6,28,6,1,0,0.5,0.1,0.1
1,2,raw,33.8,20.40459286,87.70777035,0.499281006,-3.089151458,58.4718469,2,200,800,0.6,28,6,1,0,0.5,0.1,0.1
1,2,raw,34,20.50368488,87.09070645,0.491699475,-3.081352559,58.06047097,2,200,800,0.6,28,6,1,0,0.5,0.1,0.1
1,2,raw,34.2,20.60127265,86.47522932,0.484237591,-3.073286498,57.65015288,2,200,800,0.6,28,6,1,0,0.5,0.1,0.1
1,2,raw,34.4,20.69737992,85.86139185,0.476893428,-3.064958715,57.2409279,2,200,800,0.6,28,6,1,0,0.5,0.1,0.1
1,2,raw,34.6,20.79203002,85.24924584,0.46966506,-3.056374649,56.83283056,2,200,800,0.6,28,6,1,0,0.5,0.1,0.1
1,2,raw,34.8,20.88524594,84.63884199,0.462550561,-3.047539742,56.42589466,2,200,800,0.6,28,6,1,0,0.5,0.1,0.1
1,2,raw,35,20.97705025,84.03022994,0.455548004,-3.038459433,56.02015329,2,200,800,0.6,28,6,1,0,0.5,0.1,0.1
1,2,raw,35.2,21.06746514,83.42345822,0.448655464,-3.029139162,55.61563881,2,200,800,0.6,28,6,1,0,0.5,0.1,0.1
1,2,raw,35.4,21.15651243,82.81857427,0.441871014,-3.019584371,55.21238285,2,200,800,0.6,28,6,1,0,0.5,0.1,0.1
1,2,raw,35.6,21.24421355,82.21562447,0.435192729,-3.009800498,54.81041631,2,200,800,0.6,28,6,1,0,0.5,0.1,0.1
1,2,raw,35.8,21.33058953,81.61465408,0.428618681,-2.999792985,54.40976938,2,200,800,0.6,28,6,1,0,0.5,0.1,0.1
1,2,raw,36,21.41566102,81.01570728,0.422146945,-2.989567271,54.01047152,2,200,800,0.6,28,6,1,0,0.5,0.1,0.1
1,2,raw,36.2,21.4994483,80.41882717,0.415775595,-2.979128797,53.61255144,2,200,800,0.6,28,6,1,0,0.5,0.1,0.1
1,2,raw,36.4,21.58197126,79.82405576,0.409502704,-2.968483003,53.21603717,2,200,800,0.6,28,6,1,0,0.5,0.1,0.1
1,2,raw,36.6,21.66324938,79.23143397,0.403326346,-2.957635329,52.82095598,2,200,800,0.6,28,6,1,0,0.5,0.1,0.1
1,2,raw,36.8,21.7433018,78.64100163,0.397244596,-2.946591216,52.42733442,2,200,800,0.6,28,6,1,0,0.5,0.1,0.1
1,2,raw,37,21.82214722,78.05279748,0.391255527,-2.935356103,52.03519832,2,200,800,0.6,28,6,1,0,0.5,0.1,0.1
1,2,raw,37.2,21.89980401,77.46685918,0.385357212,-2.923935431,51.64457279,2,200,800,0.6,28,6,1,0,0.5,0.1,0.1
1,2,raw,37.4,21.97629011,76.88322331,0.379547726,-2.91233464,51.2554822,2,200,800,0.6,28,6,1,0,0.5,0.1,0.1
1,2,raw,37.6,22.0516231,76.30192533,0.373825143,-2.900559171,50.86795022,2,200,800,0.6,28,6,1,0,0.5,0.1,0.1
1,2,raw,37.8,22.12582017,75.72299964,0.368187535,-2.888614464,50.48199976,2,200,800,0.6,28,6,1,0,0.5,0.1,0.1
1,2,raw,38,22.19889811,75.14647954,0.362632979,-2.876505958,50.09765303,2,200,800,0.6,28,6,1,0,0.5,0.1,0.1
1,2,raw,38.2,22.27087336,74.57239726,0.357159546,-2.864239094,49.7149315,2,200,800,0.6,28,6,1,0,0.5,0.1,0.1
1,2,raw,38.4,22.34176193,74.00078391,0.35176531,-2.851819313,49.33385594,2,200,800,0.6,28,6,1,0,0.5,0.1,0.1
1,2,raw,38.6,22.41157948,73.43166953,0.346448347,-2.839252054,48.95444635,2,200,800,0.6,28,6,1,0,0.5,0.1,0.1
1,2,raw,38.8,22.48034127,72.86508308,0.341206729,-2.826542757,48.57672206,2,200,800,0.6,28,6,1,0,0.5,0.1,0.1
1,2,raw,39,22.54806217,72.30105243,0.33603853,-2.813696864,48.20070162,2,200,800,0.6,28,6,1,0,0.5,0.1,0.1
1,2,raw,39.2,22.61475668,71.73960434,0.330941825,-2.800719814,47.82640289,2,200,800,0.6,28,6,1,0,0.5,0.1,0.1
1,2,raw,39.4,22.6804389,71.1807645,0.325914686,-2.787617048,47.453843,2,200,800,0.6,28,6,1,0,0.5,0.1,0.1
1,2,raw,39.6,22.74512256,70.62455752,0.320955189,-2.774394005,47.08303835,2,200,800,0.6,28,6,1,0,0.5,0.1,0.1
1,2,raw,39.8,22.80882098,70.0710069,0.316061406,-2.761056126,46.7140046,2,200,800,0.6,28,6,1,0,0.5,0.1,0.1
1,2,raw,40,22.87154712,69.52013507,0.311231412,-2.747608852,46.34675671,2,200,800,0.6,28,6,1,0,0.5,0.1,0.1
1,2,raw,40.2,22.93331354,68.97196336,0.30646328,-2.734057622,45.98130891,2,200,800,0.6,28,6,1,0,0.5,0.1,0.1
1,2,raw,40.4,22.99413243,68.42651202,0.301755084,-2.720407876,45.61767468,2,200,800,0.6,28,6,1,0,0.5,0.1,0.1
1,2,raw,40.6,23.05401558,67.88380021,0.297104898,-2.706665055,45.25586681,2,200,800,0.6,28,6,1,0,0.5,0.1,0.1
1,2,raw,40.8,23.11297439,67.343846,0.292510796,-2.692834599,44.89589733,2,200,800,0.6,28,6,1,0,0.5,0.1,0.1
1,2,raw,41,23.17101989,66.80666637,0.287970852,-2.678921949,44.53777758,2,200,800,0.6,28,6,1,0,0.5,0.1,0.1
1,2,raw,41.2,23.22816273,66.27227722,0.283483139,-2.664932544,44.18151815,2,200,800,0.6,28,6,1,0,0.5,0.1,0.1
1,2,raw,41.4,23.28441315,65.74069335,0.279045732,-2.650871825,43.8271289,2,200,800,0.6,28,6,1,0,0.5,0.1,0.1
1,2,raw,41.6,23.33978102,65.21192849,0.274656704,-2.636745232,43.47461899,2,200,800,0.6,28,6,1,0,0.5,0.1,0.1
1,2,raw,41.8,23.39427583,64.68599526,0.270314129,-2.622558206,43.12399684,2,200,800,0.6,28,6,1,0,0.5,0.1,0.1
1,2,raw,42,23.44790667,64.16290521,0.26601608,-2.608316185,42.77527014,2,200,800,0.6,28,6,1,0,0.5,0.1,0.1
1,2,raw,42.2,23.50068226,63.64266878,0.261760633,-2.594024612,42.42844586,2,200,800,0.6,28,6,1,0,0.5,0.1,0.1
1,2,raw,42.4,23.55261093,63.12529536,0.25754586,-2.579688925,42.08353024,2,200,800,0.6,28,6,1,0,0.5,0.1,0.1
1,2,raw,42.6,23.60370061,62.61079321,0.253369835,-2.565314566,41.74052881,2,200,800,0.6,28,6,1,0,0.5,0.1,0.1
1,2,raw,42.8,23.65395886,62.09916953,0.249230633,-2.550906974,41.39944636,2,200,800,0.6,28,6,1,0,0.5,0.1,0.1
1,2,raw,43,23.70339286,61.59043042,0.245126327,-2.536471589,41.06028695,2,200,800,0.6,28,6,1,0,0.5,0.1,0.1
1,2,raw,43.2,23.75200939,61.0845809,0.24105499,-2.522013853,40.72305393,2,200,800,0.6,28,6,1,0,0.5,0.1,0.1
1,2,raw,43.4,23.79981486,60.58162488,0.237014698,-2.507539204,40.38774992,2,200,800,0.6,28,6,1,0,0.5,0.1,0.1
1,2,raw,43.6,23.84681527,60.08156522,0.233003523,-2.493053084,40.05437681,2,200,800,0.6,28,6,1,0,0.5,0.1,0.1
1,2,raw,43.8,23.89301627,59.58440365,0.229019539,-2.478560933,39.72293577,2,200,800,0.6,28,6,1,0,0.5,0.1,0.1
1,2,raw,44,23.93842309,59.09014084,0.225060821,-2.46406819,39.39342723,2,200,800,0.6,28,6,1,0,0.5,0.1,0.1
1,2,raw,44.2,23.98304059,58.59877637,0.221125441,-2.449580296,39.06585092,2,200,800,0.6,28,6,1,0,0.5,0.1,0.1
1,2,raw,44.4,24.02687326,58.11030873,0.217211475,-2.435102692,38.74020582,2,200,800,0.6,28,6,1,0,0.5,0.1,0.1
1,2,raw,44.6,24.06992518,57.6247353,0.213316995,-2.420640817,38.4164902,2,200,800,0.6,28,6,1,0,0.5,0.1,0.1
1,2,raw,44.8,24.11220006,57.1420524,0.209440076,-2.406200112,38.0947016,2,200,800,0.6,28,6,1,0,0.5,0.1,0.1
1,2,raw,45,24.15370121,56.66225525,0.205578792,-2.391786016,37.77483684,2,200,800,0.6,28,6,1,0,0.5,0.1,0.1
1,2,raw,45.2,24.19443158,56.18533799,0.201731215,-2.377403971,37.456892,2,200,800,0.6,28,6,1,0,0.5,0.1,0.1
1,2,raw,45.4,24.2343937,55.71129366,0.197895421,-2.363059417,37.14086244,2,200,800,0.6,28,6,1,0,0.5,0.1,0.1
1,2,raw,45.6,24.27358975,55.24011423,0.194069482,-2.348757793,36.82674282,2,200,800,0.6,28,6,1,0,0.5,0.1,0.1
1,2,raw,45.8,24.31202149,54.77179055,0.190251474,-2.33450454,36.51452703,2,200,800,0.6,28,6,1,0,0.5,0.1,0.1
1,2,raw,46,24.34969034,54.30631241,0.186439469,-2.320305098,36.20420827,2,200,800,0.6,28,6,1,0,0.5,0.1,0.1
1,2,raw,46.2,24.38659728,53.84366851,0.182631541,-2.306164907,35.89577901,2,200,800,0.6,28,6,1,0,0.5,0.1,0.1
1,2,raw,46.4,24.42274295,53.38384645,0.178825765,-2.292089408,35.58923097,2,200,800,0.6,28,6,1,0,0.5,0.1,0.1
1,2,raw,46.6,24.45812759,52.92683275,0.175020214,-2.278084041,35.28455516,2,200,800,0.6,28,6,1,0,0.5,0.1,0.1
1,2,raw,46.8,24.49275104,52.47261283,0.171212962,-2.264154246,34.98174189,2,200,800,0.6,28,6,1,0,0.5,0.1,0.1
1,2,raw,47,24.52661277,52.02117105,0.167402082,-2.250305463,34.6807807,2,200,800,0.6,28,6,1,0,0.5,0.1,0.1
1,2,raw,47.2,24.55971187,51.57249065,0.163585649,-2.236543132,34.38166043,2,200,800,0.6,28,6,1,0,0.5,0.1,0.1
1,2,raw,47.4,24.59204703,51.12655379,0.159761737,-2.222872695,34.0843692,2,200,800,0.6,28,6,1,0,0.5,0.1,0.1
1,2,raw,47.6,24.62361657,50.68334157,0.155928419,-2.20929959,33.78889438,2,200,800,0.6,28,6,1,0,0.5,0.1,0.1
1,2,raw,47.8,24.6544184,50.24283396,0.152083769,-2.195829258,33.49522264,2,200,800,0.6,28,6,1,0,0.5,0.1,0.1
1,2,raw,48,24.68445007,49.80500986,0.148225861,-2.18246714,33.20333991,2,200,800,0.6,28,6,1,0,0.5,0.1,0.1
1,2,raw,48.2,24.71370874,49.3698471,0.144413627,-2.169176103,32.9132314,2,200,800,0.6,28,6,1,0,0.5,0.1,0.1
1,2,raw,48.4,24.74221552,48.93733942,0.141245242,-2.155537837,32.62489295,2,200,800,0.6,28,6,1,0,0.5,0.1,0.1
1,2,raw,48.6,24.77020684,48.50763197,0.138831934,-2.141466095,32.33842131,2,200,800,0.6,28,6,1,0,0.5,0.1,0.1
1,2,raw,48.8,24.7977483,48.08075299,0.136598627,-2.127355828,32.05383532,2,200,800,0.6,28,6,1,0,0.5,0.1,0.1
1,2,raw,49,24.82484629,47.65668964,0.134397164,-2.113309771,31.77112642,2,200,800,0.6,28,6,1,0,0.5,0.1,0.1
1,2,raw,49.2,24.85150716,47.23542908,0.132227272,-2.099327895,31.49028605,2,200,800,0.6,28,6,1,0,0.5,0.1,0.1
1,2,raw,49.4,24.8777372,46.81695848,0.130088683,-2.085410175,31.21130565,2,200,800,0.6,28,6,1,0,0.5,0.1,0.1
1,2,raw,49.6,24.90354264,46.40126501,0.127981125,-2.071556583,30.93417667,2,200,800,0.6,28,6,1,0,0.5,0.1,0.1
1,2,raw,49.8,24.92892965,45.98833584,0.125904329,-2.057767094,30.65889056,2,200,800,0.6,28,6,1,0,0.5,0.1,0.1
1,2,raw,50,24.95390437,45.57815817,0.123858024,-2.044041679,30.38543878,2,200,800,0.6,28,6,1,0,0.5,0.1,0.1
1,2,raw,50.2,24.97847286,45.17071917,0.121841939,-2.030380314,30.11381278,2,200,800,0.6,28,6,1,0,0.5,0.1,0.1
1,2,raw,50.4,25.00264114,44.76600604,0.119855805,-2.01678297,29.84400403,2,200,800,0.6,28,6,1,0,0.5,0.1,0.1
1,2,raw,50.6,25.02641518,44.36400598,0.117899351,-2.003249621,29.57600399,2,200,800,0.6,28,6,1,0,0.5,0.1,0.1
1,2,raw,50.8,25.04980088,43.9647062,0.115972307,-1.989780241,29.30980413,2,200,800,0.6,28,6,1,0,0.5,0.1,0.1
1,2,raw,51,25.0728041,43.56809389,0.114074401,-1.976374803,29.04539593,2,200,800,0.6,28,6,1,0,0.5,0.1,0.1
1,2,raw,51.2,25.09543064,43.17415628,0.112205365,-1.963033279,28.78277085,2,200,800,0.6,28,6,1,0,0.5,0.1,0.1
1,2,raw,51.4,25.11768625,42.78288058,0.110364927,-1.949755644,28.52192038,2,200,800,0.6,28,6,1,0,0.5,0.1,0.1
1,2,raw,51.6,25.13957662,42.39425402,0.108552817,-1.936541871,28.26283601,2,200,800,0.6,28,6,1,0,0.5,0.1,0.1
1,2,raw,51.8,25.16110738,42.00826383,0.106768765,-1.923391932,28.00550922,2,200,800,0.6,28,6,1,0,0.5,0.1,0.1
1,2,raw,52,25.18228412,41.62489724,0.105012501,-1.910305802,27.7499315,2,200,800,0.6,28,6,1,0,0.5,0.1,0.1
1,2,raw,52.2,25.20311238,41.24414151,0.103283753,-1.897283454,27.49609434,2,200,800,0.6,28,6,1,0,0.5,0.1,0.1
1,2,raw,52.4,25.22359762,40.86598386,0.101582253,-1.88432486,27.24398924,2,200,800,0.6,28,6,1,0,0.5,0.1,0.1
1,2,raw,52.6,25.24374528,40.49041156,0.099907728,-1.871429995,26.99360771,2,200,800,0.6,28,6,1,0,0.5,0.1,0.1
1,2,raw,52.8,25.26356071,40.11741187,0.09825991,-1.85859883,26.74494124,2,200,800,0.6,28,6,1,0,0.5,0.1,0.1
1,2,raw,53,25.28304924,39.74697203,0.096638528,-1.845831341,26.49798135,2,200,800,0.6,28,6,1,0,0.5,0.1,0.1
1,2,raw,53.2,25.30221613,39.37907933,0.09504331,-1.8331275,26.25271955,2,200,800,0.6,28,6,1,0,0.5,0.1,0.1
1,2,raw,53.4,25.32106657,39.01372103,0.093473988,-1.82048728,26.00914735,2,200,800,0.6,28,6,1,0,0.5,0.1,0.1
1,2,raw,53.6,25.33960572,38.65088442,0.09193029,-1.807910655,25.76725628,2,200,800,0.6,28,6,1,0,0.5,0.1,0.1
1,2,raw,53.8,25.35783868,38.29055677,0.090411946,-1.795397597,25.52703785,2,200,800,0.6,28,6,1,0,0.5,0.1,0.1
1,2,raw,54,25.3757705,37.93272538,0.088918687,-1.782948081,25.28848359,2,200,800,0.6,28,6,1,0,0.5,0.1,0.1
1,2,raw,54.2,25.39340616,37.57737754,0.087450241,-1.77056208,25.05158502,2,200,800,0.6,28,6,1,0,0.5,0.1,0.1
1,2,raw,54.4,25.4107506,37.22450055,0.086006337,-1.758239566,24.8163337,2,200,800,0.6,28,6,1,0,0.5,0.1,0.1
1,2,raw,54.6,25.42780869,36.87408171,0.084586707,-1.745980514,24.58272114,2,200,800,0.6,28,6,1,0,0.5,0.1,0.1
1,2,raw,54.8,25.44458528,36.52610834,0.083191079,-1.733784895,24.35073889,2,200,800,0.6,28,6,1,0,0.5,0.1,0.1
1,2,raw,55,25.46108512,36.18056775,0.081819183,-1.721652685,24.1203785,2,200,800,0.6,28,6,1,0,0.5,0.1,0.1
1,2,raw,55.2,25.47731295,35.83744727,0.080470749,-1.709583856,23.89163151,2,200,800,0.6,28,6,1,0,0.5,0.1,0.1
1,2,raw,55.4,25.49327342,35.49673421,0.079145507,-1.697578381,23.66448947,2,200,800,0.6,28,6,1,0,0.5,0.1,0.1
1,2,raw,55.6,25.50897115,35.15841591,0.077843185,-1.685636234,23.43894394,2,200,800,0.6,28,6,1,0,0.5,0.1,0.1
1,2,raw,55.8,25.5244107,34.82247972,0.076563514,-1.673757387,23.21498648,2,200,800,0.6,28,6,1,0,0.5,0.1,0.1
1,2,raw,56,25.53959656,34.48891296,0.075306223,-1.661941815,22.99260864,2,200,800,0.6,28,6,1,0,0.5,0.1,0.1
1,2,raw,56.2,25.55453319,34.15770299,0.074071042,-1.65018949,22.77180199,2,200,800,0.6,28,6,1,0,0.5,0.1,0.1
1,2,raw,56.4,25.56922498,33.82883716,0.0728577,-1.638500387,22.55255811,2,200,800,0.6,28,6,1,0,0.5,0.1,0.1
1,2,raw,56.6,25.58367627,33.50230284,0.071665928,-1.626874477,22.33486856,2,200,800,0.6,28,6,1,0,0.5,0.1,0.1
1,2,raw,56.8,25.59789135,33.17808737,0.070495455,-1.615311735,22.11872491,2,200,800,0.6,28,6,1,0,0.5,0.1,0.1
1,2,raw,57,25.61187445,32.85617814,0.06934601,-1.603812133,21.90411876,2,200,800,0.6,28,6,1,0,0.5,0.1,0.1
1,2,raw,57.2,25.62562975,32.53656252,0.068217323,-1.592375646,21.69104168,2,200,800,0.6,28,6,1,0,0.5,0.1,0.1
1,2,raw,57.4,25.63916138,32.21922788,0.067109124,-1.581002245,21.47948526,2,200,800,0.6,28,6,1,0,0.5,0.1,0.1
1,2,raw,57.6,25.6524734,31.90416162,0.066021142,-1.569691906,21.26944108,2,200,800,0.6,28,6,1,0,0.5,0.1,0.1
1,2,raw,57.8,25.66556984,31.59135112,0.064953108,-1.5584446,21.06090075,2,200,800,0.6,28,6,1,0,0.5,0.1,0.1
1,2,raw,58,25.67845464,31.28078378,0.06390475,-1.547260302,20.85385585,2,200,800,0.6,28,6,1,0,0.5,0.1,0.1
1,2,raw,58.2,25.69113174,30.972447,0.062875798,-1.536138984,20.648298,2,200,800,0.6,28,6,1,0,0.5,0.1,0.1
1,2,raw,58.4,25.70360496,30.66632819,0.061865983,-1.52508062,20.44421879,2,200,800,0.6,28,6,1,0,0.5,0.1,0.1
1,2,raw,58.6,25.71587813,30.36241475,0.060875033,-1.514085183,20.24160984,2,200,800,0.6,28,6,1,0,0.5,0.1,0.1
1,2,raw,58.8,25.72795498,30.06069411,0.059902678,-1.503152646,20.04046274,2,200,800,0.6,28,6,1,0,0.5,0.1,0.1
1,2,raw,59,25.7398392,29.76115369,0.058948648,-1.492282983,19.84076913,2,200,800,0.6,28,6,1,0,0.5,0.1,0.1
1,2,raw,59.2,25.75153444,29.46378092,0.058012673,-1.481476168,19.64252061,2,200,800,0.6,28,6,1,0,0.5,0.1,0.1
1,2,raw,59.4,25.76304427,29.16856323,0.057094481,-1.470732172,19.44570882,2,200,800,0.6,28,6,1,0,0.5,0.1,0.1
1,2,raw,59.6,25.77437223,28.87548805,0.056193804,-1.46005097,19.25032537,2,200,800,0.6,28,6,1,0,0.5,0.1,0.1
1,2,raw,59.8,25.78552179,28.58454284,0.05531037,-1.449432535,19.05636189,2,200,800,0.6,28,6,1,0,0.5,0.1,0.1
1,2,raw,60,25.79649638,28.29571504,0.054443909,-1.43887684,18.86381003,2,200,800,0.6,28,6,1,0,0.5,0.1,0.1
1,2,raw,60.2,25.80729935,28.0089921,0.053594151,-1.428383859,18.6726614,2,200,800,0.6,28,6,1,0,0.5,0.1,0.1
1,2,raw,60.4,25.81793404,27.72436149,0.052760825,-1.417953564,18.48290766,2,200,800,0.6,28,6,1,0,0.5,0.1,0.1
1,2,raw,60.6,25.82840368,27.44181068,0.051943661,-1.40758593,18.29454045,2,200,800,0.6,28,6,1,0,0.5,0.1,0.1
1,2,raw,60.8,25.8387115,27.16132712,0.051142389,-1.397280929,18.10755142,2,200,800,0.6,28,6,1,0,0.5,0.1,0.1
1,2,raw,61,25.84886064,26.88289831,0.050356738,-1.387038535,17.9219322,2,200,800,0.6,28,6,1,0,0.5,0.1,0.1
1,2,raw,61.2,25.8588542,26.60651171,0.049586438,-1.37685872,17.73767447,2,200,800,0.6,28,6,1,0,0.5,0.1,0.1
1,2,raw,61.4,25.86869522,26.33215482,0.048831219,-1.366741459,17.55476988,2,200,800,0.6,28,6,1,0,0.5,0.1,0.1
1,2,raw,61.6,25.87838668,26.05981513,0.04809081,-1.356686725,17.37321008,2,200,800,0.6,28,6,1,0,0.5,0.1,0.1
1,2,raw,61.8,25.88793154,25.78948013,0.047364941,-1.34669449,17.19298675,2,200,800,0.6,28,6,1,0,0.5,0.1,0.1
1,2,raw,62,25.89733266,25.52113733,0.046653341,-1.336764729,17.01409155,2,200,800,0.6,28,6,1,0,0.5,0.1,0.1
1,2,raw,62.2,25.90659288,25.25477424,0.04595574,-1.326897414,16.83651616,2,200,800,0.6,28,6,1,0,0.5,0.1,0.1
1,2,raw,62.4,25.91571496,24.99037836,0.045271869,-1.317092519,16.66025224,2,200,800,0.6,28,6,1,0,0.5,0.1,0.1
1,2,raw,62.6,25.92470162,24.72793723,0.044601455,-1.307350017,16.48529149,2,200,800,0.6,28,6,1,0,0.5,0.1,0.1
1,2,raw,62.8,25.93355554,24.46743836,0.04394423,-1.297669881,16.31162557,2,200,800,0.6,28,6,1,0,0.5,0.1,0.1
1,2,raw,63,25.94227931,24.20886928,0.043299922,-1.288052085,16.13924618,2,200,800,0.6,28,6,1,0,0.5,0.1,0.1
1,2,raw,63.2,25.95087551,23.95221752,0.042668262,-1.278496602,15.96814502,2,200,800,0.6,28,6,1,0,0.5,0.1,0.1
1,2,raw,63.4,25.95934662,23.69747064,0.042048978,-1.269003406,15.79831376,2,200,800,0.6,28,6,1,0,0.5,0.1,0.1
1,2,raw,63.6,25.9676951,23.44461616,0.041441802,-1.259572469,15.62974411,2,200,800,0.6,28,6,1,0,0.5,0.1,0.1
1,2,raw,63.8,25.97592334,23.19364165,0.040846461,-1.250203764,15.46242777,2,200,800,0.6,28,6,1,0,0.5,0.1,0.1
1,2,raw,64,25.98403368,22.94453465,0.040262687,-1.240897266,15.29635644,2,200,800,0.6,28,6,1,0,0.5,0.1,0.1
1,2,raw,64.2,25.99202841,22.69728274,0.039690208,-1.231652948,15.13152183,2,200,800,0.6,28,6,1,0,0.5,0.1,0.1
1,2,raw,64.4,25.99990977,22.45187348,0.039128754,-1.222470782,14.96791565,2,200,800,0.6,28,6,1,0,0.5,0.1,0.1
1,2,raw,64.6,26.00767992,22.20829443,0.038578055,-1.213350742,14.80552962,2,200,800,0.6,28,6,1,0,0.5,0.1,0.1
1,2,raw,64.8,26.01534099,21.96653318,0.038037841,-1.204292802,14.64435545,2,200,800,0.6,28,6,1,0,0.5,0.1,0.1
1,2,raw,65,26.02289505,21.72657731,0.03750784,-1.195296934,14.48438487,2,200,800,0.6,28,6,1,0,0.5,0.1,0.1
1,2,raw,65.2,26.03034412,21.48841441,0.036987784,-1.186363112,14.3256096,2,200,800,0.6,28,6,1,0,0.5,0.1,0.1
1,2,raw,65.4,26.03769017,21.25203206,0.0364774,-1.17749131,14.16802138,2,200,800,0.6,28,6,1,0,0.5,0.1,0.1
1,2,raw,65.6,26.04493508,21.01741788,0.03597642,-1.1686815,14.01161192,2,200,800,0.6,28,6,1,0,0.5,0.1,0.1
1,2,raw,65.8,26.05208073,20.78455946,0.035484573,-1.159933656,13.85637298,2,200,800,0.6,28,6,1,0,0.5,0.1,0.1
1,2,raw,66,26.05912891,20.55344442,0.035001587,-1.151247751,13.70229628,2,200,800,0.6,28,6,1,0,0.5,0.1,0.1
1,2,raw,66.2,26.06608137,20.32406036,0.034527194,-1.142623758,13.54937358,2,200,800,0.6,28,6,1,0,0.5,0.1,0.1
1,2,raw,66.4,26.07293979,20.09639492,0.034061122,-1.134061652,13.39759661,2,200,800,0.6,28,6,1,0,0.5,0.1,0.1
1,2,raw,66.6,26.07970582,19.8704357,0.033603102,-1.125561404,13.24695713,2,200,800,0.6,28,6,1,0,0.5,0.1,0.1
1,2,raw,66.8,26.08638103,19.64617035,0.033152862,-1.117122989,13.0974469,2,200,800,0.6,28,6,1,0,0.5,0.1,0.1
1,2,raw,67,26.09296696,19.42358651,0.032710133,-1.108746379,12.94905767,2,200,800,0.6,28,6,1,0,0.5,0.1,0.1
1,2,raw,67.2,26.09946509,19.2026718,0.032274664,-1.100431731,12.8017812,2,200,800,0.6,28,6,1,0,0.5,0.1,0.1
1,2,raw,67.4,26.10587683,18.98341381,0.031850469,-1.092223745,12.65560921,2,200,800,0.6,28,6,1,0,0.5,0.1,0.1
1,2,raw,67.6,26.11220527,18.7657823,0.031438807,-1.084151988,12.51052154,2,200,800,0.6,28,6,1,0,0.5,0.1,0.1
1,2,raw,67.8,26.11845235,18.54975302,0.031032735,-1.076164825,12.36650201,2,200,800,0.6,28,6,1,0,0.5,0.1,0.1
1,2,raw,68,26.12461837,18.33531637,0.030628202,-1.068225515,12.22354425,2,200,800,0.6,28,6,1,0,0.5,0.1,0.1
1,2,raw,68.2,26.13070363,18.12246281,0.030225241,-1.060333924,12.08164188,2,200,800,0.6,28,6,1,0,0.5,0.1,0.1
1,2,raw,68.4,26.13670846,17.9111828,0.029823885,-1.05248992,11.94078854,2,200,800,0.6,28,6,1,0,0.5,0.1,0.1
1,2,raw,68.6,26.14263319,17.70146685,0.029424164,-1.044693369,11.8009779,2,200,800,0.6,28,6,1,0,0.5,0.1,0.1
1,2,raw,68.8,26.14847813,17.49330546,0.029026112,-1.036944138,11.66220364,2,200,800,0.6,28,6,1,0,0.5,0.1,0.1
1,2,raw,69,26.15424363,17.28668919,0.028629761,-1.029242095,11.52445946,2,200,800,0.6,28,6,1,0,0.5,0.1,0.1
1,2,raw,69.2,26.15993003,17.08160862,0.028235142,-1.021587105,11.38773908,2,200,800,0.6,28,6,1,0,0.5,0.1,0.1
1,2,raw,69.4,26.16553769,16.87805435,0.027842288,-1.013979037,11.25203623,2,200,800,0.6,28,6,1,0,0.5,0.1,0.1
1,2,raw,69.6,26.17106695,16.676017,0.027451231,-1.006417757,11.11734467,2,200,800,0.6,28,6,1,0,0.5,0.1,0.1
1,2,raw,69.8,26.17651818,16.47548725,0.027062003,-0.998903132,10.98365816,2,200,800,0.6,28,6,1,0,0.5,0.1,0.1
1,2,raw,70,26.18189175,16.27645575,0.026674636,-0.991435029,10.8509705,2,200,800,0.6,28,6,1,0,0.5,0.1,0.1
1,2,raw,70.2,26.18718803,16.07891323,0.026289163,-0.984013315,10.71927549,2,200,800,0.6,28,6,1,0,0.5,0.1,0.1
1,2,raw,70.4,26.19240742,15.88285043,0.025905616,-0.976637857,10.58856695,2,200,800,0.6,28,6,1,0,0.5,0.1,0.1
1,2,raw,70.6,26.19755028,15.68825809,0.025524026,-0.969308522,10.45883873,2,200,800,0.6,28,6,1,0,0.5,0.1,0.1
1,2,raw,70.8,26.20261703,15.49512702,0.025144426,-0.962025176,10.33008468,2,200,800,0.6,28,6,1,0,0.5,0.1,0.1
1,2,raw,71,26.20760805,15.30344802,0.024766848,-0.954787688,10.20229868,2,200,800,0.6,28,6,1,0,0.5,0.1,0.1
1,2,raw,71.2,26.21252376,15.11321194,0.024391325,-0.947595923,10.07547463,2,200,800,0.6,28,6,1,0,0.5,0.1,0.1
1,2,raw,71.4,26.21736458,14.92440965,0.024017888,-0.940449748,9.949606434,2,200,800,0.6,28,6,1,0,0.5,0.1,0.1
1,2,raw,71.6,26.22213092,14.73703204,0.023646569,-0.933349031,9.824688028,2,200,800,0.6,28,6,1,0,0.5,0.1,0.1
1,2,raw,71.8,26.22682321,14.55107004,0.023277401,-0.926293639,9.700713359,2,200,800,0.6,28,6,1,0,0.5,0.1,0.1
1,2,raw,72,26.23144188,14.36651459,0.022910416,-0.919283438,9.577676391,2,200,800,0.6,28,6,1,0,0.5,0.1,0.1
1,2,raw,72.2,26.23598738,14.18335666,0.022545647,-0.912318296,9.455571109,2,200,800,0.6,28,6,1,0,0.5,0.1,0.1
1,2,raw,72.4,26.24046014,14.00158727,0.022183124,-0.905398079,9.334391512,2,200,800,0.6,28,6,1,0,0.5,0.1,0.1
1,2,raw,72.6,26.24486062,13.82119743,0.021822881,-0.898522654,9.214131621,2,200,800,0.6,28,6,1,0,0.5,0.1,0.1
1,2,raw,72.8,26.24918929,13.64217821,0.021464949,-0.891691888,9.094785471,2,200,800,0.6,28,6,1,0,0.5,0.1,0.1
1,2,raw,73,26.2534466,13.46452068,0.021109361,-0.884905649,8.976347118,2,200,800,0.6,28,6,1,0,0.5,0.1,0.1
1,2,raw,73.2,26.25763304,13.28821595,0.020756149,-0.878163803,8.858810632,2,200,800,0.6,28,6,1,0,0.5,0.1,0.1
1,2,raw,73.4,26.26174906,13.11325516,0.020405344,-0.871466217,8.742170104,2,200,800,0.6,28,6,1,0,0.5,0.1,0.1
1,2,raw,73.6,26.26579517,12.93962946,0.02005698,-0.864812758,8.626419641,2,200,800,0.6,28,6,1,0,0.5,0.1,0.1
1,2,raw,73.8,26.26977186,12.76733005,0.019711089,-0.858203293,8.511553368,2,200,800,0.6,28,6,1,0,0.5,0.1,0.1
1,2,raw,74,26.27367961,12.59634814,0.019367701,-0.851637689,8.397565429,2,200,800,0.6,28,6,1,0,0.5,0.1,0.1
1,2,raw,74.2,26.27751894,12.42667498,0.019026851,-0.845115813,8.284449984,2,200,800,0.6,28,6,1,0,0.5,0.1,0.1
1,2,raw,74.4,26.28129035,12.25830182,0.018688569,-0.838637531,8.172201212,2,200,800,0.6,28,6,1,0,0.5,0.1,0.1
1,2,raw,74.6,26.28499436,12.09121996,0.018352888,-0.832202712,8.060813309,2,200,800,0.6,28,6,1,0,0.5,0.1,0.1
1,2,raw,74.8,26.2886315,11.92542073,0.01801984,-0.825811221,7.950280489,2,200,800,0.6,28,6,1,0,0.5,0.1,0.1
1,2,raw,75,26.2922023,11.76089548,0.017689457,-0.819462926,7.840596984,2,200,800,0.6,28,6,1,0,0.5,0.1,0.1
1,2,raw,75.2,26.29570729,11.59763556,0.017361772,-0.813157693,7.731757042,2,200,800,0.6,28,6,1,0,0.5,0.1,0.1
1,2,raw,75.4,26.29914701,11.4356324,0.017036817,-0.806895391,7.623754932,2,200,800,0.6,28,6,1,0,0.5,0.1,0.1
1,2,raw,75.6,26.30252201,11.27487741,0.016714623,-0.800675884,7.516584938,2,200,800,0.6,28,6,1,0,0.5,0.1,0.1
1,2,raw,75.8,26.30583286,11.11536204,0.016395223,-0.794499041,7.410241363,2,200,800,0.6,28,6,1,0,0.5,0.1,0.1
1,2,raw,76,26.3090801,10.95707779,0.016078649,-0.788364729,7.304718527,2,200,800,0.6,28,6,1,0,0.5,0.1,0.1
1,2,raw,76.2,26.31226432,10.80001615,0.015764933,-0.782272814,7.200010769,2,200,800,0.6,28,6,1,0,0.5,0.1,0.1
1,2,raw,76.4,26.31538608,10.64416867,0.015454108,-0.776223163,7.096112444,2,200,800,0.6,28,6,1,0,0.5,0.1,0.1
1,2,raw,76.6,26.31844596,10.48952689,0.015146205,-0.770215644,6.993017925,2,200,800,0.6,28,6,1,0,0.5,0.1,0.1
1,2,raw,76.8,26.32144456,10.33608241,0.014841257,-0.764250122,6.890721605,2,200,800,0.6,28,6,1,0,0.5,0.1,0.1
1,2,raw,77,26.32438246,10.18382684,0.014539296,-0.758326466,6.789217893,2,200,800,0.6,28,6,1,0,0.5,0.1,0.1
1,2,raw,77.2,26.32726028,10.03275182,0.014240354,-0.752444542,6.688501214,2,200,800,0.6,28,6,1,0,0.5,0.1,0.1
1,2,raw,77.4,26.33007861,9.882849022,0.013944463,-0.746604217,6.588566015,2,200,800,0.6,28,6,1,0,0.5,0.1,0.1
1,2,raw,77.6,26.33283806,9.734110135,0.013651655,-0.740805358,6.489406756,2,200,800,0.6,28,6,1,0,0.5,0.1,0.1
1,2,raw,77.8,26.33553927,9.586526879,0.013361963,-0.735047832,6.391017919,2,200,800,0.6,28,6,1,0,0.5,0.1,0.1
1,2,raw,78,26.33818285,9.440091002,0.013075418,-0.729331506,6.293394001,2,200,800,0.6,28,6,1,0,0.5,0.1,0.1
1,2,raw,78.2,26.34076943,9.294794276,0.012792054,-0.723656247,6.196529518,2,200,800,0.6,28,6,1,0,0.5,0.1,0.1
1,2,raw,78.4,26.34329967,9.150628503,0.012511901,-0.718021921,6.100419002,2,200,800,0.6,28,6,1,0,0.5,0.1,0.1
1,2,raw,78.6,26.34577419,9.007585508,0.012234992,-0.712428397,6.005057005,2,200,800,0.6,28,6,1,0,0.5,0.1,0.1
1,2,raw,78.8,26.34819367,8.865657144,0.01196136,-0.70687554,5.910438096,2,200,800,0.6,28,6,1,0,0.5,0.1,0.1
1,2,raw,79,26.35055874,8.724835292,0.011691036,-0.701363217,5.816556861,2,200,800,0.6,28,6,1,0,0.5,0.1,0.1
1,2,raw,79.2,26.35287008,8.585111857,0.011424052,-0.695891296,5.723407905,2,200,800,0.6,28,6,1,0,0.5,0.1,0.1
1,2,raw,79.4,26.35512836,8.446478773,0.011160441,-0.690459644,5.630985849,2,200,800,0.6,28,6,1,0,0.5,0.1,0.1
1,2,raw,79.6,26.35733426,8.308928,0.010900236,-0.685068127,5.539285333,2,200,800,0.6,28,6,1,0,0.5,0.1,0.1
1,2,raw,79.8,26.35948845,8.172451523,0.010643467,-0.679716613,5.448301015,2,200,800,0.6,28,6,1,0,0.5,0.1,0.1
1,2,raw,80,26.36159164,8.037041355,0.010390167,-0.674404968,5.35802757,2,200,800,0.6,28,6,1,0,0.5,0.1,0.1
1,2,raw,80.2,26.36364452,7.902689535,0.010140369,-0.669133059,5.26845969,2,200,800,0.6,28,6,1,0,0.5,0.1,0.1
1,2,raw,80.4,26.36564779,7.769388131,0.009894105,-0.663900754,5.179592087,2,200,800,0.6,28,6,1,0,0.5,0.1,0.1
1,2,raw,80.6,26.36760216,7.637129234,0.009651406,-0.658707919,5.091419489,2,200,800,0.6,28,6,1,0,0.5,0.1,0.1
1,2,raw,80.8,26.36950835,7.505904963,0.009412305,-0.653554421,5.003936642,2,200,800,0.6,28,6,1,0,0.5,0.1,0.1
1,2,raw,81,26.37136708,7.375707466,0.009176834,-0.648440127,4.91713831,2,200,800,0.6,28,6,1,0,0.5,0.1,0.1
1,2,raw,81.2,26.37317909,7.246528913,0.008945025,-0.643364904,4.831019275,2,200,800,0.6,28,6,1,0,0.5,0.1,0.1
1,2,raw,81.4,26.37494509,7.118361504,0.008716911,-0.638328619,4.745574336,2,200,800,0.6,28,6,1,0,0.5,0.1,0.1
1,2,raw,81.6,26.37666585,6.991197465,0.008492523,-0.633331139,4.66079831,2,200,800,0.6,28,6,1,0,0.5,0.1,0.1
1,2,raw,81.8,26.3783421,6.865029048,0.008271894,-0.628372331,4.576686032,2,200,800,0.6,28,6,1,0,0.5,0.1,0.1
1,2,raw,82,26.37997461,6.739848533,0.008055055,-0.623452062,4.493232355,2,200,800,0.6,28,6,1,0,0.5,0.1,0.1
1,2,raw,82.2,26.38156413,6.615648224,0.007842039,-0.618570199,4.410432149,2,200,800,0.6,28,6,1,0,0.5,0.1,0.1
1,2,raw,82.4,26.38311142,6.492420453,0.007632879,-0.613726608,4.328280302,2,200,800,0.6,28,6,1,0,0.5,0.1,0.1
1,2,raw,82.6,26.38461728,6.37015758,0.007427606,-0.608921157,4.24677172,2,200,800,0.6,28,6,1,0,0.5,0.1,0.1
1,2,raw,82.8,26.38608247,6.24885199,0.007226252,-0.604153713,4.165901327,2,200,800,0.6,28,6,1,0,0.5,0.1,0.1
1,2,raw,83,26.38750778,6.128496095,0.00702885,-0.599424142,4.085664064,2,200,800,0.6,28,6,1,0,0.5,0.1,0.1
1,2,raw,83.2,26.38889401,6.009082334,0.006835432,-0.594732312,4.006054889,2,200,800,0.6,28,6,1,0,0.5,0.1,0.1
1,2,raw,83.4,26.39024195,5.890603171,0.006646029,-0.590078089,3.92706878,2,200,800,0.6,28,6,1,0,0.5,0.1,0.1
1,2,raw,83.6,26.39155242,5.773051098,0.006460675,-0.585461341,3.848700732,2,200,800,0.6,28,6,1,0,0.5,0.1,0.1
1,2,raw,83.8,26.39282622,5.656418634,0.006279401,-0.580881934,3.770945756,2,200,800,0.6,28,6,1,0,0.5,0.1,0.1
1,2,raw,84,26.39406418,5.540698324,0.006102239,-0.576339736,3.693798883,2,200,800,0.6,28,6,1,0,0.5,0.1,0.1
1,2,raw,84.2,26.39526712,5.42588274,0.005929222,-0.571834613,3.61725516,2,200,800,0.6,28,6,1,0,0.5,0.1,0.1
1,2,raw,84.4,26.39643587,5.311964479,0.005760382,-0.567366432,3.541309653,2,200,800,0.6,28,6,1,0,0.5,0.1,0.1
1,2,raw,84.6,26.39757127,5.198936167,0.00559575,-0.56293506,3.465957445,2,200,800,0.6,28,6,1,0,0.5,0.1,0.1
1,2,raw,84.8,26.39867417,5.086790455,0.00543536,-0.558540364,3.391193637,2,200,800,0.6,28,6,1,0,0.5,0.1,0.1
1,2,raw,85,26.39974541,4.975520022,0.005279242,-0.554182211,3.317013348,2,200,800,0.6,28,6,1,0,0.5,0.1,0.1
1,2,raw,85.2,26.40078586,4.865117571,0.00512743,-0.549860469,3.243411714,2,200,800,0.6,28,6,1,0,0.5,0.1,0.1
1,2,raw,85.4,26.40179639,4.755575834,0.004979956,-0.545575003,3.170383889,2,200,800,0.6,28,6,1,0,0.5,0.1,0.1
1,2,raw,85.6,26.40277785,4.64688757,0.004836851,-0.541325681,3.097925046,2,200,800,0.6,28,6,1,0,0.5,0.1,0.1
1,2,raw,85.8,26.40373113,4.539045562,0.004698148,-0.53711237,3.026030374,2,200,800,0.6,28,6,1,0,0.5,0.1,0.1
1,2,raw,86,26.40465711,4.432042622,0.004563879,-0.532934937,2.954695081,2,200,800,0.6,28,6,1,0,0.5,0.1,0.1
1,2,raw,86.2,26.40555668,4.325871587,0.004434076,-0.528793249,2.883914391,2,200,800,0.6,28,6,1,0,0.5,0.1,0.1
1,2,raw,86.4,26.40643074,4.220525322,0.004308771,-0.524687172,2.813683548,2,200,800,0.6,28,6,1,0,0.5,0.1,0.1
1,2,raw,86.6,26.40728019,4.115996718,0.004187997,-0.520616574,2.743997812,2,200,800,0.6,28,6,1,0,0.5,0.1,0.1
1,2,raw,86.8,26.40810594,4.012278693,0.004071786,-0.516581321,2.674852462,2,200,800,0.6,28,6,1,0,0.5,0.1,0.1
1,2,raw,87,26.4089089,3.90936419,0.003960169,-0.512581282,2.606242793,2,200,800,0.6,28,6,1,0,0.5,0.1,0.1
1,2,raw,87.2,26.40969,3.80724618,0.003853179,-0.508616321,2.53816412,2,200,800,0.6,28,6,1,0,0.5,0.1,0.1
1,2,raw,87.4,26.41045017,3.705917661,0.003750848,-0.504686307,2.470611774,2,200,800,0.6,28,6,1,0,0.5,0.1,0.1
1,2,raw,87.6,26.41119034,3.605371657,0.003653209,-0.500791107,2.403581105,2,200,800,0.6,28,6,1,0,0.5,0.1,0.1
1,2,raw,87.8,26.41191146,3.505601218,0.003560293,-0.496930586,2.337067479,2,200,800,0.6,28,6,1,0,0.5,0.1,0.1
1,2,raw,88,26.41261446,3.406599423,0.003472132,-0.493104613,2.271066282,2,200,800,0.6,28,6,1,0,0.5,0.1,0.1
1,2,raw,88.2,26.41330031,3.308359373,0.003388759,-0.489313054,2.205572915,2,200,800,0.6,28,6,1,0,0.5,0.1,0.1
1,2,raw,88.4,26.41396996,3.210874201,0.003310206,-0.485555777,2.1405828,2,200,800,0.6,28,6,1,0,0.5,0.1,0.1
1,2,raw,88.6,26.41462439,3.114137062,0.003236506,-0.481832647,2.076091375,2,200,800,0.6,28,6,1,0,0.5,0.1,0.1
1,2,raw,88.8,26.41526457,3.018141142,0.003167689,-0.478143533,2.012094095,2,200,800,0.6,28,6,1,0,0.5,0.1,0.1
1,2,raw,89,26.41589147,2.922879649,0.003103789,-0.474488301,1.948586433,2,200,800,0.6,28,6,1,0,0.5,0.1,0.1
1,2,raw,89.2,26.41650608,2.828345822,0.003044837,-0.470866817,1.885563881,2,200,800,0.6,28,6,1,0,0.5,0.1,0.1
1,2,raw,89.4,26.4171094,2.734532922,0.002990866,-0.46727895,1.823021948,2,200,800,0.6,28,6,1,0,0.5,0.1,0.1
1,2,raw,89.6,26.41770243,2.641434242,0.002941907,-0.463724565,1.760956161,2,200,800,0.6,28,6,1,0,0.5,0.1,0.1
1,2,raw,89.8,26.41828616,2.549043096,0.002897994,-0.46020353,1.699362064,2,200,800,0.6,28,6,1,0,0.5,0.1,0.1
1,2,raw,90,26.41886163,2.45735283,0.002859158,-0.456715712,1.63823522,2,200,800,0.6,28,6,1,0,0.5,0.1,0.1
1,2,raw,90.2,26.41942983,2.366356811,0.002825431,-0.453260978,1.577571208,2,200,800,0.6,28,6,1,0,0.5,0.1,0.1
1,2,raw,90.4,26.4199918,2.276048439,0.002796845,-0.449839194,1.517365626,2,200,800,0.6,28,6,1,0,0.5,0.1,0.1
1,2,raw,90.6,26.42054857,2.186421134,0.002773434,-0.446450228,1.457614089,2,200,800,0.6,28,6,1,0,0.5,0.1,0.1
1,2,raw,90.8,26.42110117,2.097468347,0.002755228,-0.443093946,1.398312232,2,200,800,0.6,28,6,1,0,0.5,0.1,0.1
1,2,raw,91,26.42165066,2.009183555,0.002725794,-0.439749746,1.339455704,2,200,800,0.6,28,6,1,0,0.5,0.1,0.1
1,2,raw,91.2,26.42219149,1.921568449,0.00264489,-0.436367081,1.281045633,2,200,800,0.6,28,6,1,0,0.5,0.1,0.1
1,2,raw,91.4,26.42270861,1.834636723,0.002525328,-0.432961048,1.223091149,2,200,800,0.6,28,6,1,0,0.5,0.1,0.1
1,2,raw,91.6,26.42320162,1.74838403,0.002405366,-0.429578731,1.165589353,2,200,800,0.6,28,6,1,0,0.5,0.1,0.1
1,2,raw,91.8,26.42367076,1.66280523,0.002286638,-0.426222016,1.10853682,2,200,800,0.6,28,6,1,0,0.5,0.1,0.1
1,2,raw,92,26.42411627,1.577895223,0.00216911,-0.422890718,1.051930149,2,200,800,0.6,28,6,1,0,0.5,0.1,0.1
1,2,raw,92.2,26.4245384,1.493648943,0.002052746,-0.419584653,0.995765962,2,200,800,0.6,28,6,1,0,0.5,0.1,0.1
1,2,raw,92.4,26.42493737,1.410061362,0.001937514,-0.416303636,0.940040908,2,200,800,0.6,28,6,1,0,0.5,0.1,0.1
1,2,raw,92.6,26.42531341,1.327127489,0.001823377,-0.413047483,0.884751659,2,200,800,0.6,28,6,1,0,0.5,0.1,0.1
1,2,raw,92.8,26.42566672,1.244842369,0.001710303,-0.409816011,0.829894913,2,200,800,0.6,28,6,1,0,0.5,0.1,0.1
1,2,raw,93,26.42599753,1.163201084,0.001598255,-0.406609035,0.77546739,2,200,800,0.6,28,6,1,0,0.5,0.1,0.1
1,2,raw,93.2,26.42630603,1.082198755,0.001487201,-0.403426371,0.721465837,2,200,800,0.6,28,6,1,0,0.5,0.1,0.1
1,2,raw,93.4,26.42659241,1.001830536,0.001377105,-0.400267834,0.667887024,2,200,800,0.6,28,6,1,0,0.5,0.1,0.1
1,2,raw,93.6,26.42685687,0.922091621,0.001267932,-0.397133241,0.614727748,2,200,800,0.6,28,6,1,0,0.5,0.1,0.1
1,2,raw,93.8,26.42709958,0.84297724,0.001159649,-0.394022407,0.561984827,2,200,800,0.6,28,6,1,0,0.5,0.1,0.1
1,2,raw,94,26.42732073,0.764482659,0.001052221,-0.390935148,0.509655106,2,200,800,0.6,28,6,1,0,0.5,0.1,0.1
1,2,raw,94.2,26.42752047,0.686603181,0.000945613,-0.38787128,0.457735454,2,200,800,0.6,28,6,1,0,0.5,0.1,0.1
1,2,raw,94.4,26.42769897,0.609334147,0.000839792,-0.384830618,0.406222764,2,200,800,0.6,28,6,1,0,0.5,0.1,0.1
1,2,raw,94.6,26.42785639,0.532670933,0.000734721,-0.381812979,0.355113956,2,200,800,0.6,28,6,1,0,0.5,0.1,0.1
1,2,raw,94.8,26.42799286,0.456608955,0.000630368,-0.378818179,0.30440597,2,200,800,0.6,28,6,1,0,0.5,0.1,0.1
1,2,raw,95,26.42810853,0.381143662,0.000526697,-0.375846032,0.254095775,2,200,800,0.6,28,6,1,0,0.5,0.1,0.1
1,2,raw,95.2,26.42820354,0.306270542,0.000423675,-0.372896356,0.204180361,2,200,800,0.6,28,6,1,0,0.5,0.1,0.1
1,2,raw,95.4,26.428278,0.23198512,0.000321266,-0.369968965,0.154656746,2,200,800,0.6,28,6,1,0,0.5,0.1,0.1
1,2,raw,95.6,26.42833205,0.158282956,0.000219436,-0.367063676,0.105521971,2,200,800,0.6,28,6,1,0,0.5,0.1,0.1
1,2,raw,95.8,26.42836578,0.085159649,0.000118151,-0.364180304,0.0567731,2,200,800,0.6,28,6,1,0,0.5,0.1,0.1
1,2,raw,96,26.42837931,0.012610835,6.76398E-05,-0.362744074,0.008407223,2,200,800,0.6,28,6,1,0,0.5,0.1,0.1
2,1,raw,0,0.150300601,246.993988,0.027903971,-0.071786252,153.2930941,1.75,100,800,1.75,30,6,2,2.07,0.4825,0,0.151
2,1,raw,0.2,0.155881395,246.9796307,0.028415627,-0.073117339,153.2841835,1.75,100,800,1.75,30,6,2,2.07,0.4825,0,0.151
2,1,raw,0.4,0.161666852,246.9647411,0.029457214,-0.075828189,153.2749425,1.75,100,800,1.75,30,6,2,2.07,0.4825,0,0.151
2,1,raw,0.6,0.167664281,246.9492995,0.03053598,-0.078638151,153.2653589,1.75,100,800,1.75,30,6,2,2.07,0.4825,0,0.151
2,1,raw,0.8,0.173881244,246.9332858,0.031653559,-0.081552582,153.2554202,1.75,100,800,1.75,30,6,2,2.07,0.4825,0,0.151
2,1,raw,1,0.180325704,246.9166784,0.032811416,-0.084576171,153.2451131,1.75,100,800,1.75,30,6,2,2.07,0.4825,0,0.151
2,1,raw,1.2,0.18700581,246.8994553,0.034010016,-0.087708748,153.2344239,1.75,100,800,1.75,30,6,2,2.07,0.4825,0,0.151
2,1,raw,1.4,0.193929711,246.8815949,0.035250212,-0.090951596,153.2233391,1.75,100,800,1.75,30,6,2,2.07,0.4825,0,0.151
2,1,raw,1.6,0.201105895,246.8630747,0.036533688,-0.094309832,153.2118448,1.75,100,800,1.75,30,6,2,2.07,0.4825,0,0.151
2,1,raw,1.8,0.208543186,246.843871,0.037862137,-0.097788601,153.1999263,1.75,100,800,1.75,30,6,2,2.07,0.4825,0,0.151
2,1,raw,2,0.216250749,246.8239593,0.039237248,-0.101393045,153.1875684,1.75,100,800,1.75,30,6,2,2.07,0.4825,0,0.151
2,1,raw,2.2,0.224238085,246.8033138,0.040660713,-0.105128308,153.1747551,1.75,100,800,1.75,30,6,2,2.07,0.4825,0,0.151
2,1,raw,2.4,0.232515034,246.7819079,0.042134223,-0.108999534,153.1614698,1.75,100,800,1.75,30,6,2,2.07,0.4825,0,0.151
2,1,raw,2.6,0.241091775,246.759714,0.043659469,-0.113011864,153.1476955,1.75,100,800,1.75,30,6,2,2.07,0.4825,0,0.151
2,1,raw,2.8,0.249978822,246.7367032,0.045238142,-0.117170443,153.1334142,1.75,100,800,1.75,30,6,2,2.07,0.4825,0,0.151
2,1,raw,3,0.259187032,246.7128458,0.046871934,-0.121480414,153.1186075,1.75,100,800,1.75,30,6,2,2.07,0.4825,0,0.151
2,1,raw,3.2,0.268727596,246.688111,0.048562535,-0.12594692,153.1032562,1.75,100,800,1.75,30,6,2,2.07,0.4825,0,0.151
2,1,raw,3.4,0.278612045,246.662467,0.050311636,-0.130575105,153.0873407,1.75,100,800,1.75,30,6,2,2.07,0.4825,0,0.151
2,1,raw,3.6,0.28885225,246.635881,0.052120928,-0.135370111,153.0708404,1.75,100,800,1.75,30,6,2,2.07,0.4825,0,0.151
2,1,raw,3.8,0.299460417,246.608319,0.053992103,-0.140337082,153.0537345,1.75,100,800,1.75,30,6,2,2.07,0.4825,0,0.151
2,1,raw,4,0.310449091,246.5797461,0.055926851,-0.145481161,153.0360012,1.75,100,800,1.75,30,6,2,2.07,0.4825,0,0.151
2,1,raw,4.2,0.321831157,246.5501265,0.057926864,-0.150807491,153.0176182,1.75,100,800,1.75,30,6,2,2.07,0.4825,0,0.151
2,1,raw,4.4,0.333619836,246.5194232,0.059993832,-0.156321217,152.9985626,1.75,100,800,1.75,30,6,2,2.07,0.4825,0,0.151
2,1,raw,4.6,0.34582869,246.487598,0.062129447,-0.16202748,152.9788108,1.75,100,800,1.75,30,6,2,2.07,0.4825,0,0.151
2,1,raw,4.8,0.358471615,246.4546122,0.064335389,-0.167931439,152.9583387,1.75,100,800,1.75,30,6,2,2.07,0.4825,0,0.151
2,1,raw,5,0.371562845,246.4204255,0.066607631,-0.174046234,152.9371212,1.75,100,800,1.75,30,6,2,2.07,0.4825,0,0.151
2,1,raw,5.2,0.385114668,246.3849937,0.068945836,-0.180383032,152.915131,1.75,100,800,1.75,30,6,2,2.07,0.4825,0,0.151
2,1,raw,5.4,0.39914118,246.3482722,0.071361511,-0.186939651,152.8923404,1.75,100,800,1.75,30,6,2,2.07,0.4825,0,0.151
2,1,raw,5.6,0.413659272,246.3102178,0.073862544,-0.19371812,152.8687225,1.75,100,800,1.75,30,6,2,2.07,0.4825,0,0.151
2,1,raw,5.8,0.428686198,246.270785,0.076450762,-0.200728086,152.8442491,1.75,100,800,1.75,30,6,2,2.07,0.4825,0,0.151
2,1,raw,6,0.444239577,246.2299266,0.079127988,-0.207979196,152.8188909,1.75,100,800,1.75,30,6,2,2.07,0.4825,0,0.151
2,1,raw,6.2,0.460337393,246.1875933,0.081896047,-0.215481096,152.7926174,1.75,100,800,1.75,30,6,2,2.07,0.4825,0,0.151
2,1,raw,6.4,0.476997995,246.1437341,0.084756765,-0.223243431,152.7653969,1.75,100,800,1.75,30,6,2,2.07,0.4825,0,0.151
2,1,raw,6.6,0.494240099,246.0982959,0.087711966,-0.23127585,152.7371964,1.75,100,800,1.75,30,6,2,2.07,0.4825,0,0.151
2,1,raw,6.8,0.512082782,246.0512238,0.090763474,-0.239587997,152.7079818,1.75,100,800,1.75,30,6,2,2.07,0.4825,0,0.151
2,1,raw,7,0.530545489,246.0024608,0.093913115,-0.248189519,152.6777177,1.75,100,800,1.75,30,6,2,2.07,0.4825,0,0.151
2,1,raw,7.2,0.549648028,245.951948,0.097162714,-0.257090063,152.6463677,1.75,100,800,1.75,30,6,2,2.07,0.4825,0,0.151
2,1,raw,7.4,0.569410574,245.8996247,0.100514094,-0.266299275,152.6138941,1.75,100,800,1.75,30,6,2,2.07,0.4825,0,0.151
2,1,raw,7.6,0.589853666,245.8454283,0.103969081,-0.275826801,152.5802579,1.75,100,800,1.75,30,6,2,2.07,0.4825,0,0.151
2,1,raw,7.8,0.610998206,245.789294,0.1075295,-0.285682288,152.545419,1.75,100,800,1.75,30,6,2,2.07,0.4825,0,0.151
2,1,raw,8,0.632865465,245.7311554,0.111197175,-0.295875382,152.5093361,1.75,100,800,1.75,30,6,2,2.07,0.4825,0,0.151
2,1,raw,8.2,0.655477076,245.6709439,0.114973931,-0.306415729,152.4719667,1.75,100,800,1.75,30,6,2,2.07,0.4825,0,0.151
2,1,raw,8.4,0.678855038,245.6085891,0.118861593,-0.317312976,152.4332672,1.75,100,800,1.75,30,6,2,2.07,0.4825,0,0.151
2,1,raw,8.6,0.703021714,245.5440187,0.122861986,-0.328576769,152.3931925,1.75,100,800,1.75,30,6,2,2.07,0.4825,0,0.151
2,1,raw,8.8,0.727999832,245.4771584,0.126976934,-0.340216754,152.3516967,1.75,100,800,1.75,30,6,2,2.07,0.4825,0,0.151
2,1,raw,9,0.753812487,245.407932,0.131208262,-0.352242579,152.3087324,1.75,100,800,1.75,30,6,2,2.07,0.4825,0,0.151
2,1,raw,9.2,0.780483137,245.3362613,0.135557795,-0.364663888,152.2642511,1.75,100,800,1.75,30,6,2,2.07,0.4825,0,0.151
2,1,raw,9.4,0.808035605,245.2620664,0.140027358,-0.377490329,152.2182031,1.75,100,800,1.75,30,6,2,2.07,0.4825,0,0.151
2,1,raw,9.6,0.83649408,245.1852652,0.144618775,-0.390731547,152.1705376,1.75,100,800,1.75,30,6,2,2.07,0.4825,0,0.151
2,1,raw,9.8,0.865883115,245.1057738,0.149333872,-0.40439719,152.1212025,1.75,100,800,1.75,30,6,2,2.07,0.4825,0,0.151
2,1,raw,10,0.896227629,245.0235063,0.154174472,-0.418496903,152.0701444,1.75,100,800,1.75,30,6,2,2.07,0.4825,0,0.151
2,1,raw,10.2,0.927552904,244.938375,0.159142402,-0.433040333,152.0173089,1.75,100,800,1.75,30,6,2,2.07,0.4825,0,0.151
2,1,raw,10.4,0.95988459,244.8502902,0.164239485,-0.448037127,151.9626404,1.75,100,800,1.75,30,6,2,2.07,0.4825,0,0.151
2,1,raw,10.6,0.993248698,244.7591602,0.169467546,-0.463496929,151.9060819,1.75,100,800,1.75,30,6,2,2.07,0.4825,0,0.151
2,1,raw,10.8,1.027671608,244.6648914,0.17482841,-0.479429388,151.8475755,1.75,100,800,1.75,30,6,2,2.07,0.4825,0,0.151
2,1,raw,11,1.063180062,244.5673884,0.180323902,-0.49584415,151.7870617,1.75,100,800,1.75,30,6,2,2.07,0.4825,0,0.151
2,1,raw,11.2,1.099801169,244.4665538,0.185954721,-0.512749575,151.7244802,1.75,100,800,1.75,30,6,2,2.07,0.4825,0,0.151
2,1,raw,11.4,1.137561951,244.3622886,0.191608695,-0.530027902,151.6597696,1.75,100,800,1.75,30,6,2,2.07,0.4825,0,0.151
2,1,raw,11.6,1.176444647,244.2545426,0.197245387,-0.547652938,151.5928987,1.75,100,800,1.75,30,6,2,2.07,0.4825,0,0.151
2,1,raw,11.8,1.216460106,244.1432274,0.203022521,-0.565826251,151.5238126,1.75,100,800,1.75,30,6,2,2.07,0.4825,0,0.151
2,1,raw,12,1.257653655,244.0282121,0.209021524,-0.584655386,151.45243,1.75,100,800,1.75,30,6,2,2.07,0.4825,0,0.151
2,1,raw,12.2,1.300068715,243.9093653,0.215232855,-0.604142519,151.3786695,1.75,100,800,1.75,30,6,2,2.07,0.4825,0,0.151
2,1,raw,12.4,1.343746797,243.7865551,0.221646973,-0.624289827,151.3024493,1.75,100,800,1.75,30,6,2,2.07,0.4825,0,0.151
2,1,raw,12.6,1.388727504,243.6596493,0.228254338,-0.645099484,151.2236871,1.75,100,800,1.75,30,6,2,2.07,0.4825,0,0.151
2,1,raw,12.8,1.435048532,243.5285153,0.235045408,-0.666573667,151.1423008,1.75,100,800,1.75,30,6,2,2.07,0.4825,0,0.151
2,1,raw,13,1.482745668,243.3930199,0.242010644,-0.688714552,151.0582076,1.75,100,800,1.75,30,6,2,2.07,0.4825,0,0.151
2,1,raw,13.2,1.53185279,243.2530295,0.249140503,-0.711524314,150.9713246,1.75,100,800,1.75,30,6,2,2.07,0.4825,0,0.151
2,1,raw,13.4,1.582401869,243.1084101,0.256425445,-0.735005129,150.8815688,1.75,100,800,1.75,30,6,2,2.07,0.4825,0,0.151
2,1,raw,13.6,1.634422968,242.9590274,0.26385593,-0.759159173,150.7888567,1.75,100,800,1.75,30,6,2,2.07,0.4825,0,0.151
2,1,raw,13.8,1.687944241,242.8047465,0.271422416,-0.783988622,150.6931046,1.75,100,800,1.75,30,6,2,2.07,0.4825,0,0.151
2,1,raw,14,1.742991934,242.645432,0.279115363,-0.809495652,150.5942284,1.75,100,800,1.75,30,6,2,2.07,0.4825,0,0.151
2,1,raw,14.2,1.799590386,242.4809482,0.28692523,-0.835682438,150.492144,1.75,100,800,1.75,30,6,2,2.07,0.4825,0,0.151
2,1,raw,14.4,1.857762026,242.311159,0.294842475,-0.862551157,150.3867669,1.75,100,800,1.75,30,6,2,2.07,0.4825,0,0.151
2,1,raw,14.6,1.917527376,242.1359277,0.302857559,-0.890103983,150.2780123,1.75,100,800,1.75,30,6,2,2.07,0.4825,0,0.151
2,1,raw,14.8,1.97890505,241.9551174,0.31096094,-0.918343094,150.1657951,1.75,100,800,1.75,30,6,2,2.07,0.4825,0,0.151
2,1,raw,15,2.041911753,241.7685905,0.319143078,-0.947270664,150.05003,1.75,100,800,1.75,30,6,2,2.07,0.4825,0,0.151
2,1,raw,15.2,2.106562281,241.5762091,0.327394431,-0.97688887,149.9306314,1.75,100,800,1.75,30,6,2,2.07,0.4825,0,0.151
2,1,raw,15.4,2.172869525,241.377835,0.335705459,-1.007199888,149.8075134,1.75,100,800,1.75,30,6,2,2.07,0.4825,0,0.151
2,1,raw,15.6,2.240844465,241.1733292,0.344066621,-1.038205892,149.68059,1.75,100,800,1.75,30,6,2,2.07,0.4825,0,0.151
2,1,raw,15.8,2.310496174,240.9625526,0.352468376,-1.06990906,149.5497747,1.75,100,800,1.75,30,6,2,2.07,0.4825,0,0.151
2,1,raw,16,2.381831815,240.7453656,0.360901184,-1.102311566,149.4149808,1.75,100,800,1.75,30,6,2,2.07,0.4825,0,0.151
2,1,raw,16.2,2.454856647,240.521628,0.369355503,-1.135415588,149.2761215,1.75,100,800,1.75,30,6,2,2.07,0.4825,0,0.151
2,1,raw,16.4,2.529574017,240.2911993,0.377821792,-1.169223299,149.1331094,1.75,100,800,1.75,30,6,2,2.07,0.4825,0,0.151
2,1,raw,16.6,2.605985364,240.0539387,0.386290512,-1.203736877,148.9858572,1.75,100,800,1.75,30,6,2,2.07,0.4825,0,0.151
2,1,raw,16.8,2.684090221,239.8097046,0.39475212,-1.238958497,148.834277,1.75,100,800,1.75,30,6,2,2.07,0.4825,0,0.151
2,1,raw,17,2.763886212,239.5583553,0.403197076,-1.274890336,148.6782808,1.75,100,800,1.75,30,6,2,2.07,0.4825,0,0.151
2,1,raw,17.2,2.845369052,239.2997484,0.41161584,-1.311534568,148.5177804,1.75,100,800,1.75,30,6,2,2.07,0.4825,0,0.151
2,1,raw,17.4,2.928532548,239.0337414,0.41999887,-1.348893369,148.3526871,1.75,100,800,1.75,30,6,2,2.07,0.4825,0,0.151
2,1,raw,17.6,3.0133686,238.7601911,0.428336626,-1.386968916,148.1829122,1.75,100,800,1.75,30,6,2,2.07,0.4825,0,0.151
2,1,raw,17.8,3.099867199,238.4789539,0.436619567,-1.425763384,148.0083666,1.75,100,800,1.75,30,6,2,2.07,0.4825,0,0.151
2,1,raw,18,3.188016427,238.1898857,0.444838152,-1.46527895,147.8289608,1.75,100,800,1.75,30,6,2,2.07,0.4825,0,0.151
2,1,raw,18.2,3.277802459,237.8928423,0.452982839,-1.505517788,147.6446053,1.75,100,800,1.75,30,6,2,2.07,0.4825,0,0.151
2,1,raw,18.4,3.369209563,237.5876786,0.461044089,-1.546482075,147.4552101,1.75,100,800,1.75,30,6,2,2.07,0.4825,0,0.151
2,1,raw,18.6,3.462220095,237.2742495,0.469012361,-1.588173986,147.260685,1.75,100,800,1.75,30,6,2,2.07,0.4825,0,0.151
2,1,raw,18.8,3.556814507,236.952409,0.476878113,-1.630595698,147.0609396,1.75,100,800,1.75,30,6,2,2.07,0.4825,0,0.151
2,1,raw,19,3.65297134,236.6220112,0.484631805,-1.673749386,146.8558831,1.75,100,800,1.75,30,6,2,2.07,0.4825,0,0.151
2,1,raw,19.2,3.750667229,236.2829093,0.492404605,-1.717496676,146.6454246,1.75,100,800,1.75,30,6,2,2.07,0.4825,0,0.151
2,1,raw,19.4,3.849933182,235.9350125,0.500536212,-1.761425554,146.4295078,1.75,100,800,1.75,30,6,2,2.07,0.4825,0,0.151
2,1,raw,19.6,3.950881714,235.5783391,0.508765798,-1.805645877,146.2081438,1.75,100,800,1.75,30,6,2,2.07,0.4825,0,0.151
2,1,raw,19.8,4.053439502,235.2127542,0.516599861,-1.850548926,145.981249,1.75,100,800,1.75,30,6,2,2.07,0.4825,0,0.151
2,1,raw,20,4.157521658,234.8381195,0.524010556,-1.896124532,145.7487376,1.75,100,800,1.75,30,6,2,2.07,0.4825,0,0.151
2,1,raw,20.2,4.263043724,234.4543043,0.531000033,-1.942334605,145.5105286,1.75,100,800,1.75,30,6,2,2.07,0.4825,0,0.151
2,1,raw,20.4,4.369921671,234.0611856,0.537570443,-1.989141054,145.2665454,1.75,100,800,1.75,30,6,2,2.07,0.4825,0,0.151
2,1,raw,20.6,4.478071901,233.6586479,0.543723935,-2.036505791,145.0167164,1.75,100,800,1.75,30,6,2,2.07,0.4825,0,0.151
2,1,raw,20.8,4.587411245,233.2465833,0.549462658,-2.084390724,144.7609747,1.75,100,800,1.75,30,6,2,2.07,0.4825,0,0.151
2,1,raw,21,4.697856964,232.8248916,0.554788764,-2.132757764,144.4992581,1.75,100,800,1.75,30,6,2,2.07,0.4825,0,0.151
2,1,raw,21.2,4.809326751,232.3934802,0.559704401,-2.181568821,144.2315092,1.75,100,800,1.75,30,6,2,2.07,0.4825,0,0.151
2,1,raw,21.4,4.921738725,231.9522641,0.56421172,-2.230785806,143.957675,1.75,100,800,1.75,30,6,2,2.07,0.4825,0,0.151
2,1,raw,21.6,5.035011439,231.5011659,0.56831287,-2.280370628,143.6777077,1.75,100,800,1.75,30,6,2,2.07,0.4825,0,0.151
2,1,raw,21.8,5.149063873,231.0401158,0.572010002,-2.330285197,143.391564,1.75,100,800,1.75,30,6,2,2.07,0.4825,0,0.151
2,1,raw,22,5.26381544,230.5690518,0.575305266,-2.380491424,143.0992052,1.75,100,800,1.75,30,6,2,2.07,0.4825,0,0.151
2,1,raw,22.2,5.379185979,230.0879193,0.578200811,-2.430951218,142.8005975,1.75,100,800,1.75,30,6,2,2.07,0.4825,0,0.151
2,1,raw,22.4,5.495095764,229.5966713,0.580698787,-2.48162649,142.4957119,1.75,100,800,1.75,30,6,2,2.07,0.4825,0,0.151
2,1,raw,22.6,5.611465494,229.0952687,0.582801344,-2.53247915,142.1845239,1.75,100,800,1.75,30,6,2,2.07,0.4825,0,0.151
2,1,raw,22.8,5.728216301,228.5836797,0.584510632,-2.583471107,141.8670139,1.75,100,800,1.75,30,6,2,2.07,0.4825,0,0.151
2,1,raw,23,5.845269747,228.0618802,0.585828801,-2.634564273,141.5431669,1.75,100,800,1.75,30,6,2,2.07,0.4825,0,0.151
2,1,raw,23.2,5.962547822,227.529854,0.586758001,-2.685720556,141.2129729,1.75,100,800,1.75,30,6,2,2.07,0.4825,0,0.151
2,1,raw,23.4,6.079972947,226.987592,0.587300382,-2.736901868,140.8764262,1.75,100,800,1.75,30,6,2,2.07,0.4825,0,0.151
2,1,raw,23.6,6.197467975,226.4350932,0.587458094,-2.788070117,140.5335261,1.75,100,800,1.75,30,6,2,2.07,0.4825,0,0.151
2,1,raw,23.8,6.314956185,225.872364,0.587233286,-2.839187215,140.1842767,1.75,100,800,1.75,30,6,2,2.07,0.4825,0,0.151
2,1,raw,24,6.432361289,225.2994183,0.586628109,-2.890215071,139.8286866,1.75,100,800,1.75,30,6,2,2.07,0.4825,0,0.151
2,1,raw,24.2,6.549607428,224.7162779,0.585644712,-2.941115596,139.4667693,1.75,100,800,1.75,30,6,2,2.07,0.4825,0,0.151
2,1,raw,24.4,6.666619174,224.1229721,0.584285245,-2.991850699,139.098543,1.75,100,800,1.75,30,6,2,2.07,0.4825,0,0.151
2,1,raw,24.6,6.783321526,223.5195377,0.582551859,-3.042382291,138.7240305,1.75,100,800,1.75,30,6,2,2.07,0.4825,0,0.151
2,1,raw,24.8,6.899639917,222.9060192,0.580446703,-3.092672281,138.3432595,1.75,100,800,1.75,30,6,2,2.07,0.4825,0,0.151
2,1,raw,25,7.015500207,222.2824687,0.577971927,-3.142682581,137.9562624,1.75,100,800,1.75,30,6,2,2.07,0.4825,0,0.151
2,1,raw,25.2,7.130828688,221.6489461,0.575129681,-3.192375099,137.5630761,1.75,100,800,1.75,30,6,2,2.07,0.4825,0,0.151
2,1,raw,25.4,7.24555208,221.0055187,0.571922115,-3.241711746,137.1637426,1.75,100,800,1.75,30,6,2,2.07,0.4825,0,0.151
2,1,raw,25.6,7.359597534,220.3522614,0.568351378,-3.290654432,136.7583083,1.75,100,800,1.75,30,6,2,2.07,0.4825,0,0.151
2,1,raw,25.8,7.472892631,219.6892569,0.564419622,-3.339165067,136.3468245,1.75,100,800,1.75,30,6,2,2.07,0.4825,0,0.151
2,1,raw,26,7.585365382,219.0165954,0.560128995,-3.387205561,135.9293473,1.75,100,800,1.75,30,6,2,2.07,0.4825,0,0.151
2,1,raw,26.2,7.696944229,218.3343747,0.555481647,-3.434737825,135.5059373,1.75,100,800,1.75,30,6,2,2.07,0.4825,0,0.151
2,1,raw,26.4,7.807558041,217.6427003,0.550479729,-3.481723768,135.07666,1.75,100,800,1.75,30,6,2,2.07,0.4825,0,0.151
2,1,raw,26.6,7.91713612,216.9416852,0.54512539,-3.5281253,134.6415856,1.75,100,800,1.75,30,6,2,2.07,0.4825,0,0.151
2,1,raw,26.8,8.025608197,216.2314502,0.539420781,-3.573904332,134.2007889,1.75,100,800,1.75,30,6,2,2.07,0.4825,0,0.151
2,1,raw,27,8.132904433,215.5121235,0.533368051,-3.619022774,133.7543496,1.75,100,800,1.75,30,6,2,2.07,0.4825,0,0.151
2,1,raw,27.2,8.238955418,214.7838411,0.52696935,-3.663442535,133.3023521,1.75,100,800,1.75,30,6,2,2.07,0.4825,0,0.151
2,1,raw,27.4,8.343692173,214.0467465,0.520226828,-3.707125527,132.8448855,1.75,100,800,1.75,30,6,2,2.07,0.4825,0,0.151
2,1,raw,27.6,8.447046149,213.3009908,0.513142634,-3.750033658,132.3820435,1.75,100,800,1.75,30,6,2,2.07,0.4825,0,0.151
2,1,raw,27.8,8.548949227,212.546733,0.50571892,-3.792128839,131.9139248,1.75,100,800,1.75,30,6,2,2.07,0.4825,0,0.151
2,1,raw,28,8.649333717,211.7841393,0.497957834,-3.83337298,131.4406325,1.75,100,800,1.75,30,6,2,2.07,0.4825,0,0.151
2,1,raw,28.2,8.74813236,211.0133838,0.489861527,-3.873727991,130.9622747,1.75,100,800,1.75,30,6,2,2.07,0.4825,0,0.151
2,1,raw,28.4,8.845278328,210.2346481,0.481432149,-3.913155783,130.4789641,1.75,100,800,1.75,30,6,2,2.07,0.4825,0,0.151
2,1,raw,28.6,8.94070522,209.4481215,0.472671849,-3.951618265,129.9908183,1.75,100,800,1.75,30,6,2,2.07,0.4825,0,0.151
2,1,raw,28.8,9.034347067,208.6540008,0.463582777,-3.989077347,129.4979592,1.75,100,800,1.75,30,6,2,2.07,0.4825,0,0.151
2,1,raw,29,9.126138331,207.8524906,0.454167084,-4.02549494,129.000514,1.75,100,800,1.75,30,6,2,2.07,0.4825,0,0.151
2,1,raw,29.2,9.216013901,207.0438028,0.444636807,-4.061065796,128.4986141,1.75,100,800,1.75,30,6,2,2.07,0.4825,0,0.151
2,1,raw,29.4,9.303993054,206.2280642,0.435416908,-4.096286743,127.9923383,1.75,100,800,1.75,30,6,2,2.07,0.4825,0,0.151
2,1,raw,29.6,9.390180664,205.4052881,0.42641191,-4.131133808,127.4816947,1.75,100,800,1.75,30,6,2,2.07,0.4825,0,0.151
2,1,raw,29.8,9.474557818,204.5756107,0.417313204,-4.165292041,126.9667679,1.75,100,800,1.75,30,6,2,2.07,0.4825,0,0.151
2,1,raw,30,9.557105946,203.7391713,0.408128699,-4.198751974,126.4476444,1.75,100,800,1.75,30,6,2,2.07,0.4825,0,0.151
2,1,raw,30.2,9.637809297,202.8961099,0.398872467,-4.231510567,125.9244111,1.75,100,800,1.75,30,6,2,2.07,0.4825,0,0.151
2,1,raw,30.4,9.716654933,202.0465671,0.389558581,-4.263564779,125.3971551,1.75,100,800,1.75,30,6,2,2.07,0.4825,0,0.151
2,1,raw,30.6,9.793632729,201.190684,0.380201114,-4.29491157,124.8659642,1.75,100,800,1.75,30,6,2,2.07,0.4825,0,0.151
2,1,raw,30.8,9.868735378,200.3286025,0.370814138,-4.325547901,124.3309263,1.75,100,800,1.75,30,6,2,2.07,0.4825,0,0.151
2,1,raw,31,9.941958385,199.4604648,0.361411727,-4.35547073,123.7921298,1.75,100,800,1.75,30,6,2,2.07,0.4825,0,0.151
2,1,raw,31.2,10.01330007,198.5864142,0.352007953,-4.384677018,123.2496634,1.75,100,800,1.75,30,6,2,2.07,0.4825,0,0.151
2,1,raw,31.4,10.08276157,197.706594,0.342616889,-4.413163725,122.7036163,1.75,100,800,1.75,30,6,2,2.07,0.4825,0,0.151
2,1,raw,31.6,10.15034682,196.8211487,0.333252608,-4.44092781,122.154078,1.75,100,800,1.75,30,6,2,2.07,0.4825,0,0.151
2,1,raw,31.8,10.21606261,195.9302229,0.323929183,-4.467966233,121.6011384,1.75,100,800,1.75,30,6,2,2.07,0.4825,0,0.151
2,1,raw,32,10.2799185,195.0339622,0.314660686,-4.494275953,121.0448876,1.75,100,800,1.75,30,6,2,2.07,0.4825,0,0.151
2,1,raw,32.2,10.34192688,194.1325125,0.30546119,-4.519853932,120.4854165,1.75,100,800,1.75,30,6,2,2.07,0.4825,0,0.151
2,1,raw,32.4,10.40210297,193.2260206,0.296344769,-4.544697128,119.922816,1.75,100,800,1.75,30,6,2,2.07,0.4825,0,0.151
2,1,raw,32.6,10.46046479,192.3146337,0.287325494,-4.568802502,119.3571774,1.75,100,800,1.75,30,6,2,2.07,0.4825,0,0.151
2,1,raw,32.8,10.51703317,191.3984996,0.27841744,-4.592167012,118.7885926,1.75,100,800,1.75,30,6,2,2.07,0.4825,0,0.151
2,1,raw,33,10.57183177,190.4777669,0.269634677,-4.61478762,118.2171537,1.75,100,800,1.75,30,6,2,2.07,0.4825,0,0.151
2,1,raw,33.2,10.62488704,189.5525846,0.260991281,-4.636661284,117.6429533,1.75,100,800,1.75,30,6,2,2.07,0.4825,0,0.151
2,1,raw,33.4,10.67622828,188.6231024,0.252501322,-4.657784965,117.0660842,1.75,100,800,1.75,30,6,2,2.07,0.4825,0,0.151
2,1,raw,33.6,10.72588757,187.6894706,0.244178874,-4.678155622,116.4866397,1.75,100,800,1.75,30,6,2,2.07,0.4825,0,0.151
2,1,raw,33.8,10.77389983,186.7518401,0.23603801,-4.697770215,115.9047135,1.75,100,800,1.75,30,6,2,2.07,0.4825,0,0.151
2,1,raw,34,10.82030278,185.8103625,0.228092803,-4.716625704,115.3203996,1.75,100,800,1.75,30,6,2,2.07,0.4825,0,0.151
2,1,raw,34.2,10.86513695,184.8651898,0.220357325,-4.734719049,114.7337924,1.75,100,800,1.75,30,6,2,2.07,0.4825,0,0.151
2,1,raw,34.4,10.9084457,183.9164749,0.212845649,-4.752047209,114.1449868,1.75,100,800,1.75,30,6,2,2.07,0.4825,0,0.151
2,1,raw,34.6,10.95027521,182.964371,0.205571848,-4.768607145,113.5540778,1.75,100,800,1.75,30,6,2,2.07,0.4825,0,0.151
2,1,raw,34.8,10.99067444,182.009032,0.198549995,-4.784395816,112.9611611,1.75,100,800,1.75,30,6,2,2.07,0.4825,0,0.151
2,1,raw,35,11.02969521,181.0506126,0.191798188,-4.799406337,112.3663326,1.75,100,800,1.75,30,6,2,2.07,0.4825,0,0.151
2,1,raw,35.2,11.06739372,180.0892695,0.185442654,-4.813564476,111.7696895,1.75,100,800,1.75,30,6,2,2.07,0.4825,0,0.151
2,1,raw,35.4,11.10387227,179.1251868,0.179426982,-4.82706824,111.1713461,1.75,100,800,1.75,30,6,2,2.07,0.4825,0,0.151
2,1,raw,35.6,11.13916451,178.1584422,0.173492518,-4.840284021,110.5713506,1.75,100,800,1.75,30,6,2,2.07,0.4825,0,0.151
2,1,raw,35.8,11.17326928,177.1890732,0.167558362,-4.853304623,109.9697264,1.75,100,800,1.75,30,6,2,2.07,0.4825,0,0.151
2,1,raw,36,11.20618786,176.2171203,0.161636856,-4.866116623,109.3664985,1.75,100,800,1.75,30,6,2,2.07,0.4825,0,0.151
2,1,raw,36.2,11.23792402,175.2426266,0.155740341,-4.878706595,108.7616936,1.75,100,800,1.75,30,6,2,2.07,0.4825,0,0.151
2,1,raw,36.4,11.26848399,174.2656377,0.14988116,-4.891061114,108.1553402,1.75,100,800,1.75,30,6,2,2.07,0.4825,0,0.151
2,1,raw,36.6,11.29787648,173.2862021,0.144071654,-4.903166756,107.5474683,1.75,100,800,1.75,30,6,2,2.07,0.4825,0,0.151
2,1,raw,36.8,11.32611266,172.304371,0.138324165,-4.915010095,106.9381096,1.75,100,800,1.75,30,6,2,2.07,0.4825,0,0.151
2,1,raw,37,11.35320615,171.3201981,0.132651035,-4.926577707,106.3272975,1.75,100,800,1.75,30,6,2,2.07,0.4825,0,0.151
2,1,raw,37.2,11.37917307,170.3337399,0.127064606,-4.937856166,105.7150672,1.75,100,800,1.75,30,6,2,2.07,0.4825,0,0.151
2,1,raw,37.4,11.40403199,169.3450556,0.121577219,-4.948832047,105.1014552,1.75,100,800,1.75,30,6,2,2.07,0.4825,0,0.151
2,1,raw,37.6,11.42780396,168.3542071,0.116201218,-4.959491926,104.4865,1.75,100,800,1.75,30,6,2,2.07,0.4825,0,0.151
2,1,raw,37.8,11.45051248,167.3612589,0.110948942,-4.969822377,103.8702416,1.75,100,800,1.75,30,6,2,2.07,0.4825,0,0.151
2,1,raw,38,11.47218353,166.3662781,0.105832735,-4.979809975,103.2527218,1.75,100,800,1.75,30,6,2,2.07,0.4825,0,0.151
2,1,raw,38.2,11.49284557,165.3693349,0.100864938,-4.989441296,102.633984,1.75,100,800,1.75,30,6,2,2.07,0.4825,0,0.151
2,1,raw,38.4,11.51252951,164.3705016,0.096057893,-4.998702915,102.0140732,1.75,100,800,1.75,30,6,2,2.07,0.4825,0,0.151
2,1,raw,38.6,11.53126873,163.3698537,0.091423942,-5.007581406,101.3930362,1.75,100,800,1.75,30,6,2,2.07,0.4825,0,0.151
2,1,raw,38.8,11.54909909,162.3674691,0.086975426,-5.016063344,100.7709213,1.75,100,800,1.75,30,6,2,2.07,0.4825,0,0.151
2,1,raw,39,11.5660589,161.3634284,0.082724688,-5.024135305,100.1477786,1.75,100,800,1.75,30,6,2,2.07,0.4825,0,0.151
2,1,raw,39.2,11.58218896,160.3578149,0.07868407,-5.031783863,99.52365975,1.75,100,800,1.75,30,6,2,2.07,0.4825,0,0.151
2,1,raw,39.4,11.59753253,159.3507148,0.074865912,-5.038995594,98.89861824,1.75,100,800,1.75,30,6,2,2.07,0.4825,0,0.151
2,1,raw,39.6,11.61213533,158.3422167,0.071282558,-5.045757072,98.2727091,1.75,100,800,1.75,30,6,2,2.07,0.4825,0,0.151
2,1,raw,39.8,11.62604555,157.332412,0.067946349,-5.052054873,97.64598903,1.75,100,800,1.75,30,6,2,2.07,0.4825,0,0.151
2,1,raw,40,11.63931387,156.3213948,0.064869627,-5.057875571,97.01851643,1.75,100,800,1.75,30,6,2,2.07,0.4825,0,0.151
2,1,raw,40.2,11.6519934,155.3092618,0.062064733,-5.063205742,96.39035135,1.75,100,800,1.75,30,6,2,2.07,0.4825,0,0.151
2,1,raw,40.4,11.66413976,154.2961125,0.05954401,-5.06803196,95.76155551,1.75,100,800,1.75,30,6,2,2.07,0.4825,0,0.151
2,1,raw,40.6,11.67581101,153.282049,0.057319799,-5.072340801,95.1321923,1.75,100,800,1.75,30,6,2,2.07,0.4825,0,0.151
2,1,raw,40.8,11.68706768,152.2671761,0.055404443,-5.07611884,94.50232678,1.75,100,800,1.75,30,6,2,2.07,0.4825,0,0.151
2,1,raw,41,11.69797278,151.2516014,0.053831588,-5.079388283,93.87202566,1.75,100,800,1.75,30,6,2,2.07,0.4825,0,0.151
2,1,raw,41.2,11.70860031,150.2354208,0.052617964,-5.082476869,93.24134848,1.75,100,800,1.75,30,6,2,2.07,0.4825,0,0.151
2,1,raw,41.4,11.71901997,149.2186107,0.051496775,-5.085728862,92.61028061,1.75,100,800,1.75,30,6,2,2.07,0.4825,0,0.151
2,1,raw,41.6,11.72919902,148.2011293,0.050193315,-5.089165384,91.97879611,1.75,100,800,1.75,30,6,2,2.07,0.4825,0,0.151
2,1,raw,41.8,11.73909729,147.1829445,0.048698674,-5.092752671,91.3468751,1.75,100,800,1.75,30,6,2,2.07,0.4825,0,0.151
2,1,raw,42,11.74867849,146.1640282,0.047032342,-5.09647185,90.71450005,1.75,100,800,1.75,30,6,2,2.07,0.4825,0,0.151
2,1,raw,42.2,11.75791023,145.1443558,0.04521381,-5.100304047,90.08165574,1.75,100,800,1.75,30,6,2,2.07,0.4825,0,0.151
2,1,raw,42.4,11.76676402,144.1239066,0.043262567,-5.10423039,89.44832933,1.75,100,800,1.75,30,6,2,2.07,0.4825,0,0.151
2,1,raw,42.6,11.77521526,143.1026636,0.041198105,-5.108232007,88.81451029,1.75,100,800,1.75,30,6,2,2.07,0.4825,0,0.151
2,1,raw,42.8,11.78324326,142.0806138,0.039039913,-5.112290024,88.18019046,1.75,100,800,1.75,30,6,2,2.07,0.4825,0,0.151
2,1,raw,43,11.79083122,141.0577476,0.036807483,-5.116385567,87.54536401,1.75,100,800,1.75,30,6,2,2.07,0.4825,0,0.151
2,1,raw,43.2,11.79796625,140.0340596,0.034520304,-5.120499766,86.91002744,1.75,100,800,1.75,30,6,2,2.07,0.4825,0,0.151
2,1,raw,43.4,11.80463934,139.0095477,0.032197867,-5.124613746,86.27417962,1.75,100,800,1.75,30,6,2,2.07,0.4825,0,0.151
2,1,raw,43.6,11.8108454,137.9842141,0.029859662,-5.128708634,85.63782174,1.75,100,800,1.75,30,6,2,2.07,0.4825,0,0.151
2,1,raw,43.8,11.81658321,136.9580643,0.027525179,-5.132765558,85.00095735,1.75,100,800,1.75,30,6,2,2.07,0.4825,0,0.151
2,1,raw,44,11.82185547,135.9311078,0.02521391,-5.136765645,84.36359233,1.75,100,800,1.75,30,6,2,2.07,0.4825,0,0.151
2,1,raw,44.2,11.82666877,134.903358,0.022945344,-5.140690021,83.7257349,1.75,100,800,1.75,30,6,2,2.07,0.4825,0,0.151
2,1,raw,44.4,11.83103361,133.8748318,0.020738971,-5.144519815,83.08739563,1.75,100,800,1.75,30,6,2,2.07,0.4825,0,0.151
2,1,raw,44.6,11.83496436,132.8455501,0.018614283,-5.148236152,82.44858744,1.75,100,800,1.75,30,6,2,2.07,0.4825,0,0.151
2,1,raw,44.8,11.83847932,131.8155374,0.016590769,-5.151820161,81.80932558,1.75,100,800,1.75,30,6,2,2.07,0.4825,0,0.151
2,1,raw,45,11.84160067,130.784822,0.014687919,-5.155252967,81.16962764,1.75,100,800,1.75,30,6,2,2.07,0.4825,0,0.151
2,1,raw,45.2,11.84435449,129.7534362,0.012925225,-5.158515699,80.52951357,1.75,100,800,1.75,30,6,2,2.07,0.4825,0,0.151
2,1,raw,45.4,11.84677076,128.7214157,0.011322177,-5.161589484,79.88900565,1.75,100,800,1.75,30,6,2,2.07,0.4825,0,0.151
2,1,raw,45.6,11.84888336,127.6888004,0.009898265,-5.164455448,79.2481285,1.75,100,800,1.75,30,6,2,2.07,0.4825,0,0.151
2,1,raw,45.8,11.85073007,126.6556336,0.008672978,-5.167094718,78.60690909,1.75,100,800,1.75,30,6,2,2.07,0.4825,0,0.151
2,1,raw,46,11.85235255,125.6219625,0.007665809,-5.169488422,77.96537673,1.75,100,800,1.75,30,6,2,2.07,0.4825,0,0.151
2,1,raw,46.2,11.85379639,124.5878382,0.006896246,-5.171617687,77.32356307,1.75,100,800,1.75,30,6,2,2.07,0.4825,0,0.151
2,1,raw,46.4,11.85511105,123.5533154,0.006383782,-5.173463639,76.68150212,1.75,100,800,1.75,30,6,2,2.07,0.4825,0,0.151
2,1,raw,46.6,11.8563499,122.5184527,0.006147904,-5.175007407,76.03923019,1.75,100,800,1.75,30,6,2,2.07,0.4825,0,0.151
2,1,raw,46.8,11.85757021,121.4833125,0.006208105,-5.176230116,75.39678599,1.75,100,800,1.75,30,6,2,2.07,0.4825,0,0.151
2,1,raw,47,11.85883314,120.4479607,0.006583875,-5.177112895,74.75421053,1.75,100,800,1.75,30,6,2,2.07,0.4825,0,0.151
2,1,raw,47.2,11.86020376,119.4124673,0.007294704,-5.177636869,74.11154717,1.75,100,800,1.75,30,6,2,2.07,0.4825,0,0.151
2,1,raw,47.4,11.86175103,118.3769059,0.008360082,-5.177783167,73.46884163,1.75,100,800,1.75,30,6,2,2.07,0.4825,0,0.151
2,1,raw,47.6,11.86354779,117.341354,0.009789892,-5.177543444,72.82614195,1.75,100,800,1.75,30,6,2,2.07,0.4825,0,0.151
2,1,raw,47.8,11.86566698,116.3058886,0.010753606,-5.177828761,72.18349592,1.75,100,800,1.75,30,6,2,2.07,0.4825,0,0.151
2,1,raw,48,11.86784924,115.2702225,0.010592043,-5.179357012,71.54072542,1.75,100,800,1.75,30,6,2,2.07,0.4825,0,0.151
2,1,raw,48.2,11.8699038,114.2341458,0.010272813,-5.180383853,70.89769999,1.75,100,800,1.75,30,6,2,2.07,0.4825,0,0.151
2,2,raw,0,0.186915888,244.3925234,0.031627203,-0.047881244,151.6785344,1.75,100,800,1.75,30,6,2,2.07,0.4825,0,0.151
2,2,raw,0.2,0.193241329,244.3829472,0.032155805,-0.048690043,151.672591,1.75,100,800,1.75,30,6,2,2.07,0.4825,0,0.151
2,2,raw,0.4,0.19977821,244.3730474,0.033230223,-0.050334576,151.6664469,1.75,100,800,1.75,30,6,2,2.07,0.4825,0,0.151
2,2,raw,0.6,0.206533418,244.3628133,0.034339609,-0.052033864,151.6600953,1.75,100,800,1.75,30,6,2,2.07,0.4825,0,0.151
2,2,raw,0.8,0.213514054,244.3522338,0.035485437,-0.053790729,151.6535293,1.75,100,800,1.75,30,6,2,2.07,0.4825,0,0.151
2,2,raw,1,0.220727592,244.341297,0.036669027,-0.055607672,151.6467415,1.75,100,800,1.75,30,6,2,2.07,0.4825,0,0.151
2,2,raw,1.2,0.228181665,244.3299908,0.037890658,-0.057484385,151.6397244,1.75,100,800,1.75,30,6,2,2.07,0.4825,0,0.151
2,2,raw,1.4,0.235883856,244.3183033,0.039150934,-0.059421268,151.6324708,1.75,100,800,1.75,30,6,2,2.07,0.4825,0,0.151
2,2,raw,1.6,0.243842038,244.3062223,0.040451294,-0.061420862,151.6249729,1.75,100,800,1.75,30,6,2,2.07,0.4825,0,0.151
2,2,raw,1.8,0.252064373,244.2937349,0.041793184,-0.063485722,151.6172228,1.75,100,800,1.75,30,6,2,2.07,0.4825,0,0.151
2,2,raw,2,0.260559312,244.280828,0.043178048,-0.065618402,151.6092123,1.75,100,800,1.75,30,6,2,2.07,0.4825,0,0.151
2,2,raw,2.2,0.269335593,244.2674876,0.044607331,-0.06782146,151.6009328,1.75,100,800,1.75,30,6,2,2.07,0.4825,0,0.151
2,2,raw,2.4,0.278402244,244.2536994,0.046082479,-0.070097449,151.5923753,1.75,100,800,1.75,30,6,2,2.07,0.4825,0,0.151
2,2,raw,2.6,0.287768584,244.2394486,0.047604935,-0.072448926,151.5835308,1.75,100,800,1.75,30,6,2,2.07,0.4825,0,0.151
2,2,raw,2.8,0.297444218,244.2247198,0.049176144,-0.074878445,151.5743896,1.75,100,800,1.75,30,6,2,2.07,0.4825,0,0.151
2,2,raw,3,0.307439042,244.2094972,0.050797553,-0.077388562,151.5649419,1.75,100,800,1.75,30,6,2,2.07,0.4825,0,0.151
2,2,raw,3.2,0.317763239,244.1937644,0.052470605,-0.079981833,151.5551776,1.75,100,800,1.75,30,6,2,2.07,0.4825,0,0.151
2,2,raw,3.4,0.328427284,244.1775045,0.054196745,-0.082660813,151.5450861,1.75,100,800,1.75,30,6,2,2.07,0.4825,0,0.151
2,2,raw,3.6,0.339441937,244.1607001,0.055977418,-0.085428057,151.5346567,1.75,100,800,1.75,30,6,2,2.07,0.4825,0,0.151
2,2,raw,3.8,0.350818251,244.1433333,0.05781407,-0.088286121,151.5238783,1.75,100,800,1.75,30,6,2,2.07,0.4825,0,0.151
2,2,raw,4,0.362567565,244.1253856,0.059708144,-0.09123756,151.5127393,1.75,100,800,1.75,30,6,2,2.07,0.4825,0,0.151
2,2,raw,4.2,0.374701509,244.1068382,0.061661087,-0.094284929,151.5012282,1.75,100,800,1.75,30,6,2,2.07,0.4825,0,0.151
2,2,raw,4.4,0.387232,244.0876716,0.063674342,-0.097430784,151.4893327,1.75,100,800,1.75,30,6,2,2.07,0.4825,0,0.151
2,2,raw,4.6,0.400171245,244.0678659,0.065749354,-0.10067768,151.4770406,1.75,100,800,1.75,30,6,2,2.07,0.4825,0,0.151
2,2,raw,4.8,0.413531742,244.0474006,0.067887569,-0.104028172,151.4643391,1.75,100,800,1.75,30,6,2,2.07,0.4825,0,0.151
2,2,raw,5,0.427326273,244.0262546,0.070090432,-0.107484817,151.4512152,1.75,100,800,1.75,30,6,2,2.07,0.4825,0,0.151
2,2,raw,5.2,0.441567914,244.0044066,0.072358089,-0.111051224,151.4376556,1.75,100,800,1.75,30,6,2,2.07,0.4825,0,0.151
2,2,raw,5.4,0.456269509,243.9818342,0.074685545,-0.11473587,151.4236463,1.75,100,800,1.75,30,6,2,2.07,0.4825,0,0.151
2,2,raw,5.6,0.471442132,243.9585123,0.077077546,-0.118540974,151.4091719,1.75,100,800,1.75,30,6,2,2.07,0.4825,0,0.151
2,2,raw,5.8,0.487100527,243.9344178,0.079545483,-0.122463886,151.394218,1.75,100,800,1.75,30,6,2,2.07,0.4825,0,0.151
2,2,raw,6,0.503260325,243.9095267,0.082092396,-0.126508245,151.3787698,1.75,100,800,1.75,30,6,2,2.07,0.4825,0,0.151
2,2,raw,6.2,0.519937485,243.8838145,0.084719916,-0.130678788,151.3628118,1.75,100,800,1.75,30,6,2,2.07,0.4825,0,0.151
2,2,raw,6.4,0.537148292,243.8572552,0.087429677,-0.134980247,151.3463282,1.75,100,800,1.75,30,6,2,2.07,0.4825,0,0.151
2,2,raw,6.6,0.554909356,243.8298224,0.090223309,-0.139417359,151.3293025,1.75,100,800,1.75,30,6,2,2.07,0.4825,0,0.151
2,2,raw,6.8,0.573237615,243.8014883,0.093102445,-0.143994858,151.3117173,1.75,100,800,1.75,30,6,2,2.07,0.4825,0,0.151
2,2,raw,7,0.592150334,243.7722244,0.096068716,-0.148717478,151.2935552,1.75,100,800,1.75,30,6,2,2.07,0.4825,0,0.151
2,2,raw,7.2,0.611665102,243.7420013,0.099123754,-0.153589956,151.2747976,1.75,100,800,1.75,30,6,2,2.07,0.4825,0,0.151
2,2,raw,7.4,0.631799836,243.7107884,0.102269192,-0.158617024,151.2554258,1.75,100,800,1.75,30,6,2,2.07,0.4825,0,0.151
2,2,raw,7.6,0.652572779,243.6785545,0.105506661,-0.163803419,151.2354203,1.75,100,800,1.75,30,6,2,2.07,0.4825,0,0.151
2,2,raw,7.8,0.6740025,243.6452671,0.108837794,-0.169153874,151.214761,1.75,100,800,1.75,30,6,2,2.07,0.4825,0,0.151
2,2,raw,8,0.696107896,243.6108929,0.112264221,-0.174673125,151.1934272,1.75,100,800,1.75,30,6,2,2.07,0.4825,0,0.151
2,2,raw,8.2,0.718908189,243.5753978,0.115787575,-0.180365907,151.1713977,1.75,100,800,1.75,30,6,2,2.07,0.4825,0,0.151
2,2,raw,8.4,0.742422926,243.5387466,0.119409488,-0.186236954,151.1486507,1.75,100,800,1.75,30,6,2,2.07,0.4825,0,0.151
2,2,raw,8.6,0.766671984,243.500903,0.123131592,-0.192291001,151.1251636,1.75,100,800,1.75,30,6,2,2.07,0.4825,0,0.151
2,2,raw,8.8,0.791675563,243.4618302,0.126955519,-0.198532783,151.1009136,1.75,100,800,1.75,30,6,2,2.07,0.4825,0,0.151
2,2,raw,9,0.817454192,243.4214899,0.1308829,-0.204967035,151.0758771,1.75,100,800,1.75,30,6,2,2.07,0.4825,0,0.151
2,2,raw,9.2,0.844028723,243.3798434,0.134915368,-0.211598491,151.0500298,1.75,100,800,1.75,30,6,2,2.07,0.4825,0,0.151
2,2,raw,9.4,0.871420339,243.3368505,0.139054555,-0.218431886,151.0233469,1.75,100,800,1.75,30,6,2,2.07,0.4825,0,0.151
2,2,raw,9.6,0.899650545,243.2924706,0.143302091,-0.225471955,150.9958032,1.75,100,800,1.75,30,6,2,2.07,0.4825,0,0.151
2,2,raw,9.8,0.928741175,243.2466618,0.14765961,-0.232723433,150.9673726,1.75,100,800,1.75,30,6,2,2.07,0.4825,0,0.151
2,2,raw,10,0.958714389,243.1993812,0.152128744,-0.240191055,150.9380287,1.75,100,800,1.75,30,6,2,2.07,0.4825,0,0.151
2,2,raw,10.2,0.989592673,243.1505853,0.156711123,-0.247879555,150.9077442,1.75,100,800,1.75,30,6,2,2.07,0.4825,0,0.151
2,2,raw,10.4,1.021398838,243.1002294,0.16140838,-0.255793668,150.8764916,1.75,100,800,1.75,30,6,2,2.07,0.4825,0,0.151
2,2,raw,10.6,1.054156025,243.0482679,0.166222148,-0.263938129,150.8442424,1.75,100,800,1.75,30,6,2,2.07,0.4825,0,0.151
2,2,raw,10.8,1.087887697,242.9946542,0.171154057,-0.272317673,150.8109679,1.75,100,800,1.75,30,6,2,2.07,0.4825,0,0.151
2,2,raw,11,1.122617648,242.9393408,0.17620574,-0.280937034,150.7766385,1.75,100,800,1.75,30,6,2,2.07,0.4825,0,0.151
2,2,raw,11.2,1.158369993,242.8822793,0.181378829,-0.289800948,150.7412242,1.75,100,800,1.75,30,6,2,2.07,0.4825,0,0.151
2,2,raw,11.4,1.195169179,242.8234204,0.186674955,-0.298914148,150.7046943,1.75,100,800,1.75,30,6,2,2.07,0.4825,0,0.151
2,2,raw,11.6,1.233039976,242.7627137,0.192095751,-0.308281371,150.6670175,1.75,100,800,1.75,30,6,2,2.07,0.4825,0,0.151
2,2,raw,11.8,1.27200748,242.7001079,0.197642848,-0.31790735,150.6281622,1.75,100,800,1.75,30,6,2,2.07,0.4825,0,0.151
2,2,raw,12,1.312097115,242.6355507,0.203317879,-0.327796821,150.5880958,1.75,100,800,1.75,30,6,2,2.07,0.4825,0,0.151
2,2,raw,12.2,1.353334631,242.5689891,0.209061295,-0.337914345,150.5467853,1.75,100,800,1.75,30,6,2,2.07,0.4825,0,0.151
2,2,raw,12.4,1.395721633,242.500385,0.214769172,-0.348199507,150.5042072,1.75,100,800,1.75,30,6,2,2.07,0.4825,0,0.151
2,2,raw,12.6,1.4392423,242.4297093,0.220539944,-0.358729108,150.4603434,1.75,100,800,1.75,30,6,2,2.07,0.4825,0,0.151
2,2,raw,12.8,1.483937611,242.3568934,0.226516264,-0.36960609,150.4151513,1.75,100,800,1.75,30,6,2,2.07,0.4825,0,0.151
2,2,raw,13,1.529848806,242.2818669,0.232695028,-0.380834569,150.3685872,1.75,100,800,1.75,30,6,2,2.07,0.4825,0,0.151
2,2,raw,13.2,1.577015622,242.2045595,0.239068713,-0.392415709,150.3206076,1.75,100,800,1.75,30,6,2,2.07,0.4825,0,0.151
2,2,raw,13.4,1.625476291,242.1249006,0.245629795,-0.404350671,150.2711685,1.75,100,800,1.75,30,6,2,2.07,0.4825,0,0.151
2,2,raw,13.6,1.67526754,242.0428193,0.25237075,-0.416640621,150.2202259,1.75,100,800,1.75,30,6,2,2.07,0.4825,0,0.151
2,2,raw,13.8,1.726424591,241.9582444,0.259284054,-0.42928672,150.1677358,1.75,100,800,1.75,30,6,2,2.07,0.4825,0,0.151
2,2,raw,14,1.778981161,241.8711046,0.266362183,-0.442290132,150.1136538,1.75,100,800,1.75,30,6,2,2.07,0.4825,0,0.151
2,2,raw,14.2,1.832969464,241.7813283,0.273597614,-0.45565202,150.0579355,1.75,100,800,1.75,30,6,2,2.07,0.4825,0,0.151
2,2,raw,14.4,1.888420207,241.6888438,0.280982822,-0.469373547,150.0005364,1.75,100,800,1.75,30,6,2,2.07,0.4825,0,0.151
2,2,raw,14.6,1.945362593,241.5935789,0.288510284,-0.483455877,149.9414117,1.75,100,800,1.75,30,6,2,2.07,0.4825,0,0.151
2,2,raw,14.8,2.00382432,241.4954614,0.296172477,-0.497900173,149.8805165,1.75,100,800,1.75,30,6,2,2.07,0.4825,0,0.151
2,2,raw,15,2.063831583,241.3944188,0.303961876,-0.512707598,149.817806,1.75,100,800,1.75,30,6,2,2.07,0.4825,0,0.151
2,2,raw,15.2,2.125409071,241.2903784,0.311870957,-0.527879315,149.7532348,1.75,100,800,1.75,30,6,2,2.07,0.4825,0,0.151
2,2,raw,15.4,2.188579966,241.1832671,0.319892197,-0.543416487,149.6867578,1.75,100,800,1.75,30,6,2,2.07,0.4825,0,0.151
2,2,raw,15.6,2.25336595,241.0730118,0.328018072,-0.559320278,149.6183295,1.75,100,800,1.75,30,6,2,2.07,0.4825,0,0.151
2,2,raw,15.8,2.319787195,240.959539,0.336241058,-0.57559185,149.5479044,1.75,100,800,1.75,30,6,2,2.07,0.4825,0,0.151
2,2,raw,16,2.387862373,240.842775,0.344553632,-0.592232368,149.4754366,1.75,100,800,1.75,30,6,2,2.07,0.4825,0,0.151
2,2,raw,16.2,2.457608648,240.722646,0.352948268,-0.609242993,149.4008803,1.75,100,800,1.75,30,6,2,2.07,0.4825,0,0.151
2,2,raw,16.4,2.52904168,240.5990779,0.361417445,-0.62662489,149.3241896,1.75,100,800,1.75,30,6,2,2.07,0.4825,0,0.151
2,2,raw,16.6,2.602175626,240.4719961,0.369953637,-0.644379222,149.2453182,1.75,100,800,1.75,30,6,2,2.07,0.4825,0,0.151
2,2,raw,16.8,2.677023135,240.3413262,0.378549321,-0.662507151,149.1642199,1.75,100,800,1.75,30,6,2,2.07,0.4825,0,0.151
2,2,raw,17,2.753595354,240.2069932,0.387196974,-0.681009841,149.0808482,1.75,100,800,1.75,30,6,2,2.07,0.4825,0,0.151
2,2,raw,17.2,2.831901925,240.0689222,0.395889071,-0.699888455,148.9951565,1.75,100,800,1.75,30,6,2,2.07,0.4825,0,0.151
2,2,raw,17.4,2.911950983,239.9270378,0.404618089,-0.719144156,148.9070981,1.75,100,800,1.75,30,6,2,2.07,0.4825,0,0.151
2,2,raw,17.6,2.99374916,239.7812646,0.413376503,-0.738778108,148.8166261,1.75,100,800,1.75,30,6,2,2.07,0.4825,0,0.151
2,2,raw,17.8,3.077301584,239.6315266,0.42215679,-0.758791473,148.7236935,1.75,100,800,1.75,30,6,2,2.07,0.4825,0,0.151
2,2,raw,18,3.162611876,239.477748,0.430951427,-0.779185416,148.6282531,1.75,100,800,1.75,30,6,2,2.07,0.4825,0,0.151
2,2,raw,18.2,3.249682155,239.3198524,0.439752889,-0.799961098,148.5302576,1.75,100,800,1.75,30,6,2,2.07,0.4825,0,0.151
2,2,raw,18.4,3.338513032,239.1577635,0.448553653,-0.821119684,148.4296596,1.75,100,800,1.75,30,6,2,2.07,0.4825,0,0.151
2,2,raw,18.6,3.429103616,238.9914046,0.457346194,-0.842662336,148.3264114,1.75,100,800,1.75,30,6,2,2.07,0.4825,0,0.151
2,2,raw,18.8,3.52145151,238.8206986,0.466122989,-0.864590218,148.2204653,1.75,100,800,1.75,30,6,2,2.07,0.4825,0,0.151
2,2,raw,19,3.615552812,238.6455685,0.474876515,-0.886904492,148.1117735,1.75,100,800,1.75,30,6,2,2.07,0.4825,0,0.151
2,2,raw,19.2,3.711402116,238.4659368,0.483599247,-0.909606323,148.0002878,1.75,100,800,1.75,30,6,2,2.07,0.4825,0,0.151
2,2,raw,19.4,3.80899251,238.2817259,0.492283661,-0.932696873,147.8859601,1.75,100,800,1.75,30,6,2,2.07,0.4825,0,0.151
2,2,raw,19.6,3.90831558,238.0928581,0.500922234,-0.956177306,147.7687421,1.75,100,800,1.75,30,6,2,2.07,0.4825,0,0.151
2,2,raw,19.8,4.009361404,237.899255,0.509507443,-0.980048784,147.6485853,1.75,100,800,1.75,30,6,2,2.07,0.4825,0,0.151
2,2,raw,20,4.112118557,237.7008385,0.518031762,-1.00431247,147.5254411,1.75,100,800,1.75,30,6,2,2.07,0.4825,0,0.151
2,2,raw,20.2,4.216574109,237.49753,0.526487668,-1.028969529,147.3992607,1.75,100,800,1.75,30,6,2,2.07,0.4825,0,0.151
2,2,raw,20.4,4.322713625,237.2892507,0.534867638,-1.054021123,147.2699953,1.75,100,800,1.75,30,6,2,2.07,0.4825,0,0.151
2,2,raw,20.6,4.430521164,237.0759216,0.543164148,-1.079468416,147.1375958,1.75,100,800,1.75,30,6,2,2.07,0.4825,0,0.151
2,2,raw,20.8,4.539979284,236.8574634,0.551578115,-1.105175792,147.002013,1.75,100,800,1.75,30,6,2,2.07,0.4825,0,0.151
2,2,raw,21,4.65115241,236.6338513,0.560346968,-1.130939217,146.8632315,1.75,100,800,1.75,30,6,2,2.07,0.4825,0,0.151
2,2,raw,21.2,4.764118071,236.4050877,0.569136601,-1.156894231,146.7212528,1.75,100,800,1.75,30,6,2,2.07,0.4825,0,0.151
2,2,raw,21.4,4.87880705,236.1710936,0.57757648,-1.183237202,146.5760279,1.75,100,800,1.75,30,6,2,2.07,0.4825,0,0.151
2,2,raw,21.6,4.995148663,235.9317928,0.585662957,-1.209951835,146.4275095,1.75,100,800,1.75,30,6,2,2.07,0.4825,0,0.151
2,2,raw,21.8,5.113072233,235.6871128,0.593396083,-1.237019566,146.2756526,1.75,100,800,1.75,30,6,2,2.07,0.4825,0,0.151
2,2,raw,22,5.232507096,235.436985,0.600775908,-1.264421826,146.1204145,1.75,100,800,1.75,30,6,2,2.07,0.4825,0,0.151
2,2,raw,22.2,5.353382596,235.1813441,0.607802483,-1.292140049,145.9617548,1.75,100,800,1.75,30,6,2,2.07,0.4825,0,0.151
2,2,raw,22.4,5.475628089,234.9201289,0.614475858,-1.32015567,145.7996356,1.75,100,800,1.75,30,6,2,2.07,0.4825,0,0.151
2,2,raw,22.6,5.59917294,234.6532818,0.620796085,-1.34845012,145.634021,1.75,100,800,1.75,30,6,2,2.07,0.4825,0,0.151
2,2,raw,22.8,5.723946523,234.3807489,0.626763213,-1.377004835,145.4648775,1.75,100,800,1.75,30,6,2,2.07,0.4825,0,0.151
2,2,raw,23,5.849878225,234.1024799,0.632377294,-1.405801246,145.292174,1.75,100,800,1.75,30,6,2,2.07,0.4825,0,0.151
2,2,raw,23.2,5.976897441,233.8184284,0.637638378,-1.434820788,145.1158818,1.75,100,800,1.75,30,6,2,2.07,0.4825,0,0.151
2,2,raw,23.4,6.104933576,233.5285516,0.642546515,-1.464044894,144.9359741,1.75,100,800,1.75,30,6,2,2.07,0.4825,0,0.151
2,2,raw,23.6,6.233916047,233.2328104,0.647101756,-1.493454997,144.7524268,1.75,100,800,1.75,30,6,2,2.07,0.4825,0,0.151
2,2,raw,23.8,6.363774279,232.9311696,0.651304153,-1.523032531,144.565218,1.75,100,800,1.75,30,6,2,2.07,0.4825,0,0.151
2,2,raw,24,6.494437708,232.6235974,0.655153754,-1.55275893,144.3743279,1.75,100,800,1.75,30,6,2,2.07,0.4825,0,0.151
2,2,raw,24.2,6.62583578,232.310066,0.658650612,-1.582615626,144.1797394,1.75,100,800,1.75,30,6,2,2.07,0.4825,0,0.151
2,2,raw,24.4,6.757897953,231.9905512,0.661794776,-1.612584053,143.9814373,1.75,100,800,1.75,30,6,2,2.07,0.4825,0,0.151
2,2,raw,24.6,6.890553691,231.6650324,0.664586298,-1.642645644,143.779409,1.75,100,800,1.75,30,6,2,2.07,0.4825,0,0.151
2,2,raw,24.8,7.023732472,231.3334929,0.667025227,-1.672781834,143.573644,1.75,100,800,1.75,30,6,2,2.07,0.4825,0,0.151
2,2,raw,25,7.157363782,230.9959197,0.669111615,-1.702974055,143.3641343,1.75,100,800,1.75,30,6,2,2.07,0.4825,0,0.151
2,2,raw,25.2,7.291377117,230.6523033,0.670845511,-1.73320374,143.150874,1.75,100,800,1.75,30,6,2,2.07,0.4825,0,0.151
2,2,raw,25.4,7.425701986,230.3026382,0.672226968,-1.763452324,142.9338596,1.75,100,800,1.75,30,6,2,2.07,0.4825,0,0.151
2,2,raw,25.6,7.560267904,229.9469224,0.673256034,-1.793701239,142.7130899,1.75,100,800,1.75,30,6,2,2.07,0.4825,0,0.151
2,2,raw,25.8,7.6950044,229.5851577,0.673932762,-1.82393192,142.4885661,1.75,100,800,1.75,30,6,2,2.07,0.4825,0,0.151
2,2,raw,26,7.829841009,229.2173496,0.6742572,-1.854125799,142.2602916,1.75,100,800,1.75,30,6,2,2.07,0.4825,0,0.151
2,2,raw,26.2,7.96470728,228.8435074,0.674229401,-1.88426431,142.028272,1.75,100,800,1.75,30,6,2,2.07,0.4825,0,0.151
2,2,raw,26.4,8.09953277,228.4636439,0.673849415,-1.914328886,141.7925155,1.75,100,800,1.75,30,6,2,2.07,0.4825,0,0.151
2,2,raw,26.6,8.234247046,228.0777758,0.673117292,-1.944300961,141.5530323,1.75,100,800,1.75,30,6,2,2.07,0.4825,0,0.151
2,2,raw,26.8,8.368779686,227.6859235,0.672033083,-1.974161968,141.3098351,1.75,100,800,1.75,30,6,2,2.07,0.4825,0,0.151
2,2,raw,27,8.503060279,227.288111,0.670596838,-2.00389334,141.0629387,1.75,100,800,1.75,30,6,2,2.07,0.4825,0,0.151
2,2,raw,27.2,8.637018422,226.8843662,0.668808609,-2.033476512,140.8123606,1.75,100,800,1.75,30,6,2,2.07,0.4825,0,0.151
2,2,raw,27.4,8.770583722,226.4747204,0.666668445,-2.062892916,140.5581201,1.75,100,800,1.75,30,6,2,2.07,0.4825,0,0.151
2,2,raw,27.6,8.9036858,226.059209,0.664176397,-2.092123986,140.3002392,1.75,100,800,1.75,30,6,2,2.07,0.4825,0,0.151
2,2,raw,27.8,9.036254281,225.6378708,0.661332517,-2.121151156,140.038742,1.75,100,800,1.75,30,6,2,2.07,0.4825,0,0.151
2,2,raw,28,9.168218806,225.2107485,0.658136853,-2.149955858,139.773655,1.75,100,800,1.75,30,6,2,2.07,0.4825,0,0.151
2,2,raw,28.2,9.299509023,224.7778885,0.654589458,-2.178519526,139.505007,1.75,100,800,1.75,30,6,2,2.07,0.4825,0,0.151
2,2,raw,28.4,9.43005459,224.3393407,0.650690382,-2.206823594,139.2328289,1.75,100,800,1.75,30,6,2,2.07,0.4825,0,0.151
2,2,raw,28.6,9.559785176,223.895159,0.646439675,-2.234849494,138.9571543,1.75,100,800,1.75,30,6,2,2.07,0.4825,0,0.151
2,2,raw,28.8,9.68863046,223.4454009,0.641837389,-2.262578662,138.6780187,1.75,100,800,1.75,30,6,2,2.07,0.4825,0,0.151
2,2,raw,29,9.816520131,222.9901276,0.636883572,-2.289992529,138.3954601,1.75,100,800,1.75,30,6,2,2.07,0.4825,0,0.151
2,2,raw,29.2,9.943383889,222.5294039,0.631578277,-2.317072529,138.1095189,1.75,100,800,1.75,30,6,2,2.07,0.4825,0,0.151
2,2,raw,29.4,10.06915144,222.0632986,0.625921554,-2.343800096,137.8202377,1.75,100,800,1.75,30,6,2,2.07,0.4825,0,0.151
2,2,raw,29.6,10.19375251,221.5918839,0.619913453,-2.370156663,137.5276613,1.75,100,800,1.75,30,6,2,2.07,0.4825,0,0.151
2,2,raw,29.8,10.31711682,221.1152359,0.613554025,-2.396123664,137.2318369,1.75,100,800,1.75,30,6,2,2.07,0.4825,0,0.151
2,2,raw,30,10.43917412,220.6334344,0.606843321,-2.421682531,136.9328141,1.75,100,800,1.75,30,6,2,2.07,0.4825,0,0.151
2,2,raw,30.2,10.55985415,220.1465629,0.59978139,-2.446814699,136.6306446,1.75,100,800,1.75,30,6,2,2.07,0.4825,0,0.151
2,2,raw,30.4,10.67908668,219.6547085,0.592368285,-2.471501601,136.3253826,1.75,100,800,1.75,30,6,2,2.07,0.4825,0,0.151
2,2,raw,30.6,10.79680147,219.1579622,0.584604055,-2.49572467,136.0170845,1.75,100,800,1.75,30,6,2,2.07,0.4825,0,0.151
2,2,raw,30.8,10.9129283,218.6564187,0.576488751,-2.51946534,135.705809,1.75,100,800,1.75,30,6,2,2.07,0.4825,0,0.151
2,2,raw,31,11.02739697,218.1501761,0.568022424,-2.542705043,135.3916172,1.75,100,800,1.75,30,6,2,2.07,0.4825,0,0.151
2,2,raw,31.2,11.14013727,217.6393366,0.559205124,-2.565425215,135.0745724,1.75,100,800,1.75,30,6,2,2.07,0.4825,0,0.151
2,2,raw,31.4,11.25107902,217.124006,0.550036902,-2.587607287,134.7547402,1.75,100,800,1.75,30,6,2,2.07,0.4825,0,0.151
2,2,raw,31.6,11.36015203,216.6042937,0.540533836,-2.609239722,134.4321886,1.75,100,800,1.75,30,6,2,2.07,0.4825,0,0.151
2,2,raw,31.8,11.46729255,216.0803101,0.531153319,-2.630521893,134.1069861,1.75,100,800,1.75,30,6,2,2.07,0.4825,0,0.151
2,2,raw,32,11.57261336,215.552085,0.522172913,-2.651622165,133.7791511,1.75,100,800,1.75,30,6,2,2.07,0.4825,0,0.151
2,2,raw,32.2,11.67616172,215.0196613,0.51325316,-2.672434016,133.4487104,1.75,100,800,1.75,30,6,2,2.07,0.4825,0,0.151
2,2,raw,32.4,11.77791462,214.4831114,0.504223777,-2.692883682,133.1157088,1.75,100,800,1.75,30,6,2,2.07,0.4825,0,0.151
2,2,raw,32.6,11.87785123,213.9425078,0.495095547,-2.71297015,132.7801913,1.75,100,800,1.75,30,6,2,2.07,0.4825,0,0.151
2,2,raw,32.8,11.97595284,213.3979233,0.485879256,-2.732692405,132.4422032,1.75,100,800,1.75,30,6,2,2.07,0.4825,0,0.151
2,2,raw,33,12.07220293,212.8494308,0.476585689,-2.752049433,132.1017896,1.75,100,800,1.75,30,6,2,2.07,0.4825,0,0.151
2,2,raw,33.2,12.16658712,212.2971035,0.467225629,-2.771040221,131.758996,1.75,100,800,1.75,30,6,2,2.07,0.4825,0,0.151
2,2,raw,33.4,12.25909318,211.7410147,0.457809862,-2.789663755,131.4138679,1.75,100,800,1.75,30,6,2,2.07,0.4825,0,0.151
2,2,raw,33.6,12.34971106,211.181238,0.448349171,-2.807919019,131.0664509,1.75,100,800,1.75,30,6,2,2.07,0.4825,0,0.151
2,2,raw,33.8,12.43843285,210.6178471,0.438854342,-2.825805002,130.7167908,1.75,100,800,1.75,30,6,2,2.07,0.4825,0,0.151
2,2,raw,34,12.5252528,210.050916,0.429336159,-2.843320687,130.3649336,1.75,100,800,1.75,30,6,2,2.07,0.4825,0,0.151
2,2,raw,34.2,12.61016731,209.4805189,0.419805406,-2.860465063,130.0109252,1.75,100,800,1.75,30,6,2,2.07,0.4825,0,0.151
2,2,raw,34.4,12.69317496,208.90673,0.410272869,-2.877237114,129.6548118,1.75,100,800,1.75,30,6,2,2.07,0.4825,0,0.151
2,2,raw,34.6,12.77427646,208.329624,0.400749331,-2.893635826,129.2966397,1.75,100,800,1.75,30,6,2,2.07,0.4825,0,0.151
2,2,raw,34.8,12.85347469,207.7492757,0.391245577,-2.909660186,128.9364552,1.75,100,800,1.75,30,6,2,2.07,0.4825,0,0.151
2,2,raw,35,12.93077469,207.1657599,0.381772391,-2.92530918,128.574305,1.75,100,800,1.75,30,6,2,2.07,0.4825,0,0.151
2,2,raw,35.2,13.00618365,206.579152,0.372340559,-2.940581794,128.2102356,1.75,100,800,1.75,30,6,2,2.07,0.4825,0,0.151
2,2,raw,35.4,13.07971091,205.9895272,0.362960865,-2.955477013,127.8442939,1.75,100,800,1.75,30,6,2,2.07,0.4825,0,0.151
2,2,raw,35.6,13.15136799,205.3969612,0.353644093,-2.969993824,127.4765267,1.75,100,800,1.75,30,6,2,2.07,0.4825,0,0.151
2,2,raw,35.8,13.22116855,204.8015297,0.344401028,-2.984131213,127.1069811,1.75,100,800,1.75,30,6,2,2.07,0.4825,0,0.151
2,2,raw,36,13.28912841,204.2033087,0.335242454,-2.997888165,126.7357043,1.75,100,800,1.75,30,6,2,2.07,0.4825,0,0.151
2,2,raw,36.2,13.35526553,203.6023744,0.326179156,-3.011263667,126.3627435,1.75,100,800,1.75,30,6,2,2.07,0.4825,0,0.151
2,2,raw,36.4,13.41960007,202.9988032,0.317221919,-3.024256706,125.9881461,1.75,100,800,1.75,30,6,2,2.07,0.4825,0,0.151
2,2,raw,36.6,13.4821543,202.3926717,0.308381527,-3.036866266,125.6119598,1.75,100,800,1.75,30,6,2,2.07,0.4825,0,0.151
2,2,raw,36.8,13.54295268,201.7840567,0.299668764,-3.049091334,125.234232,1.75,100,800,1.75,30,6,2,2.07,0.4825,0,0.151
2,2,raw,37,13.60202181,201.1730352,0.291094415,-3.060930896,124.8550107,1.75,100,800,1.75,30,6,2,2.07,0.4825,0,0.151
2,2,raw,37.2,13.65939044,200.5596844,0.282669265,-3.072383937,124.4743438,1.75,100,800,1.75,30,6,2,2.07,0.4825,0,0.151
2,2,raw,37.4,13.71508951,199.9440816,0.274404098,-3.083449445,124.0922792,1.75,100,800,1.75,30,6,2,2.07,0.4825,0,0.151
2,2,raw,37.6,13.76915208,199.3263046,0.266309699,-3.094126405,123.7088652,1.75,100,800,1.75,30,6,2,2.07,0.4825,0,0.151
2,2,raw,37.8,13.82161339,198.7064311,0.258396852,-3.104413803,123.3241501,1.75,100,800,1.75,30,6,2,2.07,0.4825,0,0.151
2,2,raw,38,13.87251082,198.0845391,0.250676342,-3.114310625,122.9381822,1.75,100,800,1.75,30,6,2,2.07,0.4825,0,0.151
2,2,raw,38.2,13.92188393,197.4607068,0.243158954,-3.123815857,122.5510101,1.75,100,800,1.75,30,6,2,2.07,0.4825,0,0.151
2,2,raw,38.4,13.96977441,196.8350127,0.235855471,-3.132928485,122.1626825,1.75,100,800,1.75,30,6,2,2.07,0.4825,0,0.151
2,2,raw,38.6,14.01622612,196.2075354,0.228776679,-3.141647495,121.7732482,1.75,100,800,1.75,30,6,2,2.07,0.4825,0,0.151
2,2,raw,38.8,14.06128508,195.5783537,0.221933361,-3.149971874,121.3827561,1.75,100,800,1.75,30,6,2,2.07,0.4825,0,0.151
2,2,raw,39,14.10499946,194.9475467,0.215336303,-3.157900607,120.9912552,1.75,100,800,1.75,30,6,2,2.07,0.4825,0,0.151
2,2,raw,39.2,14.1474196,194.3151935,0.209002379,-3.165428987,120.5987947,1.75,100,800,1.75,30,6,2,2.07,0.4825,0,0.151
2,2,raw,39.4,14.18860041,193.6813751,0.203094614,-3.172484752,120.2054249,1.75,100,800,1.75,30,6,2,2.07,0.4825,0,0.151
2,2,raw,39.6,14.22865744,193.0461996,0.197566653,-3.179177774,119.8112128,1.75,100,800,1.75,30,6,2,2.07,0.4825,0,0.151
2,2,raw,39.8,14.26762707,192.409704,0.19211796,-3.185756642,119.4161814,1.75,100,800,1.75,30,6,2,2.07,0.4825,0,0.151
2,2,raw,40,14.30550463,191.7718969,0.186650243,-3.192288472,119.020336,1.75,100,800,1.75,30,6,2,2.07,0.4825,0,0.151
2,2,raw,40.2,14.34228717,191.1327886,0.181172203,-3.198766191,118.6236831,1.75,100,800,1.75,30,6,2,2.07,0.4825,0,0.151
2,2,raw,40.4,14.37797351,190.4923905,0.175692538,-3.205182728,118.2262296,1.75,100,800,1.75,30,6,2,2.07,0.4825,0,0.151
2,2,raw,40.6,14.41256419,189.8507155,0.170219949,-3.21153101,117.8279837,1.75,100,800,1.75,30,6,2,2.07,0.4825,0,0.151
2,2,raw,40.8,14.44606149,189.2077781,0.164763134,-3.217803966,117.4289543,1.75,100,800,1.75,30,6,2,2.07,0.4825,0,0.151
2,2,raw,41,14.47846944,188.5635939,0.159330794,-3.223994525,117.0291511,1.75,100,800,1.75,30,6,2,2.07,0.4825,0,0.151
2,2,raw,41.2,14.50979381,187.9181802,0.153931626,-3.230095613,116.6285849,1.75,100,800,1.75,30,6,2,2.07,0.4825,0,0.151
2,2,raw,41.4,14.54004209,187.2715557,0.148574332,-3.23610016,116.2272671,1.75,100,800,1.75,30,6,2,2.07,0.4825,0,0.151
2,2,raw,41.6,14.56922354,186.6237402,0.14326761,-3.242001094,115.8252102,1.75,100,800,1.75,30,6,2,2.07,0.4825,0,0.151
2,2,raw,41.8,14.59734914,185.9747552,0.138020159,-3.247791342,115.4224275,1.75,100,800,1.75,30,6,2,2.07,0.4825,0,0.151
2,2,raw,42,14.6244316,185.3246236,0.13284068,-3.253463833,115.0189331,1.75,100,800,1.75,30,6,2,2.07,0.4825,0,0.151
2,2,raw,42.2,14.65048541,184.6733697,0.127737871,-3.259011495,114.6147421,1.75,100,800,1.75,30,6,2,2.07,0.4825,0,0.151
2,2,raw,42.4,14.67552675,184.0210191,0.122720432,-3.264427256,114.2098706,1.75,100,800,1.75,30,6,2,2.07,0.4825,0,0.151
2,2,raw,42.6,14.69957358,183.3675988,0.117797062,-3.269704045,113.8043351,1.75,100,800,1.75,30,6,2,2.07,0.4825,0,0.151
2,2,raw,42.8,14.72264558,182.7131374,0.112976462,-3.274834789,113.3981535,1.75,100,800,1.75,30,6,2,2.07,0.4825,0,0.151
2,2,raw,43,14.74476417,182.0576649,0.108267329,-3.279812417,112.9913444,1.75,100,800,1.75,30,6,2,2.07,0.4825,0,0.151
2,2,raw,43.2,14.76595251,181.4012125,0.103678364,-3.284629857,112.5839271,1.75,100,800,1.75,30,6,2,2.07,0.4825,0,0.151
2,2,raw,43.4,14.78623551,180.7438129,0.099218266,-3.289280037,112.175922,1.75,100,800,1.75,30,6,2,2.07,0.4825,0,0.151
2,2,raw,43.6,14.80563981,180.0855005,0.094895734,-3.293755884,111.7673503,1.75,100,800,1.75,30,6,2,2.07,0.4825,0,0.151
2,2,raw,43.8,14.8241938,179.4263106,0.090719468,-3.298050329,111.358234,1.75,100,800,1.75,30,6,2,2.07,0.4825,0,0.151
2,2,raw,44,14.8419276,178.7662803,0.086698167,-3.302156298,110.9485962,1.75,100,800,1.75,30,6,2,2.07,0.4825,0,0.151
2,2,raw,44.2,14.85887307,178.1054481,0.082840532,-3.306066719,110.5384606,1.75,100,800,1.75,30,6,2,2.07,0.4825,0,0.151
2,2,raw,44.4,14.87506381,177.4438536,0.07915526,-3.309774521,110.127852,1.75,100,800,1.75,30,6,2,2.07,0.4825,0,0.151
2,2,raw,44.6,14.89053518,176.7815383,0.075651051,-3.313272633,109.716796,1.75,100,800,1.75,30,6,2,2.07,0.4825,0,0.151
2,2,raw,44.8,14.90532424,176.1185446,0.072336606,-3.316553981,109.3053189,1.75,100,800,1.75,30,6,2,2.07,0.4825,0,0.151
2,2,raw,45,14.91946982,175.4549167,0.069220623,-3.319611495,108.8934483,1.75,100,800,1.75,30,6,2,2.07,0.4825,0,0.151
2,2,raw,45.2,14.93301248,174.7907,0.066311801,-3.322438102,108.4812122,1.75,100,800,1.75,30,6,2,2.07,0.4825,0,0.151
2,2,raw,45.4,14.94599454,174.1259414,0.063618841,-3.325026732,108.0686398,1.75,100,800,1.75,30,6,2,2.07,0.4825,0,0.151
2,2,raw,45.6,14.95846002,173.4606893,0.061150442,-3.32737031,107.6557611,1.75,100,800,1.75,30,6,2,2.07,0.4825,0,0.151
2,2,raw,45.8,14.97045471,172.7949933,0.058915302,-3.329461767,107.242607,1.75,100,800,1.75,30,6,2,2.07,0.4825,0,0.151
2,2,raw,46,14.98202614,172.1289046,0.056922122,-3.33129403,106.829209,1.75,100,800,1.75,30,6,2,2.07,0.4825,0,0.151
2,2,raw,46.2,14.99322356,171.4624757,0.0551796,-3.332860027,106.4156,1.75,100,800,1.75,30,6,2,2.07,0.4825,0,0.151
2,2,raw,46.4,15.00409798,170.7957606,0.053696437,-3.334152687,106.0018133,1.75,100,800,1.75,30,6,2,2.07,0.4825,0,0.151
2,2,raw,46.6,15.01470214,170.1288146,0.052481332,-3.335164938,105.5878834,1.75,100,800,1.75,30,6,2,2.07,0.4825,0,0.151
2,2,raw,46.8,15.02509051,169.4616946,0.051529525,-3.335904683,105.1738454,1.75,100,800,1.75,30,6,2,2.07,0.4825,0,0.151
2,2,raw,47,15.03531395,168.7944527,0.05032558,-3.336945879,104.7597318,1.75,100,800,1.75,30,6,2,2.07,0.4825,0,0.151
2,2,raw,47.2,15.04522075,168.1269162,0.048539201,-3.338649872,104.3454353,1.75,100,800,1.75,30,6,2,2.07,0.4825,0,0.151
2,2,raw,47.4,15.05472963,167.4589928,0.046585358,-3.340548793,103.9308987,1.75,100,800,1.75,30,6,2,2.07,0.4825,0,0.151
2,2,raw,47.6,15.06385489,166.7906967,0.044702023,-3.342377172,103.5161308,1.75,100,800,1.75,30,6,2,2.07,0.4825,0,0.151
2,2,raw,47.8,15.07261044,166.1220419,0.042887259,-3.344137471,103.1011403,1.75,100,800,1.75,30,6,2,2.07,0.4825,0,0.151
2,2,raw,48,15.08100979,165.4530417,0.041139128,-3.345832149,102.6859354,1.75,100,800,1.75,30,6,2,2.07,0.4825,0,0.151
2,2,raw,48.2,15.08906609,164.7837091,0.040281478,-3.346663391,102.2705242,1.75,100,800,1.75,30,6,2,2.07,0.4825,0,0.151
3,1,raw,0,0.24852071,33.01775148,0.06880287,-0.246907414,141.0922495,1.5,150,200,3,30,5.5,5,0,0.4884,0,0.1132
3,1,raw,0.2,0.262281284,32.96837,0.070531307,-0.253135175,140.8812314,1.5,150,200,3,30,5.5,5,0,0.4884,0,0.1132
3,1,raw,0.4,0.276733233,32.91649741,0.07405495,-0.265834407,140.6595682,1.5,150,200,3,30,5.5,5,0,0.4884,0,0.1132
3,1,raw,0.6,0.291903264,32.86203623,0.077712329,-0.279022275,140.4268434,1.5,150,200,3,30,5.5,5,0,0.4884,0,0.1132
3,1,raw,0.8,0.307818164,32.8048885,0.081498903,-0.292683992,140.1826383,1.5,150,200,3,30,5.5,5,0,0.4884,0,0.1132
3,1,raw,1,0.324502825,32.74496264,0.085396797,-0.306758251,139.9265617,1.5,150,200,3,30,5.5,5,0,0.4884,0,0.1132
3,1,raw,1.2,0.341976883,32.6821852,0.089422535,-0.321303774,139.6582996,1.5,150,200,3,30,5.5,5,0,0.4884,0,0.1132
3,1,raw,1.4,0.360271839,32.61644113,0.093604406,-0.33642039,139.3773604,1.5,150,200,3,30,5.5,5,0,0.4884,0,0.1132
3,1,raw,1.6,0.379418646,32.54761704,0.097935198,-0.352084102,139.0832597,1.5,150,200,3,30,5.5,5,0,0.4884,0,0.1132
3,1,raw,1.8,0.399445919,32.47560749,0.102403229,-0.368255316,138.7755467,1.5,150,200,3,30,5.5,5,0,0.4884,0,0.1132
3,1,raw,2,0.420379937,32.40031492,0.106996817,-0.38489444,138.4538047,1.5,150,200,3,30,5.5,5,0,0.4884,0,0.1132
3,1,raw,2.2,0.442244645,32.32164971,0.111704277,-0.40196188,138.1176507,1.5,150,200,3,30,5.5,5,0,0.4884,0,0.1132
3,1,raw,2.4,0.465061648,32.23953016,0.116513929,-0.419418045,137.7667355,1.5,150,200,3,30,5.5,5,0,0.4884,0,0.1132
3,1,raw,2.6,0.488850217,32.15388249,0.12141409,-0.437223341,137.4007438,1.5,150,200,3,30,5.5,5,0,0.4884,0,0.1132
3,1,raw,2.8,0.513627284,32.06464083,0.126393077,-0.455338176,137.0193941,1.5,150,200,3,30,5.5,5,0,0.4884,0,0.1132
3,1,raw,3,0.539407448,31.97174722,0.131439207,-0.473722957,136.622439,1.5,150,200,3,30,5.5,5,0,0.4884,0,0.1132
3,1,raw,3.2,0.566202967,31.87515165,0.136540799,-0.492338092,136.2096644,1.5,150,200,3,30,5.5,5,0,0.4884,0,0.1132
3,1,raw,3.4,0.594023767,31.77481199,0.141686169,-0.511143987,135.7808906,1.5,150,200,3,30,5.5,5,0,0.4884,0,0.1132
3,1,raw,3.6,0.622877435,31.67069405,0.146863636,-0.53010105,135.3359713,1.5,150,200,3,30,5.5,5,0,0.4884,0,0.1132
3,1,raw,3.8,0.652769222,31.56277157,0.152061516,-0.549169688,134.8747943,1.5,150,200,3,30,5.5,5,0,0.4884,0,0.1132
3,1,raw,4,0.683702041,31.45102618,0.157268127,-0.568310309,134.3972813,1.5,150,200,3,30,5.5,5,0,0.4884,0,0.1132
3,1,raw,4.2,0.715676472,31.33544744,0.162483153,-0.58751928,133.9033874,1.5,150,200,3,30,5.5,5,0,0.4884,0,0.1132
3,1,raw,4.4,0.748695302,31.21601846,0.167740575,-0.606898349,133.3930406,1.5,150,200,3,30,5.5,5,0,0.4884,0,0.1132
3,1,raw,4.6,0.782772702,31.0926881,0.172977002,-0.626235077,132.8660224,1.5,150,200,3,30,5.5,5,0,0.4884,0,0.1132
3,1,raw,4.8,0.817886103,30.96552443,0.178079807,-0.645161492,132.3226235,1.5,150,200,3,30,5.5,5,0,0.4884,0,0.1132
3,1,raw,5,0.854004625,30.83462351,0.183019824,-0.663577188,131.7632545,1.5,150,200,3,30,5.5,5,0,0.4884,0,0.1132
3,1,raw,5.2,0.891094033,30.70009356,0.187780284,-0.681421245,131.1883779,1.5,150,200,3,30,5.5,5,0,0.4884,0,0.1132
3,1,raw,5.4,0.929116739,30.56205501,0.192344415,-0.698632744,130.5985083,1.5,150,200,3,30,5.5,5,0,0.4884,0,0.1132
3,1,raw,5.6,0.968031799,30.42064046,0.196695447,-0.715150765,129.9942122,1.5,150,200,3,30,5.5,5,0,0.4884,0,0.1132
3,1,raw,5.8,1.007794918,30.2759947,0.20081661,-0.730914388,129.3761085,1.5,150,200,3,30,5.5,5,0,0.4884,0,0.1132
3,1,raw,6,1.048358443,30.1282747,0.204691131,-0.745862696,128.7448679,1.5,150,200,3,30,5.5,5,0,0.4884,0,0.1132
3,1,raw,6.2,1.08967137,29.97764962,0.208302241,-0.759934768,128.1012131,1.5,150,200,3,30,5.5,5,0,0.4884,0,0.1132
3,1,raw,6.4,1.131679339,29.8243008,0.21163317,-0.773069684,127.4459193,1.5,150,200,3,30,5.5,5,0,0.4884,0,0.1132
3,1,raw,6.6,1.174324638,29.66842175,0.214667146,-0.785206526,126.7798132,1.5,150,200,3,30,5.5,5,0,0.4884,0,0.1132
3,1,raw,6.8,1.217546198,29.51021819,0.217387398,-0.796284374,126.1037739,1.5,150,200,3,30,5.5,5,0,0.4884,0,0.1132
3,1,raw,7,1.261279597,29.349908,0.219777157,-0.806242309,125.4187325,1.5,150,200,3,30,5.5,5,0,0.4884,0,0.1132
3,1,raw,7.2,1.305457061,29.18772126,0.221819651,-0.815019412,124.7256723,1.5,150,200,3,30,5.5,5,0,0.4884,0,0.1132
3,1,raw,7.4,1.350007458,29.02390024,0.22349811,-0.822554762,124.0256283,1.5,150,200,3,30,5.5,5,0,0.4884,0,0.1132
3,1,raw,7.6,1.394856305,28.85869936,0.224795763,-0.828787442,123.319688,1.5,150,200,3,30,5.5,5,0,0.4884,0,0.1132
3,1,raw,7.8,1.439925763,28.69238526,0.22569584,-0.833656531,122.6089906,1.5,150,200,3,30,5.5,5,0,0.4884,0,0.1132
3,1,raw,8,1.485134641,28.52523675,0.226181569,-0.837101109,121.8947275,1.5,150,200,3,30,5.5,5,0,0.4884,0,0.1132
3,1,raw,8.2,1.530398391,28.35754481,0.226236181,-0.839060259,121.1781423,1.5,150,200,3,30,5.5,5,0,0.4884,0,0.1132
3,1,raw,8.4,1.575629113,28.18961264,0.225842904,-0.83947306,120.4605305,1.5,150,200,3,30,5.5,5,0,0.4884,0,0.1132
3,1,raw,8.6,1.620735552,28.02175559,0.224984967,-0.838278593,119.7432397,1.5,150,200,3,30,5.5,5,0,0.4884,0,0.1132
3,1,raw,8.8,1.6656231,27.85430121,0.223645601,-0.835415938,119.0276696,1.5,150,200,3,30,5.5,5,0,0.4884,0,0.1132
3,1,raw,9,1.710193793,27.68758922,0.221808035,-0.830824177,118.3152719,1.5,150,200,3,30,5.5,5,0,0.4884,0,0.1132
3,1,raw,9.2,1.754346314,27.52197153,0.219455497,-0.82444239,117.6075505,1.5,150,200,3,30,5.5,5,0,0.4884,0,0.1132
3,1,raw,9.4,1.797975992,27.35781226,0.216571217,-0.816209657,116.9060611,1.5,150,200,3,30,5.5,5,0,0.4884,0,0.1132
3,1,raw,9.6,1.840974801,27.19548767,0.213147826,-0.806097613,116.2124118,1.5,150,200,3,30,5.5,5,0,0.4884,0,0.1132
3,1,raw,9.8,1.883235122,27.03537321,0.209380309,-0.794776772,115.5282068,1.5,150,200,3,30,5.5,5,0,0.4884,0,0.1132
3,1,raw,10,1.924726924,26.87757696,0.205455653,-0.78288612,114.8539081,1.5,150,200,3,30,5.5,5,0,0.4884,0,0.1132
3,1,raw,10.2,1.965417383,26.72221877,0.201326784,-0.770256457,114.1900277,1.5,150,200,3,30,5.5,5,0,0.4884,0,0.1132
3,1,raw,10.4,2.005257638,26.56947438,0.196963483,-0.756781876,113.5373167,1.5,150,200,3,30,5.5,5,0,0.4884,0,0.1132
3,1,raw,10.6,2.044202776,26.41950602,0.192385488,-0.742530095,112.8964683,1.5,150,200,3,30,5.5,5,0,0.4884,0,0.1132
3,1,raw,10.8,2.082211833,26.27246234,0.187612539,-0.727568834,112.2681178,1.5,150,200,3,30,5.5,5,0,0.4884,0,0.1132
3,1,raw,11,2.119247792,26.12847848,0.182664374,-0.711965814,111.6528425,1.5,150,200,3,30,5.5,5,0,0.4884,0,0.1132
3,1,raw,11.2,2.155277583,25.98767602,0.177560734,-0.695788753,111.051162,1.5,150,200,3,30,5.5,5,0,0.4884,0,0.1132
3,1,raw,11.4,2.190272085,25.85016298,0.172321357,-0.679105371,110.463538,1.5,150,200,3,30,5.5,5,0,0.4884,0,0.1132
3,1,raw,11.6,2.224206126,25.71603387,0.166965982,-0.661983389,109.8903742,1.5,150,200,3,30,5.5,5,0,0.4884,0,0.1132
3,1,raw,11.8,2.257058478,25.58536963,0.16151435,-0.644490525,109.3320167,1.5,150,200,3,30,5.5,5,0,0.4884,0,0.1132
3,1,raw,12,2.288811865,25.45823766,0.155986198,-0.626694499,108.7887533,1.5,150,200,3,30,5.5,5,0,0.4884,0,0.1132
3,1,raw,12.2,2.319452958,25.33469183,0.150401267,-0.608663032,108.2608143,1.5,150,200,3,30,5.5,5,0,0.4884,0,0.1132
3,1,raw,12.4,2.348972372,25.21477245,0.144779296,-0.590463843,107.7483719,1.5,150,200,3,30,5.5,5,0,0.4884,0,0.1132
3,1,raw,12.6,2.377364676,25.09850629,0.139140023,-0.572164651,107.2515405,1.5,150,200,3,30,5.5,5,0,0.4884,0,0.1132
3,1,raw,12.8,2.404628382,24.98590659,0.133503188,-0.553833176,106.7703768,1.5,150,200,3,30,5.5,5,0,0.4884,0,0.1132
3,1,raw,13,2.430765951,24.87697302,0.127888531,-0.535537138,106.3048792,1.5,150,200,3,30,5.5,5,0,0.4884,0,0.1132
3,1,raw,13.2,2.455783794,24.77169173,0.12231579,-0.517344256,105.8549887,1.5,150,200,3,30,5.5,5,0,0.4884,0,0.1132
3,1,raw,13.4,2.479692267,24.67003532,0.116804705,-0.499322251,105.4205881,1.5,150,200,3,30,5.5,5,0,0.4884,0,0.1132
3,1,raw,13.6,2.502505676,24.57196283,0.111375015,-0.481538842,105.0015024,1.5,150,200,3,30,5.5,5,0,0.4884,0,0.1132
3,1,raw,13.8,2.524242273,24.47741978,0.106046459,-0.464061749,104.5974987,1.5,150,200,3,30,5.5,5,0,0.4884,0,0.1132
3,1,raw,14,2.544924259,24.38633813,0.100838776,-0.44695869,104.2082864,1.5,150,200,3,30,5.5,5,0,0.4884,0,0.1132
3,1,raw,14.2,2.564577783,24.2986363,0.095771706,-0.430297387,103.8335169,1.5,150,200,3,30,5.5,5,0,0.4884,0,0.1132
3,1,raw,14.4,2.583232942,24.21421918,0.090864989,-0.414145558,103.4727836,1.5,150,200,3,30,5.5,5,0,0.4884,0,0.1132
3,1,raw,14.6,2.600923779,24.13297808,0.086138362,-0.398570924,103.1256222,1.5,150,200,3,30,5.5,5,0,0.4884,0,0.1132
3,1,raw,14.8,2.617688287,24.05479081,0.081611566,-0.383641204,102.7915104,1.5,150,200,3,30,5.5,5,0,0.4884,0,0.1132
3,1,raw,15,2.633568405,23.9795216,0.077304339,-0.369424118,102.4698682,1.5,150,200,3,30,5.5,5,0,0.4884,0,0.1132
3,1,raw,15.2,2.648610022,23.90702116,0.073236422,-0.355987385,102.1600576,1.5,150,200,3,30,5.5,5,0,0.4884,0,0.1132
3,1,raw,15.4,2.662862974,23.83712664,0.069427552,-0.343398725,101.8613827,1.5,150,200,3,30,5.5,5,0,0.4884,0,0.1132
3,1,raw,15.6,2.676381043,23.76966167,0.06589747,-0.331725858,101.5730898,1.5,150,200,3,30,5.5,5,0,0.4884,0,0.1132
3,1,raw,15.8,2.689221962,23.7044363,0.062597396,-0.320809068,101.2943671,1.5,150,200,3,30,5.5,5,0,0.4884,0,0.1132
3,1,raw,16,2.701420001,23.64133804,0.059346356,-0.310049837,101.0247341,1.5,150,200,3,30,5.5,5,0,0.4884,0,0.1132
3,1,raw,16.2,2.712960504,23.58041637,0.05611623,-0.299356297,100.7644022,1.5,150,200,3,30,5.5,5,0,0.4884,0,0.1132
3,1,raw,16.4,2.723866493,23.52159552,0.053004974,-0.289053993,100.5130475,1.5,150,200,3,30,5.5,5,0,0.4884,0,0.1132
3,1,raw,16.6,2.734162494,23.46479477,0.050016241,-0.279155084,100.2703252,1.5,150,200,3,30,5.5,5,0,0.4884,0,0.1132
3,1,raw,16.8,2.74387299,23.40993349,0.047149837,-0.269658954,100.0358906,1.5,150,200,3,30,5.5,5,0,0.4884,0,0.1132
3,1,raw,17,2.753022428,23.35693119,0.044405568,-0.260564984,99.80939994,1.5,150,200,3,30,5.5,5,0,0.4884,0,0.1132
3,1,raw,17.2,2.761635217,23.3057075,0.041783238,-0.251872559,99.59050962,1.5,150,200,3,30,5.5,5,0,0.4884,0,0.1132
3,1,raw,17.4,2.769735724,23.25618216,0.039282655,-0.243581061,99.37887679,1.5,150,200,3,30,5.5,5,0,0.4884,0,0.1132
3,1,raw,17.6,2.777348279,23.20827507,0.036903622,-0.235689874,99.17415904,1.5,150,200,3,30,5.5,5,0,0.4884,0,0.1132
3,1,raw,17.8,2.784497173,23.16190621,0.034645947,-0.22819838,98.97601453,1.5,150,200,3,30,5.5,5,0,0.4884,0,0.1132
3,1,raw,18,2.791206658,23.11699572,0.032509435,-0.221105963,98.78410192,1.5,150,200,3,30,5.5,5,0,0.4884,0,0.1132
3,1,raw,18.2,2.797500947,23.07346383,0.030493891,-0.214412005,98.59808041,1.5,150,200,3,30,5.5,5,0,0.4884,0,0.1132
3,1,raw,18.4,2.803404214,23.03123092,0.028599121,-0.20811589,98.41760971,1.5,150,200,3,30,5.5,5,0,0.4884,0,0.1132
3,1,raw,18.6,2.808940595,22.99021747,0.026824931,-0.202217001,98.24235008,1.5,150,200,3,30,5.5,5,0,0.4884,0,0.1132
3,1,raw,18.8,2.814134187,22.95034412,0.025171127,-0.196714721,98.07196229,1.5,150,200,3,30,5.5,5,0,0.4884,0,0.1132
3,1,raw,19,2.819009046,22.91153158,0.023637513,-0.191608433,97.90610765,1.5,150,200,3,30,5.5,5,0,0.4884,0,0.1132
3,1,raw,19.2,2.823589192,22.87370074,0.022223897,-0.186897519,97.74444798,1.5,150,200,3,30,5.5,5,0,0.4884,0,0.1132
3,1,raw,19.4,2.827898605,22.83677258,0.020920951,-0.182552786,97.58664566,1.5,150,200,3,30,5.5,5,0,0.4884,0,0.1132
3,1,raw,19.6,2.831957572,22.80067963,0.01969118,-0.178454134,97.4324124,1.5,150,200,3,30,5.5,5,0,0.4884,0,0.1132
3,1,raw,19.8,2.835775076,22.76539092,0.018508877,-0.174516059,97.28161586,1.5,150,200,3,30,5.5,5,0,0.4884,0,0.1132
3,1,raw,20,2.839361123,22.7308732,0.0173769,-0.170745152,97.13411391,1.5,150,200,3,30,5.5,5,0,0.4884,0,0.1132
3,1,raw,20.2,2.842725837,22.69709286,0.016295512,-0.167142173,96.98976294,1.5,150,200,3,30,5.5,5,0,0.4884,0,0.1132
3,1,raw,20.4,2.845879328,22.66401634,0.015264641,-0.163706873,96.84841953,1.5,150,200,3,30,5.5,5,0,0.4884,0,0.1132
3,1,raw,20.6,2.848831693,22.63161011,0.014284217,-0.160439004,96.70994048,1.5,150,200,3,30,5.5,5,0,0.4884,0,0.1132
3,1,raw,20.8,2.851593014,22.59984073,0.013354169,-0.157338318,96.57418281,1.5,150,200,3,30,5.5,5,0,0.4884,0,0.1132
3,1,raw,21,2.85417336,22.56867479,0.012474427,-0.154404568,96.44100373,1.5,150,200,3,30,5.5,5,0,0.4884,0,0.1132
3,1,raw,21.2,2.856582785,22.53807891,0.01164492,-0.151637505,96.31026068,1.5,150,200,3,30,5.5,5,0,0.4884,0,0.1132
3,1,raw,21.4,2.858831329,22.50801978,0.010865578,-0.149036882,96.18181132,1.5,150,200,3,30,5.5,5,0,0.4884,0,0.1132
3,1,raw,21.6,2.860929017,22.47846415,0.01013633,-0.146602449,96.05551349,1.5,150,200,3,30,5.5,5,0,0.4884,0,0.1132
3,1,raw,21.8,2.862885861,22.4493788,0.009457106,-0.14433396,95.93122527,1.5,150,200,3,30,5.5,5,0,0.4884,0,0.1132
3,1,raw,22,2.864711859,22.42073057,0.008827835,-0.142231167,95.80880495,1.5,150,200,3,30,5.5,5,0,0.4884,0,0.1132
3,1,raw,22.2,2.866416995,22.39248634,0.008248446,-0.14029382,95.68811102,1.5,150,200,3,30,5.5,5,0,0.4884,0,0.1132
3,1,raw,22.4,2.868011237,22.36461304,0.007718869,-0.138521673,95.56900218,1.5,150,200,3,30,5.5,5,0,0.4884,0,0.1132
3,1,raw,22.6,2.869504542,22.33707767,0.007239033,-0.136914477,95.45133736,1.5,150,200,3,30,5.5,5,0,0.4884,0,0.1132
3,1,raw,22.8,2.870906851,22.30984725,0.006808868,-0.135471985,95.33497568,1.5,150,200,3,30,5.5,5,0,0.4884,0,0.1132
3,1,raw,23,2.87222809,22.28288887,0.006453013,-0.134276459,95.2197765,1.5,150,200,3,30,5.5,5,0,0.4884,0,0.1132
3,1,raw,23.2,2.873488056,22.25613667,0.006199789,-0.133422897,95.10545833,1.5,150,200,3,30,5.5,5,0,0.4884,0,0.1132
3,1,raw,23.4,2.874708005,22.22951972,0.005988385,-0.13270903,94.99171813,1.5,150,200,3,30,5.5,5,0,0.4884,0,0.1132
3,1,raw,23.6,2.87588341,22.20305306,0.005754192,-0.131919437,94.87862016,1.5,150,200,3,30,5.5,5,0,0.4884,0,0.1132
3,1,raw,23.8,2.877009682,22.17675194,0.005498519,-0.131058449,94.7662296,1.5,150,200,3,30,5.5,5,0,0.4884,0,0.1132
3,1,raw,24,2.878082818,22.15062968,0.005224296,-0.130135803,94.65460331,1.5,150,200,3,30,5.5,5,0,0.4884,0,0.1132
3,1,raw,24.2,2.8790994,22.12469762,0.004934453,-0.129161236,94.54378983,1.5,150,200,3,30,5.5,5,0,0.4884,0,0.1132
3,1,raw,24.4,2.880056599,22.09896518,0.00463192,-0.128144485,94.43382935,1.5,150,200,3,30,5.5,5,0,0.4884,0,0.1132
3,1,raw,24.6,2.880952169,22.07343983,0.004319627,-0.127095288,94.32475379,1.5,150,200,3,30,5.5,5,0,0.4884,0,0.1132
3,1,raw,24.8,2.88178445,22.04812707,0.004000504,-0.126023382,94.2165867,1.5,150,200,3,30,5.5,5,0,0.4884,0,0.1132
3,1,raw,25,2.88255237,22.02303047,0.003677481,-0.124938504,94.10934333,1.5,150,200,3,30,5.5,5,0,0.4884,0,0.1132
3,1,raw,25.2,2.883255443,21.99815166,0.003353488,-0.123850391,94.00303061,1.5,150,200,3,30,5.5,5,0,0.4884,0,0.1132
3,1,raw,25.4,2.883893766,21.97349032,0.003031456,-0.122768782,93.89764714,1.5,150,200,3,30,5.5,5,0,0.4884,0,0.1132
3,1,raw,25.6,2.884468025,21.94904415,0.002714313,-0.121703412,93.79318321,1.5,150,200,3,30,5.5,5,0,0.4884,0,0.1132
3,1,raw,25.8,2.884979491,21.92480895,0.00240499,-0.120664019,93.68962076,1.5,150,200,3,30,5.5,5,0,0.4884,0,0.1132
3,1,raw,26,2.885430021,21.90077854,0.002106417,-0.119660341,93.58693345,1.5,150,200,3,30,5.5,5,0,0.4884,0,0.1132
3,1,raw,26.2,2.885822058,21.87694481,0.001821524,-0.118702115,93.48508659,1.5,150,200,3,30,5.5,5,0,0.4884,0,0.1132
3,1,raw,26.4,2.88615863,21.8532977,0.001553242,-0.117799078,93.38403716,1.5,150,200,3,30,5.5,5,0,0.4884,0,0.1132
3,1,raw,26.6,2.886443354,21.82982518,0.001304499,-0.116960968,93.28373384,1.5,150,200,3,30,5.5,5,0,0.4884,0,0.1132
3,1,raw,26.8,2.88668043,21.80651331,0.001078227,-0.116197521,93.18411699,1.5,150,200,3,30,5.5,5,0,0.4884,0,0.1132
3,1,raw,27,2.886874645,21.78334617,0.000877355,-0.115518475,93.08511863,1.5,150,200,3,30,5.5,5,0,0.4884,0,0.1132
3,1,raw,27.2,2.887031372,21.76030592,0.000704813,-0.114933568,92.98666246,1.5,150,200,3,30,5.5,5,0,0.4884,0,0.1132
3,1,raw,27.4,2.88715657,21.73737275,0.000563531,-0.114452536,92.88866387,1.5,150,200,3,30,5.5,5,0,0.4884,0,0.1132
3,1,raw,27.6,2.887256784,21.71452491,0.000456439,-0.114085116,92.79102993,1.5,150,200,3,30,5.5,5,0,0.4884,0,0.1132
3,1,raw,27.8,2.887339146,21.6917387,0.000386467,-0.113841047,92.69365937,1.5,150,200,3,30,5.5,5,0,0.4884,0,0.1132
3,1,raw,28,2.887411371,21.66898849,0.000356546,-0.113730066,92.59644261,1.5,150,200,3,30,5.5,5,0,0.4884,0,0.1132
3,1,raw,28.2,2.887481764,21.64624667,0.000369604,-0.113761909,92.49926175,1.5,150,200,3,30,5.5,5,0,0.4884,0,0.1132
3,1,raw,28.4,2.887559213,21.62348372,0.000428573,-0.113946313,92.40199056,1.5,150,200,3,30,5.5,5,0,0.4884,0,0.1132
3,1,raw,28.6,2.887653193,21.60066815,0.000536382,-0.114293017,92.3044945,1.5,150,200,3,30,5.5,5,0,0.4884,0,0.1132
3,1,raw,28.8,2.887773766,21.57776652,0.000695962,-0.114811758,92.20663069,1.5,150,200,3,30,5.5,5,0,0.4884,0,0.1132
3,1,raw,29,2.887931578,21.55474345,0.000904977,-0.115494797,92.10824795,1.5,150,200,3,30,5.5,5,0,0.4884,0,0.1132
3,1,raw,29.2,2.888135757,21.5315686,0.001057969,-0.11599199,92.00921663,1.5,150,200,3,30,5.5,5,0,0.4884,0,0.1132
3,1,raw,29.4,2.888354766,21.50834665,0.001092399,-0.116095566,91.90998405,1.5,150,200,3,30,5.5,5,0,0.4884,0,0.1132
3,1,raw,29.6,2.888572716,21.48513037,0.001081973,-0.116050104,91.81077569,1.5,150,200,3,30,5.5,5,0,0.4884,0,0.1132
3,1,raw,29.8,2.888787555,21.46192661,0.0010617,-0.115971816,91.71162081,1.5,150,200,3,30,5.5,5,0,0.4884,0,0.1132
3,1,raw,30,2.888997396,21.43874165,0.00103242,-0.115863502,91.61254627,1.5,150,200,3,30,5.5,5,0,0.4884,0,0.1132
3,1,raw,30.2,2.889200523,21.41558121,0.000994975,-0.115727965,91.51357653,1.5,150,200,3,30,5.5,5,0,0.4884,0,0.1132
3,1,raw,30.4,2.889395386,21.39245046,0.000950204,-0.115568007,91.41473366,1.5,150,200,3,30,5.5,5,0,0.4884,0,0.1132
3,1,raw,30.6,2.889580605,21.36935401,0.000898949,-0.115386428,91.31603733,1.5,150,200,3,30,5.5,5,0,0.4884,0,0.1132
3,1,raw,30.8,2.889754966,21.34629589,0.000842051,-0.115186031,91.21750484,1.5,150,200,3,30,5.5,5,0,0.4884,0,0.1132
3,1,raw,31,2.889917425,21.32327959,0.000780351,-0.114969617,91.11915105,1.5,150,200,3,30,5.5,5,0,0.4884,0,0.1132
3,1,raw,31.2,2.890067106,21.30030804,0.00071469,-0.114739988,91.02098846,1.5,150,200,3,30,5.5,5,0,0.4884,0,0.1132
3,1,raw,31.4,2.890203301,21.2773836,0.000645907,-0.114499946,90.92302718,1.5,150,200,3,30,5.5,5,0,0.4884,0,0.1132
3,1,raw,31.6,2.890325469,21.25450806,0.000574845,-0.114252292,90.82527489,1.5,150,200,3,30,5.5,5,0,0.4884,0,0.1132
3,1,raw,31.8,2.890433239,21.23168268,0.000502345,-0.113999828,90.72773692,1.5,150,200,3,30,5.5,5,0,0.4884,0,0.1132
3,1,raw,32,2.890526407,21.20890813,0.000429246,-0.113745356,90.63041617,1.5,150,200,3,30,5.5,5,0,0.4884,0,0.1132
3,1,raw,32.2,2.890604938,21.18618454,0.000356391,-0.113491676,90.53331316,1.5,150,200,3,30,5.5,5,0,0.4884,0,0.1132
3,1,raw,32.4,2.890668964,21.16351146,0.000284619,-0.113241592,90.43642603,1.5,150,200,3,30,5.5,5,0,0.4884,0,0.1132
3,1,raw,32.6,2.890718785,21.1408879,0.000214772,-0.112997904,90.33975049,1.5,150,200,3,30,5.5,5,0,0.4884,0,0.1132
3,1,raw,32.8,2.890754873,21.1183123,0.000147691,-0.112763415,90.24327988,1.5,150,200,3,30,5.5,5,0,0.4884,0,0.1132
3,1,raw,33,2.890777862,21.09578254,8.42167E-05,-0.112540925,90.14700515,1.5,150,200,3,30,5.5,5,0,0.4884,0,0.1132
3,1,raw,33.2,2.890788559,21.07329593,2.51896E-05,-0.112333237,90.05091485,1.5,150,200,3,30,5.5,5,0,0.4884,0,0.1132
3,1,raw,33.4,2.890787938,21.05084924,-2.85491E-05,-0.112143152,89.95499512,1.5,150,200,3,30,5.5,5,0,0.4884,0,0.1132
3,1,raw,33.6,2.89077714,21.02843867,-7.61587E-05,-0.111973472,89.85922972,1.5,150,200,3,30,5.5,5,0,0.4884,0,0.1132
3,1,raw,33.8,2.890757474,21.00605985,-0.000116798,-0.111826999,89.76360002,1.5,150,200,3,30,5.5,5,0,0.4884,0,0.1132
3,1,raw,34,2.89073042,20.98370787,-0.000149626,-0.111706533,89.66808499,1.5,150,200,3,30,5.5,5,0,0.4884,0,0.1132
3,1,raw,34.2,2.890697624,20.96137724,-0.000173803,-0.111614878,89.57266121,1.5,150,200,3,30,5.5,5,0,0.4884,0,0.1132
3,1,raw,34.4,2.890660899,20.93906192,-0.000188487,-0.111554834,89.47730284,1.5,150,200,3,30,5.5,5,0,0.4884,0,0.1132
3,1,raw,34.6,2.890622229,20.91675531,-0.000192837,-0.111529203,89.38198169,1.5,150,200,3,30,5.5,5,0,0.4884,0,0.1132
3,1,raw,34.8,2.890583764,20.89445024,-0.000186012,-0.111540788,89.28666713,1.5,150,200,3,30,5.5,5,0,0.4884,0,0.1132
3,1,raw,35,2.890547824,20.87213899,-0.000167172,-0.111592388,89.19132618,1.5,150,200,3,30,5.5,5,0,0.4884,0,0.1132
3,1,raw,35.2,2.890516896,20.84981328,-0.000135476,-0.111686807,89.09592342,1.5,150,200,3,30,5.5,5,0,0.4884,0,0.1132
3,1,raw,35.4,2.890493634,20.82746427,-9.00824E-05,-0.111826846,89.00042108,1.5,150,200,3,30,5.5,5,0,0.4884,0,0.1132
3,1,raw,35.6,2.890480863,20.80508254,-3.01507E-05,-0.112015306,88.90477896,1.5,150,200,3,30,5.5,5,0,0.4884,0,0.1132
3,1,raw,35.8,2.890481574,20.78265814,4.51599E-05,-0.112254989,88.80895448,1.5,150,200,3,30,5.5,5,0,0.4884,0,0.1132
3,1,raw,36,2.890498927,20.76018055,0.00013669,-0.112548698,88.71290267,1.5,150,200,3,30,5.5,5,0,0.4884,0,0.1132
3,1,raw,36.2,2.89053625,20.73763867,0.000231493,-0.112853373,88.61657616,1.5,150,200,3,30,5.5,5,0,0.4884,0,0.1132
3,1,raw,36.4,2.890591524,20.7150392,0.000304243,-0.113084723,88.52000357,1.5,150,200,3,30,5.5,5,0,0.4884,0,0.1132
3,1,raw,36.6,2.890657947,20.69240478,0.000354839,-0.11324232,88.42328161,1.5,150,200,3,30,5.5,5,0,0.4884,0,0.1132
3,1,raw,36.8,2.89073346,20.66974227,0.000395432,-0.113366542,88.32643965,1.5,150,200,3,30,5.5,5,0,0.4884,0,0.1132
3,1,raw,37,2.89081612,20.64705816,0.00042657,-0.113459217,88.22950536,1.5,150,200,3,30,5.5,5,0,0.4884,0,0.1132
3,1,raw,37.2,2.890904088,20.62435858,0.000448763,-0.113522047,88.13250499,1.5,150,200,3,30,5.5,5,0,0.4884,0,0.1132
3,1,raw,37.4,2.890995625,20.60164934,0.000462522,-0.113556737,88.0354633,1.5,150,200,3,30,5.5,5,0,0.4884,0,0.1132
3,1,raw,37.6,2.891089097,20.57893589,0.000468358,-0.113564988,87.93840363,1.5,150,200,3,30,5.5,5,0,0.4884,0,0.1132
3,1,raw,37.8,2.891182968,20.55622335,0.000466782,-0.113548504,87.84134785,1.5,150,200,3,30,5.5,5,0,0.4884,0,0.1132
3,1,raw,38,2.891275809,20.53351649,0.000458303,-0.113508988,87.74431636,1.5,150,200,3,30,5.5,5,0,0.4884,0,0.1132
3,1,raw,38.2,2.89136629,20.51081975,0.000443433,-0.113448143,87.64732811,1.5,150,200,3,30,5.5,5,0,0.4884,0,0.1132
3,1,raw,38.4,2.891453182,20.48813723,0.000422682,-0.113367673,87.55040062,1.5,150,200,3,30,5.5,5,0,0.4884,0,0.1132
3,1,raw,38.6,2.891535362,20.46547268,0.00039656,-0.113269279,87.45354993,1.5,150,200,3,30,5.5,5,0,0.4884,0,0.1132
3,1,raw,38.8,2.891611806,20.44282952,0.000365579,-0.113154665,87.35679062,1.5,150,200,3,30,5.5,5,0,0.4884,0,0.1132
3,1,raw,39,2.891681594,20.42021082,0.000330249,-0.113025535,87.26013583,1.5,150,200,3,30,5.5,5,0,0.4884,0,0.1132
3,1,raw,39.2,2.891743906,20.3976193,0.000291081,-0.112883591,87.16359725,1.5,150,200,3,30,5.5,5,0,0.4884,0,0.1132
3,1,raw,39.4,2.891798026,20.37505738,0.000248585,-0.112730536,87.06718508,1.5,150,200,3,30,5.5,5,0,0.4884,0,0.1132
3,1,raw,39.6,2.89184334,20.35252709,0.000203271,-0.112568073,86.97090811,1.5,150,200,3,30,5.5,5,0,0.4884,0,0.1132
3,1,raw,39.8,2.891879335,20.33003015,0.000155651,-0.112397905,86.87477365,1.5,150,200,3,30,5.5,5,0,0.4884,0,0.1132
3,1,raw,40,2.8919056,20.30756793,0.000106235,-0.112221736,86.77878754,1.5,150,200,3,30,5.5,5,0,0.4884,0,0.1132
3,1,raw,40.2,2.891921829,20.28514146,5.55339E-05,-0.112041268,86.6829542,1.5,150,200,3,30,5.5,5,0,0.4884,0,0.1132
3,1,raw,40.4,2.891927814,20.26275142,4.05788E-06,-0.111858205,86.58727656,1.5,150,200,3,30,5.5,5,0,0.4884,0,0.1132
3,1,raw,40.6,2.891923452,20.24039817,-4.76823E-05,-0.111674249,86.49175613,1.5,150,200,3,30,5.5,5,0,0.4884,0,0.1132
3,1,raw,40.8,2.891908741,20.21808172,-9.9176E-05,-0.111491104,86.39639293,1.5,150,200,3,30,5.5,5,0,0.4884,0,0.1132
3,1,raw,41,2.891883781,20.19580173,-0.000149913,-0.111310472,86.30118554,1.5,150,200,3,30,5.5,5,0,0.4884,0,0.1132
3,1,raw,41.2,2.891848776,20.17355753,-0.000199381,-0.111134056,86.2061311,1.5,150,200,3,30,5.5,5,0,0.4884,0,0.1132
3,1,raw,41.4,2.891804029,20.15134811,-0.000247072,-0.11096356,86.11122525,1.5,150,200,3,30,5.5,5,0,0.4884,0,0.1132
3,1,raw,41.6,2.891749947,20.12917211,-0.000292474,-0.110800687,86.01646223,1.5,150,200,3,30,5.5,5,0,0.4884,0,0.1132
3,1,raw,41.8,2.891687039,20.10702783,-0.000335076,-0.11064714,85.92183479,1.5,150,200,3,30,5.5,5,0,0.4884,0,0.1132
3,1,raw,42,2.891615917,20.08491325,-0.000374368,-0.110504621,85.82733423,1.5,150,200,3,30,5.5,5,0,0.4884,0,0.1132
3,1,raw,42.2,2.891537292,20.06282599,-0.000409839,-0.110374834,85.73295039,1.5,150,200,3,30,5.5,5,0,0.4884,0,0.1132
3,1,raw,42.4,2.891451981,20.04076332,-0.000440979,-0.110259482,85.63867167,1.5,150,200,3,30,5.5,5,0,0.4884,0,0.1132
3,1,raw,42.6,2.891360901,20.01872219,-0.000467276,-0.110160267,85.544485,1.5,150,200,3,30,5.5,5,0,0.4884,0,0.1132
3,1,raw,42.8,2.891265071,19.99669921,-0.000488222,-0.110078893,85.45037587,1.5,150,200,3,30,5.5,5,0,0.4884,0,0.1132
3,1,raw,43,2.891165612,19.97469064,-0.000503304,-0.110017064,85.35632829,1.5,150,200,3,30,5.5,5,0,0.4884,0,0.1132
3,1,raw,43.2,2.891063749,19.95269239,-0.000512012,-0.109976481,85.26232484,1.5,150,200,3,30,5.5,5,0,0.4884,0,0.1132
3,1,raw,43.4,2.890960808,19.93070004,-0.000513835,-0.109958848,85.16834664,1.5,150,200,3,30,5.5,5,0,0.4884,0,0.1132
3,1,raw,43.6,2.890858215,19.90870885,-0.000508264,-0.109965868,85.07437333,1.5,150,200,3,30,5.5,5,0,0.4884,0,0.1132
3,1,raw,43.8,2.890757502,19.8867137,-0.000494787,-0.109999244,84.98038312,1.5,150,200,3,30,5.5,5,0,0.4884,0,0.1132
3,1,raw,44,2.8906603,19.86470915,-0.000472894,-0.110060679,84.88635276,1.5,150,200,3,30,5.5,5,0,0.4884,0,0.1132
3,1,raw,44.2,2.890568344,19.84268943,-0.000442074,-0.110151876,84.79225754,1.5,150,200,3,30,5.5,5,0,0.4884,0,0.1132
3,1,raw,44.4,2.890483471,19.8206484,-0.000401816,-0.110274538,84.6980713,1.5,150,200,3,30,5.5,5,0,0.4884,0,0.1132
3,1,raw,44.6,2.890407618,19.79857961,-0.00035161,-0.110430369,84.60376642,1.5,150,200,3,30,5.5,5,0,0.4884,0,0.1132
3,1,raw,44.8,2.890342827,19.77647625,-0.000290946,-0.110621071,84.50931382,1.5,150,200,3,30,5.5,5,0,0.4884,0,0.1132
3,1,raw,45,2.89029124,19.75433118,-0.000219312,-0.110848347,84.41468297,1.5,150,200,3,30,5.5,5,0,0.4884,0,0.1132
3,1,raw,45.2,2.890255102,19.73213691,-0.000136198,-0.1111139,84.31984189,1.5,150,200,3,30,5.5,5,0,0.4884,0,0.1132
3,1,raw,45.4,2.89023676,19.70988562,-4.10939E-05,-0.111419433,84.22475714,1.5,150,200,3,30,5.5,5,0,0.4884,0,0.1132
3,1,raw,45.6,2.890238664,19.68756914,6.65115E-05,-0.11176665,84.12939381,1.5,150,200,3,30,5.5,5,0,0.4884,0,0.1132
3,1,raw,45.8,2.890263365,19.66517896,0.000187129,-0.112157254,84.03371556,1.5,150,200,3,30,5.5,5,0,0.4884,0,0.1132
3,1,raw,46,2.890313516,19.64270624,0.000324325,-0.112603291,83.93768458,1.5,150,200,3,30,5.5,5,0,0.4884,0,0.1132
3,1,raw,46.2,2.890393095,19.62013764,0.000471249,-0.113082089,83.84124392,1.5,150,200,3,30,5.5,5,0,0.4884,0,0.1132
3,1,raw,46.4,2.890502015,19.5974734,0.000606784,-0.113523035,83.74439454,1.5,150,200,3,30,5.5,5,0,0.4884,0,0.1132
3,1,raw,46.6,2.890635809,19.57472843,0.000720437,-0.11389091,83.64720018,1.5,150,200,3,30,5.5,5,0,0.4884,0,0.1132
3,1,raw,46.8,2.89079019,19.55191704,0.000813162,-0.114188901,83.54972199,1.5,150,200,3,30,5.5,5,0,0.4884,0,0.1132
3,1,raw,47,2.890961074,19.52905287,0.000885959,-0.114420346,83.45201828,1.5,150,200,3,30,5.5,5,0,0.4884,0,0.1132
3,1,raw,47.2,2.891144574,19.5061489,0.000939828,-0.114588582,83.35414448,1.5,150,200,3,30,5.5,5,0,0.4884,0,0.1132
3,1,raw,47.4,2.891337005,19.48321744,0.000975769,-0.114696948,83.2561532,1.5,150,200,3,30,5.5,5,0,0.4884,0,0.1132
3,1,raw,47.6,2.891534881,19.46027012,0.00099478,-0.114748781,83.15809418,1.5,150,200,3,30,5.5,5,0,0.4884,0,0.1132
3,1,raw,47.8,2.891734917,19.43731793,0.000997863,-0.114747418,83.0600143,1.5,150,200,3,30,5.5,5,0,0.4884,0,0.1132
3,1,raw,48,2.891934026,19.41437115,0.000986016,-0.114696198,82.96195761,1.5,150,200,3,30,5.5,5,0,0.4884,0,0.1132
3,1,raw,48.2,2.892129323,19.39143945,0.00096024,-0.114598459,82.86396528,1.5,150,200,3,30,5.5,5,0,0.4884,0,0.1132
3,1,raw,48.4,2.892318122,19.36853177,0.000921534,-0.114457537,82.76607565,1.5,150,200,3,30,5.5,5,0,0.4884,0,0.1132
3,1,raw,48.6,2.892497937,19.34565643,0.000870898,-0.114276771,82.6683242,1.5,150,200,3,30,5.5,5,0,0.4884,0,0.1132
3,1,raw,48.8,2.892666482,19.32282106,0.000809332,-0.114059499,82.57074356,1.5,150,200,3,30,5.5,5,0,0.4884,0,0.1132
3,1,raw,49,2.89282167,19.30003263,0.000737835,-0.113809059,82.47336349,1.5,150,200,3,30,5.5,5,0,0.4884,0,0.1132
3,1,raw,49.2,2.892961616,19.27729744,0.000657408,-0.113528787,82.37621091,1.5,150,200,3,30,5.5,5,0,0.4884,0,0.1132
3,1,raw,49.4,2.893084633,19.25462112,0.00056905,-0.113222022,82.27930991,1.5,150,200,3,30,5.5,5,0,0.4884,0,0.1132
3,1,raw,49.6,2.893189235,19.23200863,0.00047376,-0.112892102,82.18268169,1.5,150,200,3,30,5.5,5,0,0.4884,0,0.1132
3,1,raw,49.8,2.893274137,19.20946428,0.000372539,-0.112542365,82.08634461,1.5,150,200,3,30,5.5,5,0,0.4884,0,0.1132
3,1,raw,50,2.893338251,19.18699168,0.000266386,-0.112176147,81.99031419,1.5,150,200,3,30,5.5,5,0,0.4884,0,0.1132
3,1,raw,50.2,2.893380691,19.16459382,0.000156302,-0.111796788,81.89460309,1.5,150,200,3,30,5.5,5,0,0.4884,0,0.1132
3,1,raw,50.4,2.893400772,19.14227297,4.32846E-05,-0.111407624,81.7992211,1.5,150,200,3,30,5.5,5,0,0.4884,0,0.1132
3,1,raw,50.6,2.893398005,19.12003077,-7.16647E-05,-0.111011994,81.70417519,1.5,150,200,3,30,5.5,5,0,0.4884,0,0.1132
3,1,raw,50.8,2.893372106,19.09786817,-0.000187547,-0.110613236,81.60946945,1.5,150,200,3,30,5.5,5,0,0.4884,0,0.1132
3,1,raw,51,2.893322987,19.07578547,-0.000303362,-0.110214686,81.51510513,1.5,150,200,3,30,5.5,5,0,0.4884,0,0.1132
3,1,raw,51.2,2.893250761,19.0537823,-0.00041811,-0.109819683,81.42108063,1.5,150,200,3,30,5.5,5,0,0.4884,0,0.1132
3,1,raw,51.4,2.893155743,19.0318576,-0.000530792,-0.109431564,81.32739149,1.5,150,200,3,30,5.5,5,0,0.4884,0,0.1132
3,1,raw,51.6,2.893038444,19.01000967,-0.000640407,-0.109053668,81.2340304,1.5,150,200,3,30,5.5,5,0,0.4884,0,0.1132
3,1,raw,51.8,2.89289958,18.98823613,-0.000745956,-0.108689332,81.14098719,1.5,150,200,3,30,5.5,5,0,0.4884,0,0.1132
3,1,raw,52,2.892740062,18.96653394,-0.00084644,-0.108341894,81.04824885,1.5,150,200,3,30,5.5,5,0,0.4884,0,0.1132
3,1,raw,52.2,2.892561004,18.94489938,-0.000940857,-0.108014691,80.95579952,1.5,150,200,3,30,5.5,5,0,0.4884,0,0.1132
3,1,raw,52.4,2.892363719,18.92332806,-0.00102821,-0.107711062,80.86362046,1.5,150,200,3,30,5.5,5,0,0.4884,0,0.1132
3,1,raw,52.6,2.89214972,18.90181495,-0.001107497,-0.107434344,80.77169012,1.5,150,200,3,30,5.5,5,0,0.4884,0,0.1132
3,1,raw,52.8,2.89192072,18.88035432,-0.00117772,-0.107187874,80.67998405,1.5,150,200,3,30,5.5,5,0,0.4884,0,0.1132
3,1,raw,53,2.891678632,18.8589398,-0.001237878,-0.106974992,80.58847499,1.5,150,200,3,30,5.5,5,0,0.4884,0,0.1132
3,1,raw,53.2,2.891425569,18.83756433,-0.001286972,-0.106799034,80.49713281,1.5,150,200,3,30,5.5,5,0,0.4884,0,0.1132
3,1,raw,53.4,2.891163843,18.81622019,-0.001324001,-0.106663338,80.40592451,1.5,150,200,3,30,5.5,5,0,0.4884,0,0.1132
3,1,raw,53.6,2.890895968,18.79489899,-0.001347967,-0.106571242,80.31481427,1.5,150,200,3,30,5.5,5,0,0.4884,0,0.1132
3,1,raw,53.8,2.890624656,18.77359169,-0.001357869,-0.106526084,80.2237634,1.5,150,200,3,30,5.5,5,0,0.4884,0,0.1132
3,1,raw,54,2.890352821,18.75228856,-0.001352708,-0.106531201,80.13273034,1.5,150,200,3,30,5.5,5,0,0.4884,0,0.1132
3,1,raw,54.2,2.890083573,18.73097921,-0.001331483,-0.106589932,80.04167072,1.5,150,200,3,30,5.5,5,0,0.4884,0,0.1132
3,1,raw,54.4,2.889820227,18.70965259,-0.001293196,-0.106705613,79.95053728,1.5,150,200,3,30,5.5,5,0,0.4884,0,0.1132
3,1,raw,54.6,2.889566295,18.68829696,-0.001236846,-0.106881584,79.85927992,1.5,150,200,3,30,5.5,5,0,0.4884,0,0.1132
3,1,raw,54.8,2.889325489,18.66689995,-0.001161434,-0.107121181,79.7678457,1.5,150,200,3,30,5.5,5,0,0.4884,0,0.1132
3,1,raw,55,2.889101721,18.64544849,-0.00106596,-0.107427742,79.6761788,1.5,150,200,3,30,5.5,5,0,0.4884,0,0.1132
3,1,raw,55.2,2.888899105,18.62392886,-0.000949424,-0.107804605,79.58422058,1.5,150,200,3,30,5.5,5,0,0.4884,0,0.1132
3,1,raw,55.4,2.888721952,18.60232665,-0.000810826,-0.108255108,79.49190951,1.5,150,200,3,30,5.5,5,0,0.4884,0,0.1132
3,1,raw,55.6,2.888574774,18.58062681,-0.000649166,-0.108782589,79.39918124,1.5,150,200,3,30,5.5,5,0,0.4884,0,0.1132
3,1,raw,55.8,2.888462285,18.55881361,-0.000463446,-0.109390385,79.30596856,1.5,150,200,3,30,5.5,5,0,0.4884,0,0.1132
3,1,raw,56,2.888389396,18.53687066,-0.000252665,-0.110081834,79.21220139,1.5,150,200,3,30,5.5,5,0,0.4884,0,0.1132
3,1,raw,56.2,2.888361219,18.51478088,-1.58228E-05,-0.110860275,79.11780682,1.5,150,200,3,30,5.5,5,0,0.4884,0,0.1132
3,1,raw,56.4,2.888383067,18.49252655,0.00024808,-0.111729043,79.02270908,1.5,150,200,3,30,5.5,5,0,0.4884,0,0.1132
3,1,raw,56.6,2.888460451,18.47008926,0.000540042,-0.112691479,78.92682953,1.5,150,200,3,30,5.5,5,0,0.4884,0,0.1132
3,1,raw,56.8,2.888599084,18.44744996,0.000833918,-0.113660394,78.8300867,1.5,150,200,3,30,5.5,5,0,0.4884,0,0.1132
3,1,raw,57,2.888794018,18.42462511,0.001049241,-0.114367381,78.732551,1.5,150,200,3,30,5.5,5,0,0.4884,0,0.1132
3,1,raw,57.2,2.88901878,18.40170301,0.001180078,-0.114792508,78.63459973,1.5,150,200,3,30,5.5,5,0,0.4884,0,0.1132
3,1,raw,57.4,2.889266049,18.3787081,0.001277731,-0.115106782,78.53633736,1.5,150,200,3,30,5.5,5,0,0.4884,0,0.1132
3,1,raw,57.6,2.889529872,18.35566029,0.001346501,-0.115324552,78.4378489,1.5,150,200,3,30,5.5,5,0,0.4884,0,0.1132
3,1,raw,57.8,2.88980465,18.33257828,0.001388162,-0.115451745,78.3392143,1.5,150,200,3,30,5.5,5,0,0.4884,0,0.1132
3,1,raw,58,2.890085137,18.30947959,0.001404489,-0.115494291,78.24050843,1.5,150,200,3,30,5.5,5,0,0.4884,0,0.1132
3,1,raw,58.2,2.890366445,18.28638057,0.001397257,-0.11545812,78.1418011,1.5,150,200,3,30,5.5,5,0,0.4884,0,0.1132
3,1,raw,58.4,2.89064404,18.26329635,0.001368242,-0.115349159,78.04315706,1.5,150,200,3,30,5.5,5,0,0.4884,0,0.1132
3,1,raw,58.6,2.890913742,18.2402409,0.001319217,-0.115173337,77.94463599,1.5,150,200,3,30,5.5,5,0,0.4884,0,0.1132
3,1,raw,58.8,2.891171727,18.21722701,0.001251958,-0.114936585,77.84629247,1.5,150,200,3,30,5.5,5,0,0.4884,0,0.1132
3,1,raw,59,2.891414526,18.19426627,0.00116824,-0.11464483,77.74817607,1.5,150,200,3,30,5.5,5,0,0.4884,0,0.1132
3,1,raw,59.2,2.891639023,18.17136908,0.001069838,-0.114304001,77.65033126,1.5,150,200,3,30,5.5,5,0,0.4884,0,0.1132
3,1,raw,59.4,2.891842461,18.14854467,0.000958527,-0.113920028,77.55279743,1.5,150,200,3,30,5.5,5,0,0.4884,0,0.1132
3,1,raw,59.6,2.892022434,18.12580107,0.000836081,-0.113498839,77.45560894,1.5,150,200,3,30,5.5,5,0,0.4884,0,0.1132
3,1,raw,59.8,2.892176893,18.10314513,0.000704275,-0.113046364,77.35879504,1.5,150,200,3,30,5.5,5,0,0.4884,0,0.1132
3,1,raw,60,2.892304144,18.08058252,0.000564885,-0.11256853,77.26237996,1.5,150,200,3,30,5.5,5,0,0.4884,0,0.1132
3,1,raw,60.2,2.892402847,18.05811772,0.000419685,-0.112071268,77.16638283,1.5,150,200,3,30,5.5,5,0,0.4884,0,0.1132
3,1,raw,60.4,2.892472018,18.03575402,0.000270451,-0.111560506,77.07081771,1.5,150,200,3,30,5.5,5,0,0.4884,0,0.1132
3,1,raw,60.6,2.892511027,18.01349352,0.000118956,-0.111042173,76.97569361,1.5,150,200,3,30,5.5,5,0,0.4884,0,0.1132
3,1,raw,60.8,2.892519601,17.99133715,-3.30227E-05,-0.110522197,76.88101447,1.5,150,200,3,30,5.5,5,0,0.4884,0,0.1132
3,1,raw,61,2.892497818,17.96928464,-0.000183712,-0.110006509,76.78677917,1.5,150,200,3,30,5.5,5,0,0.4884,0,0.1132
3,1,raw,61.2,2.892446116,17.94733454,-0.000331336,-0.109501036,76.69298149,1.5,150,200,3,30,5.5,5,0,0.4884,0,0.1132
3,1,raw,61.4,2.892365284,17.92548422,-0.00047412,-0.109011708,76.59961018,1.5,150,200,3,30,5.5,5,0,0.4884,0,0.1132
3,1,raw,61.6,2.892256468,17.90372986,-0.00061029,-0.108544454,76.50664891,1.5,150,200,3,30,5.5,5,0,0.4884,0,0.1132
3,1,raw,61.8,2.892121168,17.88206644,-0.00073807,-0.108105202,76.41407628,1.5,150,200,3,30,5.5,5,0,0.4884,0,0.1132
3,1,raw,62,2.89196124,17.86048778,-0.000855685,-0.107699881,76.32186581,1.5,150,200,3,30,5.5,5,0,0.4884,0,0.1132
3,1,raw,62.2,2.891778894,17.83898649,-0.00096136,-0.107334421,76.22998599,1.5,150,200,3,30,5.5,5,0,0.4884,0,0.1132
3,1,raw,62.4,2.891576696,17.81755401,-0.001053322,-0.10701475,76.1384002,1.5,150,200,3,30,5.5,5,0,0.4884,0,0.1132
3,1,raw,62.6,2.891357565,17.79618059,-0.001129793,-0.106746798,76.04706678,1.5,150,200,3,30,5.5,5,0,0.4884,0,0.1132
3,1,raw,62.8,2.891124778,17.77485529,-0.001189001,-0.106536492,75.95593901,1.5,150,200,3,30,5.5,5,0,0.4884,0,0.1132
3,1,raw,63,2.890881965,17.75356599,-0.001229169,-0.106389763,75.86496506,1.5,150,200,3,30,5.5,5,0,0.4884,0,0.1132
3,1,raw,63.2,2.890633111,17.73229939,-0.001248523,-0.106312539,75.77408809,1.5,150,200,3,30,5.5,5,0,0.4884,0,0.1132
3,1,raw,63.4,2.890382556,17.71104098,-0.001245287,-0.106310749,75.68324615,1.5,150,200,3,30,5.5,5,0,0.4884,0,0.1132
3,1,raw,63.6,2.890134996,17.68977509,-0.001217688,-0.106390321,75.59237223,1.5,150,200,3,30,5.5,5,0,0.4884,0,0.1132
3,1,raw,63.8,2.889895481,17.66848485,-0.00116395,-0.106557186,75.50139427,1.5,150,200,3,30,5.5,5,0,0.4884,0,0.1132
3,1,raw,64,2.889669416,17.64715221,-0.001082298,-0.106817271,75.41023514,1.5,150,200,3,30,5.5,5,0,0.4884,0,0.1132
3,1,raw,64.2,2.889462562,17.62575794,-0.000970957,-0.107176506,75.31881262,1.5,150,200,3,30,5.5,5,0,0.4884,0,0.1132
3,1,raw,64.4,2.889281033,17.60428161,-0.000828153,-0.107640819,75.22703945,1.5,150,200,3,30,5.5,5,0,0.4884,0,0.1132
3,1,raw,64.6,2.889131301,17.58270161,-0.000652109,-0.10821614,75.13482329,1.5,150,200,3,30,5.5,5,0,0.4884,0,0.1132
3,1,raw,64.8,2.889020189,17.56099515,-0.000441053,-0.108908397,75.04206673,1.5,150,200,3,30,5.5,5,0,0.4884,0,0.1132
3,1,raw,65,2.888954879,17.53913825,-0.000193207,-0.10972352,74.9486673,1.5,150,200,3,30,5.5,5,0,0.4884,0,0.1132
3,1,raw,65.2,2.888942906,17.51710575,9.32011E-05,-0.110667436,74.85451745,1.5,150,200,3,30,5.5,5,0,0.4884,0,0.1132
3,1,raw,65.4,2.88899216,17.49487128,0.000419948,-0.111746077,74.7595046,1.5,150,200,3,30,5.5,5,0,0.4884,0,0.1132
3,1,raw,65.6,2.889110886,17.47240732,0.000723883,-0.112748688,74.66351105,1.5,150,200,3,30,5.5,5,0,0.4884,0,0.1132
3,1,raw,65.8,2.889281713,17.4497718,0.000916655,-0.113380326,74.56678443,1.5,150,200,3,30,5.5,5,0,0.4884,0,0.1132
3,1,raw,66,2.889477548,17.42705519,0.001027675,-0.113739001,74.46971123,1.5,150,200,3,30,5.5,5,0,0.4884,0,0.1132
3,1,raw,66.2,2.889692783,17.4042762,0.00111146,-0.114006625,74.37237154,1.5,150,200,3,30,5.5,5,0,0.4884,0,0.1132
3,1,raw,66.4,2.889922131,17.38145254,0.001169607,-0.114188533,74.27484089,1.5,150,200,3,30,5.5,5,0,0.4884,0,0.1132
3,1,raw,66.6,2.890160626,17.35860079,0.001203713,-0.114290062,74.17719027,1.5,150,200,3,30,5.5,5,0,0.4884,0,0.1132
3,1,raw,66.8,2.890403617,17.33573651,0.001215375,-0.114316549,74.07948608,1.5,150,200,3,30,5.5,5,0,0.4884,0,0.1132
3,1,raw,67,2.890646776,17.31287417,0.001206189,-0.11427333,73.98179018,1.5,150,200,3,30,5.5,5,0,0.4884,0,0.1132
3,1,raw,67.2,2.890886092,17.29002718,0.001177751,-0.114165741,73.88415986,1.5,150,200,3,30,5.5,5,0,0.4884,0,0.1132
3,1,raw,67.4,2.891117876,17.26720788,0.001131659,-0.11399912,73.78664786,1.5,150,200,3,30,5.5,5,0,0.4884,0,0.1132
3,1,raw,67.6,2.891338756,17.24442753,0.001069508,-0.113778803,73.68930235,1.5,150,200,3,30,5.5,5,0,0.4884,0,0.1132
3,1,raw,67.8,2.891545679,17.22169635,0.000992895,-0.113510126,73.59216693,1.5,150,200,3,30,5.5,5,0,0.4884,0,0.1132
3,1,raw,68,2.891735914,17.19902348,0.000903417,-0.113198427,73.49528067,1.5,150,200,3,30,5.5,5,0,0.4884,0,0.1132
3,1,raw,68.2,2.891907046,17.17641698,0.00080267,-0.11284904,73.39867804,1.5,150,200,3,30,5.5,5,0,0.4884,0,0.1132
3,1,raw,68.4,2.892056982,17.15388387,0.000692251,-0.112467304,73.30238898,1.5,150,200,3,30,5.5,5,0,0.4884,0,0.1132
3,1,raw,68.6,2.892183946,17.13143006,0.000573756,-0.112058553,73.20643884,1.5,150,200,3,30,5.5,5,0,0.4884,0,0.1132
3,1,raw,68.8,2.892286484,17.10906044,0.000448782,-0.111628126,73.11084845,1.5,150,200,3,30,5.5,5,0,0.4884,0,0.1132
3,1,raw,69,2.892363459,17.08677881,0.000318926,-0.111181359,73.01563405,1.5,150,200,3,30,5.5,5,0,0.4884,0,0.1132
3,1,raw,69.2,2.892414054,17.0645879,0.000185783,-0.110723588,72.92080731,1.5,150,200,3,30,5.5,5,0,0.4884,0,0.1132
3,1,raw,69.4,2.892437772,17.04248938,5.09513E-05,-0.110260149,72.82637537,1.5,150,200,3,30,5.5,5,0,0.4884,0,0.1132
3,1,raw,69.6,2.892434435,17.02048384,-8.39736E-05,-0.109796379,72.73234078,1.5,150,200,3,30,5.5,5,0,0.4884,0,0.1132
3,1,raw,69.8,2.892404183,16.99857082,-0.000217395,-0.109337615,72.63870156,1.5,150,200,3,30,5.5,5,0,0.4884,0,0.1132
3,1,raw,70,2.892347477,16.97674879,-0.000347716,-0.108889194,72.54545113,1.5,150,200,3,30,5.5,5,0,0.4884,0,0.1132
3,1,raw,70.2,2.892265096,16.95501515,-0.00047334,-0.108456451,72.45257839,1.5,150,200,3,30,5.5,5,0,0.4884,0,0.1132
3,1,raw,70.4,2.892158141,16.93336621,-0.000592672,-0.108044723,72.36006765,1.5,150,200,3,30,5.5,5,0,0.4884,0,0.1132
3,1,raw,70.6,2.892028028,16.91179726,-0.000704113,-0.107659347,72.26789867,1.5,150,200,3,30,5.5,5,0,0.4884,0,0.1132
3,1,raw,70.8,2.891876495,16.89030248,-0.000806068,-0.10730566,72.17604664,1.5,150,200,3,30,5.5,5,0,0.4884,0,0.1132
3,1,raw,71,2.8917056,16.86887499,-0.00089694,-0.106988997,72.08448222,1.5,150,200,3,30,5.5,5,0,0.4884,0,0.1132
3,1,raw,71.2,2.891517719,16.84750688,-0.000975133,-0.106714696,71.99317146,1.5,150,200,3,30,5.5,5,0,0.4884,0,0.1132
3,1,raw,71.4,2.891315547,16.82618912,-0.00103905,-0.106488093,71.90207589,1.5,150,200,3,30,5.5,5,0,0.4884,0,0.1132
3,1,raw,71.6,2.891102099,16.80491164,-0.001087095,-0.106314524,71.81115247,1.5,150,200,3,30,5.5,5,0,0.4884,0,0.1132
3,1,raw,71.8,2.890880709,16.78366331,-0.00111767,-0.106199326,71.72035358,1.5,150,200,3,30,5.5,5,0,0.4884,0,0.1132
3,1,raw,72,2.890655031,16.76243191,-0.00112918,-0.106147836,71.62962706,1.5,150,200,3,30,5.5,5,0,0.4884,0,0.1132
3,1,raw,72.2,2.890429037,16.74120417,-0.001120027,-0.10616539,71.53891619,1.5,150,200,3,30,5.5,5,0,0.4884,0,0.1132
3,1,raw,72.4,2.89020702,16.71996575,-0.001088616,-0.106257324,71.44815967,1.5,150,200,3,30,5.5,5,0,0.4884,0,0.1132
3,1,raw,72.6,2.889993591,16.69870124,-0.00103335,-0.106428976,71.35729165,1.5,150,200,3,30,5.5,5,0,0.4884,0,0.1132
3,1,raw,72.8,2.88979368,16.67739416,-0.000952632,-0.106685682,71.26624172,1.5,150,200,3,30,5.5,5,0,0.4884,0,0.1132
3,1,raw,73,2.889612538,16.65602697,-0.000844866,-0.107032777,71.17493492,1.5,150,200,3,30,5.5,5,0,0.4884,0,0.1132
3,1,raw,73.2,2.889455733,16.63458105,-0.000708455,-0.1074756,71.08329171,1.5,150,200,3,30,5.5,5,0,0.4884,0,0.1132
3,1,raw,73.4,2.889329156,16.61303673,-0.000541802,-0.108019485,70.99122799,1.5,150,200,3,30,5.5,5,0,0.4884,0,0.1132
3,1,raw,73.6,2.889239012,16.59137326,-0.000343312,-0.108669771,70.89865512,1.5,150,200,3,30,5.5,5,0,0.4884,0,0.1132
3,1,raw,73.8,2.889191831,16.56956882,-0.000111387,-0.109431793,70.80547988,1.5,150,200,3,30,5.5,5,0,0.4884,0,0.1132
3,1,raw,74,2.889194458,16.54760054,0.000155569,-0.110310887,70.7116045,1.5,150,200,3,30,5.5,5,0,0.4884,0,0.1132
3,1,raw,74.2,2.889254058,16.52544447,0.000457437,-0.111306675,70.61692663,1.5,150,200,3,30,5.5,5,0,0.4884,0,0.1132
3,1,raw,74.4,2.889377432,16.50307787,0.000745294,-0.112256007,70.52134915,1.5,150,200,3,30,5.5,5,0,0.4884,0,0.1132
3,1,raw,74.6,2.889552176,16.48054206,0.000969429,-0.112992819,70.4250486,1.5,150,200,3,30,5.5,5,0,0.4884,0,0.1132
3,1,raw,74.8,2.889765204,16.45788074,0.001142237,-0.113558107,70.3282117,1.5,150,200,3,30,5.5,5,0,0.4884,0,0.1132
3,1,raw,75,2.890009071,16.43511882,0.001278799,-0.114002112,70.23094491,1.5,150,200,3,30,5.5,5,0,0.4884,0,0.1132
3,1,raw,75.2,2.890276724,16.4122799,0.001381076,-0.114331399,70.13334907,1.5,150,200,3,30,5.5,5,0,0.4884,0,0.1132
3,1,raw,75.4,2.890561501,16.38938626,0.001451031,-0.114552531,70.03551943,1.5,150,200,3,30,5.5,5,0,0.4884,0,0.1132
3,1,raw,75.6,2.890857136,16.36645889,0.001490625,-0.114672072,69.93754562,1.5,150,200,3,30,5.5,5,0,0.4884,0,0.1132
3,1,raw,75.8,2.891157752,16.34351743,0.001501821,-0.114696584,69.83951165,1.5,150,200,3,30,5.5,5,0,0.4884,0,0.1132
3,1,raw,76,2.891457865,16.32058025,0.001486581,-0.114632633,69.74149594,1.5,150,200,3,30,5.5,5,0,0.4884,0,0.1132
3,1,raw,76.2,2.891752384,16.29766438,0.001446865,-0.11448678,69.64357128,1.5,150,200,3,30,5.5,5,0,0.4884,0,0.1132
3,1,raw,76.4,2.892036611,16.27478554,0.001384637,-0.114265591,69.54580487,1.5,150,200,3,30,5.5,5,0,0.4884,0,0.1132
3,1,raw,76.6,2.892306239,16.25195814,0.001301859,-0.113975628,69.44825829,1.5,150,200,3,30,5.5,5,0,0.4884,0,0.1132
3,1,raw,76.8,2.892557354,16.22919529,0.001200491,-0.113623455,69.35098752,1.5,150,200,3,30,5.5,5,0,0.4884,0,0.1132
3,1,raw,77,2.892786435,16.20650876,0.001082497,-0.113215635,69.2540429,1.5,150,200,3,30,5.5,5,0,0.4884,0,0.1132
3,1,raw,77.2,2.892990353,16.18390903,0.000949838,-0.112758733,69.15746921,1.5,150,200,3,30,5.5,5,0,0.4884,0,0.1132
3,1,raw,77.4,2.893166371,16.16140527,0.000804477,-0.112259312,69.06130557,1.5,150,200,3,30,5.5,5,0,0.4884,0,0.1132
3,1,raw,77.6,2.893312144,16.13900531,0.000648374,-0.111723935,68.96558553,1.5,150,200,3,30,5.5,5,0,0.4884,0,0.1132
3,1,raw,77.8,2.89342572,16.11671569,0.000483492,-0.111159166,68.87033701,1.5,150,200,3,30,5.5,5,0,0.4884,0,0.1132
3,1,raw,78,2.893505541,16.09454164,0.000311794,-0.110571569,68.77558232,1.5,150,200,3,30,5.5,5,0,0.4884,0,0.1132
3,1,raw,78.2,2.893550438,16.07248707,0.00013524,-0.109967706,68.68133818,1.5,150,200,3,30,5.5,5,0,0.4884,0,0.1132
3,1,raw,78.4,2.893559637,16.05055456,-4.42066E-05,-0.109354143,68.58761566,1.5,150,200,3,30,5.5,5,0,0.4884,0,0.1132
3,1,raw,78.6,2.893532755,16.02874541,-0.000224584,-0.108737441,68.49442027,1.5,150,200,3,30,5.5,5,0,0.4884,0,0.1132
3,1,raw,78.8,2.893469803,16.00705958,-0.000403931,-0.108124166,68.40175188,1.5,150,200,3,30,5.5,5,0,0.4884,0,0.1132
3,1,raw,79,2.893371183,15.98549574,-0.000580285,-0.10752088,68.30960476,1.5,150,200,3,30,5.5,5,0,0.4884,0,0.1132
3,1,raw,79.2,2.893237689,15.96405123,-0.000751685,-0.106934147,68.21796756,1.5,150,200,3,30,5.5,5,0,0.4884,0,0.1132
3,1,raw,79.4,2.893070509,15.94272208,-0.000916167,-0.106370531,68.12682333,1.5,150,200,3,30,5.5,5,0,0.4884,0,0.1132
3,1,raw,79.6,2.892871222,15.92150302,-0.001071771,-0.105836595,68.03614952,1.5,150,200,3,30,5.5,5,0,0.4884,0,0.1132
3,1,raw,79.8,2.8926418,15.90038745,-0.001216535,-0.105338903,67.94591794,1.5,150,200,3,30,5.5,5,0,0.4884,0,0.1132
3,1,raw,80,2.892384608,15.87936746,-0.001348495,-0.104884018,67.85609482,1.5,150,200,3,30,5.5,5,0,0.4884,0,0.1132
3,1,raw,80.2,2.892102402,15.85843384,-0.001465691,-0.104478505,67.76664078,1.5,150,200,3,30,5.5,5,0,0.4884,0,0.1132
3,1,raw,80.4,2.891798331,15.83757606,-0.001566161,-0.104128925,67.6775108,1.5,150,200,3,30,5.5,5,0,0.4884,0,0.1132
3,1,raw,80.6,2.891475938,15.81678227,-0.001647942,-0.103841844,67.58865429,1.5,150,200,3,30,5.5,5,0,0.4884,0,0.1132
3,1,raw,80.8,2.891139155,15.79603932,-0.001709073,-0.103623825,67.50001501,1.5,150,200,3,30,5.5,5,0,0.4884,0,0.1132
3,1,raw,81,2.890792308,15.77533274,-0.001747591,-0.103481431,67.41153116,1.5,150,200,3,30,5.5,5,0,0.4884,0,0.1132
3,1,raw,81.2,2.890440118,15.75464675,-0.001761535,-0.103421226,67.32313528,1.5,150,200,3,30,5.5,5,0,0.4884,0,0.1132
3,1,raw,81.4,2.890087694,15.73396425,-0.001748943,-0.103449774,67.23475433,1.5,150,200,3,30,5.5,5,0,0.4884,0,0.1132
3,1,raw,81.6,2.889740541,15.71326684,-0.001707852,-0.103573637,67.14630965,1.5,150,200,3,30,5.5,5,0,0.4884,0,0.1132
3,1,raw,81.8,2.889404554,15.69253479,-0.001636301,-0.103799381,67.05771699,1.5,150,200,3,30,5.5,5,0,0.4884,0,0.1132
3,1,raw,82,2.88908602,15.67174708,-0.001532328,-0.104133567,66.96888645,1.5,150,200,3,30,5.5,5,0,0.4884,0,0.1132
3,1,raw,82.2,2.888791622,15.65088137,-0.001393971,-0.10458276,66.87972256,1.5,150,200,3,30,5.5,5,0,0.4884,0,0.1132
3,1,raw,82.4,2.888528432,15.62991398,-0.001219268,-0.105153524,66.79012422,1.5,150,200,3,30,5.5,5,0,0.4884,0,0.1132
3,1,raw,82.6,2.888303915,15.60881996,-0.001006257,-0.105852422,66.69998473,1.5,150,200,3,30,5.5,5,0,0.4884,0,0.1132
3,1,raw,82.8,2.888125929,15.58757301,-0.000752975,-0.106686017,66.60919178,1.5,150,200,3,30,5.5,5,0,0.4884,0,0.1132
3,1,raw,83,2.888002725,15.56614555,-0.000457462,-0.107660874,66.51762743,1.5,150,200,3,30,5.5,5,0,0.4884,0,0.1132
3,1,raw,83.2,2.887942944,15.54450866,-0.000117755,-0.108783555,66.42516816,1.5,150,200,3,30,5.5,5,0,0.4884,0,0.1132
3,1,raw,83.4,2.887955623,15.52263213,0.000268108,-0.110060625,66.33168483,1.5,150,200,3,30,5.5,5,0,0.4884,0,0.1132
3,1,raw,83.6,2.888050188,15.50048441,0.000701708,-0.111497373,66.23704268,1.5,150,200,3,30,5.5,5,0,0.4884,0,0.1132
3,1,raw,83.8,2.888236306,15.47803318,0.001089039,-0.112779578,66.14110353,1.5,150,200,3,30,5.5,5,0,0.4884,0,0.1132
3,1,raw,84,2.888485803,15.45537258,0.001325518,-0.113557541,66.04426972,1.5,150,200,3,30,5.5,5,0,0.4884,0,0.1132
3,1,raw,84.2,2.888766513,15.43261016,0.001461922,-0.114000837,65.9470008,1.5,150,200,3,30,5.5,5,0,0.4884,0,0.1132
3,1,raw,84.4,2.889070572,15.40977225,0.001560209,-0.114316528,65.84940927,1.5,150,200,3,30,5.5,5,0,0.4884,0,0.1132
3,1,raw,84.6,2.889390597,15.38688355,0.001622782,-0.114512658,65.75160075,1.5,150,200,3,30,5.5,5,0,0.4884,0,0.1132
3,1,raw,84.8,2.889719685,15.36396718,0.001652043,-0.114597268,65.65367397,1.5,150,200,3,30,5.5,5,0,0.4884,0,0.1132
3,1,raw,85,2.890051414,15.34104464,0.001650395,-0.1145784,65.55572082,1.5,150,200,3,30,5.5,5,0,0.4884,0,0.1132
3,1,raw,85.2,2.890379843,15.31813582,0.00162024,-0.114464095,65.4578263,1.5,150,200,3,30,5.5,5,0,0.4884,0,0.1132
3,1,raw,85.4,2.89069951,15.29525901,0.001563982,-0.114262396,65.36006854,1.5,150,200,3,30,5.5,5,0,0.4884,0,0.1132
3,1,raw,85.6,2.891005435,15.27243086,0.001484023,-0.113981343,65.26251878,1.5,150,200,3,30,5.5,5,0,0.4884,0,0.1132
3,1,raw,85.8,2.891293119,15.24966647,0.001382766,-0.113628979,65.16524141,1.5,150,200,3,30,5.5,5,0,0.4884,0,0.1132
3,1,raw,86,2.891558542,15.22697927,0.001262614,-0.113213346,65.06829394,1.5,150,200,3,30,5.5,5,0,0.4884,0,0.1132
3,1,raw,86.2,2.891798165,15.20438113,0.001125968,-0.112742484,64.97172701,1.5,150,200,3,30,5.5,5,0,0.4884,0,0.1132
3,1,raw,86.4,2.892008929,15.18188228,0.000975233,-0.112224437,64.87558438,1.5,150,200,3,30,5.5,5,0,0.4884,0,0.1132
3,1,raw,86.6,2.892188258,15.15949135,0.00081281,-0.111667245,64.77990295,1.5,150,200,3,30,5.5,5,0,0.4884,0,0.1132
3,1,raw,86.8,2.892334053,15.13721538,0.000641102,-0.11107895,64.68471272,1.5,150,200,3,30,5.5,5,0,0.4884,0,0.1132
3,1,raw,87,2.892444699,15.11505977,0.000462513,-0.110467595,64.59003685,1.5,150,200,3,30,5.5,5,0,0.4884,0,0.1132
3,1,raw,87.2,2.892519058,15.09302834,0.000279444,-0.10984122,64.49589161,1.5,150,200,3,30,5.5,5,0,0.4884,0,0.1132
3,1,raw,87.4,2.892556476,15.07112329,9.42985E-05,-0.109207868,64.4022864,1.5,150,200,3,30,5.5,5,0,0.4884,0,0.1132
3,1,raw,87.6,2.892556778,15.0493452,-9.05208E-05,-0.10857558,64.30922373,1.5,150,200,3,30,5.5,5,0,0.4884,0,0.1132
3,1,raw,87.8,2.892520268,15.02769305,-0.000272611,-0.107952399,64.21669928,1.5,150,200,3,30,5.5,5,0,0.4884,0,0.1132
3,1,raw,88,2.892447733,15.00616424,-0.00044957,-0.107346365,64.12470182,1.5,150,200,3,30,5.5,5,0,0.4884,0,0.1132
3,1,raw,88.2,2.89234044,14.98475451,-0.000618995,-0.106765521,64.03321326,1.5,150,200,3,30,5.5,5,0,0.4884,0,0.1132
3,1,raw,88.4,2.892200135,14.96345803,-0.000778483,-0.106217908,63.94220862,1.5,150,200,3,30,5.5,5,0,0.4884,0,0.1132
3,1,raw,88.6,2.892029047,14.94226735,-0.000925631,-0.105711568,63.85165609,1.5,150,200,3,30,5.5,5,0,0.4884,0,0.1132
3,1,raw,88.8,2.891829883,14.9211734,-0.001058037,-0.105254542,63.76151694,1.5,150,200,3,30,5.5,5,0,0.4884,0,0.1132
3,1,raw,89,2.891605832,14.90016553,-0.001173298,-0.104854873,63.67174559,1.5,150,200,3,30,5.5,5,0,0.4884,0,0.1132
3,1,raw,89.2,2.891360564,14.87923145,-0.001269011,-0.104520603,63.58228959,1.5,150,200,3,30,5.5,5,0,0.4884,0,0.1132
3,1,raw,89.4,2.891098228,14.85835729,-0.001342773,-0.104259772,63.49308961,1.5,150,200,3,30,5.5,5,0,0.4884,0,0.1132
3,1,raw,89.6,2.890823454,14.83752754,-0.001392183,-0.104080423,63.40407945,1.5,150,200,3,30,5.5,5,0,0.4884,0,0.1132
3,1,raw,89.8,2.890541355,14.81672512,-0.001414837,-0.103990598,63.31518602,1.5,150,200,3,30,5.5,5,0,0.4884,0,0.1132
3,1,raw,90,2.89025752,14.7959313,-0.001408332,-0.103998337,63.2263294,1.5,150,200,3,30,5.5,5,0,0.4884,0,0.1132
3,1,raw,90.2,2.889978022,14.77512578,-0.001370266,-0.104111684,63.13742275,1.5,150,200,3,30,5.5,5,0,0.4884,0,0.1132
3,1,raw,90.4,2.889709413,14.75428663,-0.001298236,-0.104338679,63.04837238,1.5,150,200,3,30,5.5,5,0,0.4884,0,0.1132
3,1,raw,90.6,2.889458728,14.73339031,-0.001189839,-0.104687364,62.95907773,1.5,150,200,3,30,5.5,5,0,0.4884,0,0.1132
3,1,raw,90.8,2.889233478,14.71241168,-0.001042673,-0.105165782,62.86943135,1.5,150,200,3,30,5.5,5,0,0.4884,0,0.1132
3,1,raw,91,2.889041658,14.691324,-0.000854335,-0.105781973,62.77931895,1.5,150,200,3,30,5.5,5,0,0.4884,0,0.1132
3,1,raw,91.2,2.888891744,14.6700989,-0.000622422,-0.10654398,62.68861932,1.5,150,200,3,30,5.5,5,0,0.4884,0,0.1132
3,1,raw,91.4,2.888792689,14.64870641,-0.000344532,-0.107459845,62.59720443,1.5,150,200,3,30,5.5,5,0,0.4884,0,0.1132
3,1,raw,91.6,2.888753931,14.62711496,-1.82619E-05,-0.108537608,62.50493933,1.5,150,200,3,30,5.5,5,0,0.4884,0,0.1132
3,1,raw,91.8,2.888785385,14.60529136,0.000358791,-0.109785312,62.41168222,1.5,150,200,3,30,5.5,5,0,0.4884,0,0.1132
3,1,raw,92,2.888897447,14.58320083,0.000740675,-0.111049287,62.31728443,1.5,150,200,3,30,5.5,5,0,0.4884,0,0.1132
3,1,raw,92.2,2.889081654,14.56087165,0.000996098,-0.111890387,62.22186683,1.5,150,200,3,30,5.5,5,0,0.4884,0,0.1132
3,1,raw,92.4,2.889295886,14.53844468,0.001125751,-0.112310772,62.12603136,1.5,150,200,3,30,5.5,5,0,0.4884,0,0.1132
3,1,raw,92.6,2.889531955,14.51594734,0.00121926,-0.112610109,62.02989519,1.5,150,200,3,30,5.5,5,0,0.4884,0,0.1132
3,1,raw,92.8,2.88978359,14.49340063,0.001282423,-0.112807797,61.93354807,1.5,150,200,3,30,5.5,5,0,0.4884,0,0.1132
3,1,raw,93,2.890044924,14.47082422,0.001317239,-0.112910528,61.83707399,1.5,150,200,3,30,5.5,5,0,0.4884,0,0.1132
3,1,raw,93.2,2.890310486,14.44823642,0.001325706,-0.112924994,61.74055127,1.5,150,200,3,30,5.5,5,0,0.4884,0,0.1132
3,1,raw,93.4,2.890575206,14.42565422,0.001309823,-0.112857888,61.64405247,1.5,150,200,3,30,5.5,5,0,0.4884,0,0.1132
3,1,raw,93.6,2.890834415,14.40309327,0.001271587,-0.112715902,61.54764446,1.5,150,200,3,30,5.5,5,0,0.4884,0,0.1132
3,1,raw,93.8,2.891083841,14.38056786,0.001212997,-0.11250573,61.45138835,1.5,150,200,3,30,5.5,5,0,0.4884,0,0.1132
3,1,raw,94,2.891319614,14.35809098,0.001136052,-0.112234063,61.35533958,1.5,150,200,3,30,5.5,5,0,0.4884,0,0.1132
3,1,raw,94.2,2.891538262,14.33567424,0.00104275,-0.111907594,61.25954783,1.5,150,200,3,30,5.5,5,0,0.4884,0,0.1132
3,1,raw,94.4,2.891736714,14.31332794,0.00093509,-0.111533016,61.16405709,1.5,150,200,3,30,5.5,5,0,0.4884,0,0.1132
3,1,raw,94.6,2.891912298,14.29106103,0.000815069,-0.111117021,61.06890561,1.5,150,200,3,30,5.5,5,0,0.4884,0,0.1132
3,1,raw,94.8,2.892062742,14.26888113,0.000684686,-0.110666302,60.97412592,1.5,150,200,3,30,5.5,5,0,0.4884,0,0.1132
3,1,raw,95,2.892186172,14.24679451,0.00054594,-0.110187551,60.87974485,1.5,150,200,3,30,5.5,5,0,0.4884,0,0.1132
3,1,raw,95.2,2.892281118,14.22480611,0.000400829,-0.109687461,60.78578348,1.5,150,200,3,30,5.5,5,0,0.4884,0,0.1132
3,1,raw,95.4,2.892346504,14.20291953,0.000251351,-0.109172725,60.69225721,1.5,150,200,3,30,5.5,5,0,0.4884,0,0.1132
3,1,raw,95.6,2.892381658,14.18113702,9.95055E-05,-0.108650035,60.59917568,1.5,150,200,3,30,5.5,5,0,0.4884,0,0.1132
3,1,raw,95.8,2.892386306,14.15945951,-5.27104E-05,-0.108126083,60.50654283,1.5,150,200,3,30,5.5,5,0,0.4884,0,0.1132
3,1,raw,96,2.892360574,14.13788659,-0.000203298,-0.107607562,60.41435689,1.5,150,200,3,30,5.5,5,0,0.4884,0,0.1132
3,1,raw,96.2,2.892304987,14.11641649,-0.000350258,-0.107101165,60.32261034,1.5,150,200,3,30,5.5,5,0,0.4884,0,0.1132
3,1,raw,96.4,2.892220471,14.09504612,-0.000491593,-0.106613584,60.23128998,1.5,150,200,3,30,5.5,5,0,0.4884,0,0.1132
3,1,raw,96.6,2.89210835,14.07377105,-0.000625305,-0.106151512,60.14037685,1.5,150,200,3,30,5.5,5,0,0.4884,0,0.1132
3,1,raw,96.8,2.891970349,14.05258552,-0.000749394,-0.105721641,60.0498463,1.5,150,200,3,30,5.5,5,0,0.4884,0,0.1132
3,1,raw,97,2.891808592,14.0314824,-0.000861863,-0.105330664,59.95966795,1.5,150,200,3,30,5.5,5,0,0.4884,0,0.1132
3,1,raw,97.2,2.891625604,14.01045325,-0.000960712,-0.104985274,59.86980569,1.5,150,200,3,30,5.5,5,0,0.4884,0,0.1132
3,1,raw,97.4,2.891424308,13.98948829,-0.001043945,-0.104692162,59.78021771,1.5,150,200,3,30,5.5,5,0,0.4884,0,0.1132
3,1,raw,97.6,2.891208026,13.96857639,-0.001109562,-0.104458022,59.69085647,1.5,150,200,3,30,5.5,5,0,0.4884,0,0.1132
3,1,raw,97.8,2.890980483,13.94770508,-0.001155565,-0.104289546,59.6016687,1.5,150,200,3,30,5.5,5,0,0.4884,0,0.1132
3,1,raw,98,2.8907458,13.92686057,-0.001179955,-0.104193427,59.51259543,1.5,150,200,3,30,5.5,5,0,0.4884,0,0.1132
3,1,raw,98.2,2.890508501,13.90602771,-0.001180735,-0.104176357,59.42357195,1.5,150,200,3,30,5.5,5,0,0.4884,0,0.1132
3,1,raw,98.4,2.890273506,13.88519002,-0.001155905,-0.104245029,59.33452786,1.5,150,200,3,30,5.5,5,0,0.4884,0,0.1132
3,1,raw,98.6,2.890046139,13.8643297,-0.001103467,-0.104406135,59.24538701,1.5,150,200,3,30,5.5,5,0,0.4884,0,0.1132
3,1,raw,98.8,2.889832119,13.84342757,-0.001021424,-0.104666368,59.15606754,1.5,150,200,3,30,5.5,5,0,0.4884,0,0.1132
3,1,raw,99,2.889637569,13.82246315,-0.000907776,-0.10503242,59.06648187,1.5,150,200,3,30,5.5,5,0,0.4884,0,0.1132
3,1,raw,99.2,2.889469009,13.8014146,-0.000760525,-0.105510984,58.97653671,1.5,150,200,3,30,5.5,5,0,0.4884,0,0.1132
3,1,raw,99.4,2.889333359,13.78025876,-0.000577673,-0.106108753,58.88613304,1.5,150,200,3,30,5.5,5,0,0.4884,0,0.1132
3,1,raw,99.6,2.88923794,13.7589711,-0.000357222,-0.106832419,58.79516612,1.5,150,200,3,30,5.5,5,0,0.4884,0,0.1132
3,1,raw,99.8,2.88919047,13.73752579,-9.71723E-05,-0.107688674,58.7035255,1.5,150,200,3,30,5.5,5,0,0.4884,0,0.1132
3,1,raw,100,2.889199071,13.71589563,0.000204474,-0.108684212,58.61109499,1.5,150,200,3,30,5.5,5,0,0.4884,0,0.1132
3,1,raw,100.2,2.88927226,13.6940521,0.000539774,-0.109792494,58.5177527,1.5,150,200,3,30,5.5,5,0,0.4884,0,0.1132
3,1,raw,100.4,2.88941498,13.67197863,0.000828468,-0.110745099,58.42342782,1.5,150,200,3,30,5.5,5,0,0.4884,0,0.1132
3,1,raw,100.6,2.889603647,13.64975406,0.001028016,-0.111399529,58.32845725,1.5,150,200,3,30,5.5,5,0,0.4884,0,0.1132
3,1,raw,100.8,2.889826187,13.62741882,0.001178445,-0.111889413,58.23301376,1.5,150,200,3,30,5.5,5,0,0.4884,0,0.1132
3,1,raw,101,2.890075025,13.6049983,0.001292092,-0.112256001,58.13720584,1.5,150,200,3,30,5.5,5,0,0.4884,0,0.1132
3,1,raw,101.2,2.890343024,13.58251642,0.001371144,-0.112506615,58.04113574,1.5,150,200,3,30,5.5,5,0,0.4884,0,0.1132
3,1,raw,101.4,2.890623482,13.55999565,0.001417783,-0.112648577,57.94489945,1.5,150,200,3,30,5.5,5,0,0.4884,0,0.1132
3,1,raw,101.6,2.890910137,13.53745699,0.001434196,-0.11268921,57.8485867,1.5,150,200,3,30,5.5,5,0,0.4884,0,0.1132
3,1,raw,101.8,2.891197161,13.51491997,0.001422566,-0.112635835,57.75228096,1.5,150,200,3,30,5.5,5,0,0.4884,0,0.1132
3,1,raw,102,2.891479163,13.49240266,0.001385079,-0.112495774,57.65605944,1.5,150,200,3,30,5.5,5,0,0.4884,0,0.1132
3,1,raw,102.2,2.891751192,13.46992166,0.001323919,-0.112276351,57.5599931,1.5,150,200,3,30,5.5,5,0,0.4884,0,0.1132
3,1,raw,102.4,2.892008731,13.44749212,0.001241271,-0.111984887,57.46414664,1.5,150,200,3,30,5.5,5,0,0.4884,0,0.1132
3,1,raw,102.6,2.892247701,13.4251277,0.00113932,-0.111628705,57.36857849,1.5,150,200,3,30,5.5,5,0,0.4884,0,0.1132
3,1,raw,102.8,2.892464459,13.40284063,0.00102025,-0.111215126,57.27334085,1.5,150,200,3,30,5.5,5,0,0.4884,0,0.1132
3,1,raw,103,2.892655801,13.38064165,0.000886246,-0.110751472,57.17847963,1.5,150,200,3,30,5.5,5,0,0.4884,0,0.1132
3,1,raw,103.2,2.892818957,13.35854004,0.000739494,-0.110245067,57.08403451,1.5,150,200,3,30,5.5,5,0,0.4884,0,0.1132
3,1,raw,103.4,2.892951598,13.33654363,0.000582177,-0.109703232,56.99003888,1.5,150,200,3,30,5.5,5,0,0.4884,0,0.1132
3,1,raw,103.6,2.893051828,13.31465875,0.000416481,-0.109133289,56.89651991,1.5,150,200,3,30,5.5,5,0,0.4884,0,0.1132
3,1,raw,103.8,2.89311819,13.29289031,0.000244589,-0.108542561,56.80349849,1.5,150,200,3,30,5.5,5,0,0.4884,0,0.1132
3,1,raw,104,2.893149664,13.27124173,6.8688E-05,-0.107938369,56.71098924,1.5,150,200,3,30,5.5,5,0,0.4884,0,0.1132
3,1,raw,104.2,2.893145665,13.24971496,-0.000109039,-0.107328036,56.61900055,1.5,150,200,3,30,5.5,5,0,0.4884,0,0.1132
3,1,raw,104.4,2.893106048,13.22831051,-0.000286406,-0.106718885,56.52753454,1.5,150,200,3,30,5.5,5,0,0.4884,0,0.1132
3,1,raw,104.6,2.893031103,13.20702741,-0.000461229,-0.106118237,56.43658707,1.5,150,200,3,30,5.5,5,0,0.4884,0,0.1132
3,1,raw,104.8,2.892921557,13.18586322,-0.000631323,-0.105533414,56.34614774,1.5,150,200,3,30,5.5,5,0,0.4884,0,0.1132
3,1,raw,105,2.892778574,13.16481404,-0.000794504,-0.104971739,56.2561999,1.5,150,200,3,30,5.5,5,0,0.4884,0,0.1132
3,1,raw,105.2,2.892603755,13.14387452,-0.000948586,-0.104440534,56.16672064,1.5,150,200,3,30,5.5,5,0,0.4884,0,0.1132
3,1,raw,105.4,2.892399139,13.12303783,-0.001091385,-0.10394712,56.07768078,1.5,150,200,3,30,5.5,5,0,0.4884,0,0.1132
3,1,raw,105.6,2.892167201,13.10229568,-0.001220717,-0.103498822,55.98904491,1.5,150,200,3,30,5.5,5,0,0.4884,0,0.1132
3,1,raw,105.8,2.891910853,13.0816383,-0.001334396,-0.103102959,55.90077132,1.5,150,200,3,30,5.5,5,0,0.4884,0,0.1132
3,1,raw,106,2.891633443,13.06105449,-0.001430237,-0.102766856,55.81281209,1.5,150,200,3,30,5.5,5,0,0.4884,0,0.1132
3,1,raw,106.2,2.891338758,13.04053156,-0.001506056,-0.102497833,55.725113,1.5,150,200,3,30,5.5,5,0,0.4884,0,0.1132
3,1,raw,106.4,2.89103102,13.02005536,-0.001559669,-0.102303213,55.63761361,1.5,150,200,3,30,5.5,5,0,0.4884,0,0.1132
3,1,raw,106.6,2.89071489,12.99961027,-0.00158889,-0.102190319,55.55024718,1.5,150,200,3,30,5.5,5,0,0.4884,0,0.1132
3,1,raw,106.8,2.890395464,12.97917923,-0.001591535,-0.102166472,55.46294076,1.5,150,200,3,30,5.5,5,0,0.4884,0,0.1132
3,1,raw,107,2.890078276,12.95874369,-0.001565419,-0.102238994,55.37561509,1.5,150,200,3,30,5.5,5,0,0.4884,0,0.1132
3,1,raw,107.2,2.889769297,12.93828363,-0.001508357,-0.102415209,55.28818471,1.5,150,200,3,30,5.5,5,0,0.4884,0,0.1132
3,1,raw,107.4,2.889474934,12.9177776,-0.001418164,-0.102702437,55.20055784,1.5,150,200,3,30,5.5,5,0,0.4884,0,0.1132
3,1,raw,107.6,2.889202031,12.89720266,-0.001292656,-0.103108002,55.1126365,1.5,150,200,3,30,5.5,5,0,0.4884,0,0.1132
3,1,raw,107.8,2.888957871,12.8765344,-0.001129649,-0.103639225,55.0243164,1.5,150,200,3,30,5.5,5,0,0.4884,0,0.1132
3,1,raw,108,2.888750172,12.85574697,-0.000926956,-0.104303428,54.93548705,1.5,150,200,3,30,5.5,5,0,0.4884,0,0.1132
3,1,raw,108.2,2.888587089,12.83481303,-0.000682394,-0.105107935,54.84603164,1.5,150,200,3,30,5.5,5,0,0.4884,0,0.1132
3,1,raw,108.4,2.888477214,12.81370379,-0.000393778,-0.106060066,54.75582714,1.5,150,200,3,30,5.5,5,0,0.4884,0,0.1132
3,1,raw,108.6,2.888429577,12.792389,-5.8923E-05,-0.107167145,54.66474427,1.5,150,200,3,30,5.5,5,0,0.4884,0,0.1132
3,1,raw,108.8,2.888453645,12.77083694,0.000324356,-0.108436493,54.57264746,1.5,150,200,3,30,5.5,5,0,0.4884,0,0.1132
3,1,raw,109,2.88855932,12.74901441,0.000751842,-0.10985406,54.4793949,1.5,150,200,3,30,5.5,5,0,0.4884,0,0.1132
3,1,raw,109.2,2.888754382,12.72689531,0.001153635,-0.111186173,54.38487505,1.5,150,200,3,30,5.5,5,0,0.4884,0,0.1132
3,1,raw,109.4,2.889020774,12.70453994,0.001470641,-0.112234753,54.28934552,1.5,150,200,3,30,5.5,5,0,0.4884,0,0.1132
3,1,raw,109.6,2.889342638,12.68200141,0.001718077,-0.113050117,54.19303335,1.5,150,200,3,30,5.5,5,0,0.4884,0,0.1132
3,1,raw,109.8,2.889708005,12.65931989,0.001907373,-0.113670432,54.09611013,1.5,150,200,3,30,5.5,5,0,0.4884,0,0.1132
3,1,raw,110,2.890105587,12.63653324,0.002041946,-0.114107162,53.99873766,1.5,150,200,3,30,5.5,5,0,0.4884,0,0.1132
3,1,raw,110.2,2.890524783,12.61367703,0.002125215,-0.114371774,53.90106795,1.5,150,200,3,30,5.5,5,0,0.4884,0,0.1132
3,1,raw,110.4,2.890955673,12.59078453,0.002160598,-0.114475732,53.80324318,1.5,150,200,3,30,5.5,5,0,0.4884,0,0.1132
3,1,raw,110.6,2.891389022,12.56788673,0.002151513,-0.114430503,53.70539577,1.5,150,200,3,30,5.5,5,0,0.4884,0,0.1132
3,1,raw,110.8,2.891816279,12.54501233,0.002101379,-0.114247552,53.60764831,1.5,150,200,3,30,5.5,5,0,0.4884,0,0.1132
3,1,raw,111,2.892229574,12.52218771,0.002013613,-0.113938344,53.51011361,1.5,150,200,3,30,5.5,5,0,0.4884,0,0.1132
3,1,raw,111.2,2.892621724,12.49943699,0.001891635,-0.113514345,53.41289468,1.5,150,200,3,30,5.5,5,0,0.4884,0,0.1132
3,1,raw,111.4,2.892986228,12.47678197,0.001738861,-0.11298702,53.31608472,1.5,150,200,3,30,5.5,5,0,0.4884,0,0.1132
3,1,raw,111.6,2.893317269,12.45424218,0.001558712,-0.112367834,53.21976714,1.5,150,200,3,30,5.5,5,0,0.4884,0,0.1132
3,1,raw,111.8,2.893609712,12.43183484,0.001354603,-0.111668254,53.12401555,1.5,150,200,3,30,5.5,5,0,0.4884,0,0.1132
3,1,raw,112,2.89385911,12.40957488,0.001129955,-0.110899745,53.02889375,1.5,150,200,3,30,5.5,5,0,0.4884,0,0.1132
3,1,raw,112.2,2.894061695,12.38747494,0.000888185,-0.110073771,52.93445577,1.5,150,200,3,30,5.5,5,0,0.4884,0,0.1132
3,1,raw,112.4,2.894214384,12.36554537,0.000632712,-0.109201799,52.8407458,1.5,150,200,3,30,5.5,5,0,0.4884,0,0.1132
3,1,raw,112.6,2.894314779,12.34379422,0.000366953,-0.108295294,52.74779826,1.5,150,200,3,30,5.5,5,0,0.4884,0,0.1132
3,1,raw,112.8,2.894361165,12.32222725,9.43268E-05,-0.107365722,52.65563778,1.5,150,200,3,30,5.5,5,0,0.4884,0,0.1132
3,1,raw,113,2.89435251,12.30084793,-0.000181748,-0.106424547,52.56427915,1.5,150,200,3,30,5.5,5,0,0.4884,0,0.1132
3,1,raw,113.2,2.894288466,12.27965744,-0.000457853,-0.105483236,52.4737274,1.5,150,200,3,30,5.5,5,0,0.4884,0,0.1132
3,1,raw,113.4,2.894169369,12.25865464,-0.000730571,-0.104553254,52.38397775,1.5,150,200,3,30,5.5,5,0,0.4884,0,0.1132
3,1,raw,113.6,2.893996238,12.23783613,-0.000996482,-0.103646066,52.29501561,1.5,150,200,3,30,5.5,5,0,0.4884,0,0.1132
3,1,raw,113.8,2.893770776,12.21719621,-0.00125217,-0.102773138,52.20681661,1.5,150,200,3,30,5.5,5,0,0.4884,0,0.1132
3,1,raw,114,2.89349537,12.19672688,-0.001494215,-0.101945935,52.11934655,1.5,150,200,3,30,5.5,5,0,0.4884,0,0.1132
3,1,raw,114.2,2.89317309,12.17641784,-0.001719199,-0.101175922,52.03256148,1.5,150,200,3,30,5.5,5,0,0.4884,0,0.1132
3,1,raw,114.4,2.89280769,12.15625651,-0.001923705,-0.100474566,51.9464076,1.5,150,200,3,30,5.5,5,0,0.4884,0,0.1132
3,1,raw,114.6,2.892403608,12.13622801,-0.002104313,-0.099853332,51.86082134,1.5,150,200,3,30,5.5,5,0,0.4884,0,0.1132
3,1,raw,114.8,2.891965965,12.11631518,-0.002257606,-0.099323685,51.77572934,1.5,150,200,3,30,5.5,5,0,0.4884,0,0.1132
3,1,raw,115,2.891500565,12.09649854,-0.002380165,-0.09889709,51.6910484,1.5,150,200,3,30,5.5,5,0,0.4884,0,0.1132
3,1,raw,115.2,2.891013898,12.07675634,-0.002468572,-0.098585013,51.60668557,1.5,150,200,3,30,5.5,5,0,0.4884,0,0.1132
3,1,raw,115.4,2.890513136,12.05706453,-0.00251941,-0.09839892,51.52253806,1.5,150,200,3,30,5.5,5,0,0.4884,0,0.1132
3,1,raw,115.6,2.890006135,12.03739677,-0.002529258,-0.098350276,51.43849331,1.5,150,200,3,30,5.5,5,0,0.4884,0,0.1132
3,1,raw,115.8,2.889501433,12.01772442,-0.0024947,-0.098450546,51.35442896,1.5,150,200,3,30,5.5,5,0,0.4884,0,0.1132
3,1,raw,116,2.889008254,11.99801655,-0.002412318,-0.098711196,51.27021282,1.5,150,200,3,30,5.5,5,0,0.4884,0,0.1132
3,1,raw,116.2,2.888536506,11.97823994,-0.002278692,-0.099143692,51.18570293,1.5,150,200,3,30,5.5,5,0,0.4884,0,0.1132
3,1,raw,116.4,2.888096778,11.95835908,-0.002090404,-0.099759498,51.10074753,1.5,150,200,3,30,5.5,5,0,0.4884,0,0.1132
3,1,raw,116.6,2.887700344,11.93833615,-0.001844037,-0.100570081,51.01518506,1.5,150,200,3,30,5.5,5,0,0.4884,0,0.1132
3,1,raw,116.8,2.887359163,11.91813105,-0.001536173,-0.101586905,50.92884414,1.5,150,200,3,30,5.5,5,0,0.4884,0,0.1132
3,1,raw,117,2.887085875,11.89770138,-0.001163392,-0.102821437,50.84154362,1.5,150,200,3,30,5.5,5,0,0.4884,0,0.1132
3,1,raw,117.2,2.886893806,11.87700247,-0.000722276,-0.104285141,50.75309252,1.5,150,200,3,30,5.5,5,0,0.4884,0,0.1132
3,1,raw,117.4,2.886796965,11.85598733,-0.000209408,-0.105989484,50.66329011,1.5,150,200,3,30,5.5,5,0,0.4884,0,0.1132
3,1,raw,117.6,2.886810043,11.83460668,0.000378631,-0.10794593,50.5719258,1.5,150,200,3,30,5.5,5,0,0.4884,0,0.1132
3,1,raw,117.8,2.886948417,11.81280895,0.001041906,-0.110154715,50.47877925,1.5,150,200,3,30,5.5,5,0,0.4884,0,0.1132
3,1,raw,118,2.887226805,11.79054479,0.001639527,-0.112143895,50.38363949,1.5,150,200,3,30,5.5,5,0,0.4884,0,0.1132
3,1,raw,118.2,2.887604228,11.7679514,0.002040672,-0.113474901,50.28709285,1.5,150,200,3,30,5.5,5,0,0.4884,0,0.1132
3,1,raw,118.4,2.888043074,11.74515483,0.002309889,-0.114363541,50.18967802,1.5,150,200,3,30,5.5,5,0,0.4884,0,0.1132
3,1,raw,118.6,2.888528183,11.72220598,0.002505674,-0.115005695,50.09161244,1.5,150,200,3,30,5.5,5,0,0.4884,0,0.1132
3,1,raw,118.8,2.889045343,11.69915255,0.002632767,-0.115417275,49.99309998,1.5,150,200,3,30,5.5,5,0,0.4884,0,0.1132
3,1,raw,119,2.88958129,11.67603907,0.00269591,-0.115614187,49.89433089,1.5,150,200,3,30,5.5,5,0,0.4884,0,0.1132
3,1,raw,119.2,2.890123708,11.65290688,0.002699842,-0.115612342,49.79548185,1.5,150,200,3,30,5.5,5,0,0.4884,0,0.1132
3,1,raw,119.4,2.890661227,11.62979413,0.002649305,-0.115427648,49.69671592,1.5,150,200,3,30,5.5,5,0,0.4884,0,0.1132
3,1,raw,119.6,2.891183429,11.60673582,0.002549037,-0.115076015,49.59818257,1.5,150,200,3,30,5.5,5,0,0.4884,0,0.1132
3,1,raw,119.8,2.891680842,11.58376373,0.002403781,-0.11457335,49.50001768,1.5,150,200,3,30,5.5,5,0,0.4884,0,0.1132
3,1,raw,120,2.892144942,11.56090648,0.002218276,-0.113935565,49.40234353,1.5,150,200,3,30,5.5,5,0,0.4884,0,0.1132
3,1,raw,120.2,2.892568152,11.5381895,0.001997263,-0.113178566,49.3052688,1.5,150,200,3,30,5.5,5,0,0.4884,0,0.1132
3,1,raw,120.4,2.892943847,11.51563505,0.001745482,-0.112318265,49.20888858,1.5,150,200,3,30,5.5,5,0,0.4884,0,0.1132
3,1,raw,120.6,2.893266345,11.4932622,0.001467675,-0.111370568,49.11328436,1.5,150,200,3,30,5.5,5,0,0.4884,0,0.1132
3,1,raw,120.8,2.893530917,11.47108682,0.00116858,-0.110351387,49.01852403,1.5,150,200,3,30,5.5,5,0,0.4884,0,0.1132
3,1,raw,121,2.893733778,11.44912164,0.00085294,-0.109276628,48.92466188,1.5,150,200,3,30,5.5,5,0,0.4884,0,0.1132
3,1,raw,121.2,2.893872093,11.42737617,0.000525493,-0.108162203,48.83173862,1.5,150,200,3,30,5.5,5,0,0.4884,0,0.1132
3,1,raw,121.4,2.893943975,11.40585676,0.000190982,-0.107024019,48.73978135,1.5,150,200,3,30,5.5,5,0,0.4884,0,0.1132
3,1,raw,121.6,2.893948485,11.38456657,-0.000145854,-0.105877986,48.64880358,1.5,150,200,3,30,5.5,5,0,0.4884,0,0.1132
3,1,raw,121.8,2.893885633,11.36350557,-0.000480275,-0.104740012,48.55880521,1.5,150,200,3,30,5.5,5,0,0.4884,0,0.1132
3,1,raw,122,2.893756375,11.34267056,-0.00080754,-0.103626007,48.46977256,1.5,150,200,3,30,5.5,5,0,0.4884,0,0.1132
3,1,raw,122.2,2.893562617,11.32205516,-0.001122907,-0.10255188,48.38167835,1.5,150,200,3,30,5.5,5,0,0.4884,0,0.1132
3,1,raw,122.4,2.893307212,11.30164981,-0.001421638,-0.10153354,48.2944817,1.5,150,200,3,30,5.5,5,0,0.4884,0,0.1132
3,1,raw,122.6,2.892993962,11.28144175,-0.001698991,-0.100586895,48.20812812,1.5,150,200,3,30,5.5,5,0,0.4884,0,0.1132
3,1,raw,122.8,2.892627616,11.26141505,-0.001950226,-0.099727855,48.12254956,1.5,150,200,3,30,5.5,5,0,0.4884,0,0.1132
3,1,raw,123,2.892213872,11.24155061,-0.002170603,-0.09897233,48.03766434,1.5,150,200,3,30,5.5,5,0,0.4884,0,0.1132
3,1,raw,123.2,2.891759375,11.22182612,-0.00235538,-0.098336227,47.95337719,1.5,150,200,3,30,5.5,5,0,0.4884,0,0.1132
3,1,raw,123.4,2.89127172,11.20221612,-0.002499818,-0.097835456,47.86957925,1.5,150,200,3,30,5.5,5,0,0.4884,0,0.1132
3,1,raw,123.6,2.890759448,11.18269194,-0.002599176,-0.097485926,47.78614806,1.5,150,200,3,30,5.5,5,0,0.4884,0,0.1132
3,1,raw,123.8,2.890232049,11.16322174,-0.002648713,-0.097303546,47.70294757,1.5,150,200,3,30,5.5,5,0,0.4884,0,0.1132
3,1,raw,124,2.889699963,11.14377052,-0.00264369,-0.097304225,47.61982812,1.5,150,200,3,30,5.5,5,0,0.4884,0,0.1132
3,1,raw,124.2,2.889174573,11.12430005,-0.002579365,-0.097503872,47.53662646,1.5,150,200,3,30,5.5,5,0,0.4884,0,0.1132
3,1,raw,124.4,2.888668216,11.10476897,-0.002450999,-0.097918396,47.45316576,1.5,150,200,3,30,5.5,5,0,0.4884,0,0.1132
3,1,raw,124.6,2.888194174,11.0851327,-0.00225385,-0.098563706,47.36925557,1.5,150,200,3,30,5.5,5,0,0.4884,0,0.1132
3,1,raw,124.8,2.887766677,11.06534349,-0.001983178,-0.099455711,47.28469184,1.5,150,200,3,30,5.5,5,0,0.4884,0,0.1132
3,1,raw,125,2.887400903,11.04535041,-0.001634243,-0.100610321,47.19925695,1.5,150,200,3,30,5.5,5,0,0.4884,0,0.1132
3,1,raw,125.2,2.887112979,11.02509936,-0.001202304,-0.102043444,47.11271967,1.5,150,200,3,30,5.5,5,0,0.4884,0,0.1132
3,1,raw,125.4,2.886919981,11.00453303,-0.000682621,-0.103770989,47.02483515,1.5,150,200,3,30,5.5,5,0,0.4884,0,0.1132
3,1,raw,125.6,2.886839931,10.98359096,-7.04531E-05,-0.105808865,46.93534499,1.5,150,200,3,30,5.5,5,0,0.4884,0,0.1132
3,1,raw,125.8,2.8868918,10.96220949,0.00063894,-0.108172981,46.84397716,1.5,150,200,3,30,5.5,5,0,0.4884,0,0.1132
3,1,raw,126,2.887095507,10.94032177,0.001351925,-0.110549298,46.75044604,1.5,150,200,3,30,5.5,5,0,0.4884,0,0.1132
3,1,raw,126.2,2.88743257,10.91798977,0.001788444,-0.111998402,46.65501639,1.5,150,200,3,30,5.5,5,0,0.4884,0,0.1132
3,1,raw,126.4,2.887810885,10.89552241,0.001956827,-0.112548062,46.55900833,1.5,150,200,3,30,5.5,5,0,0.4884,0,0.1132
3,1,raw,126.6,2.888215301,10.87297054,0.002061614,-0.112884226,46.46263916,1.5,150,200,3,30,5.5,5,0,0.4884,0,0.1132
3,1,raw,126.8,2.88863553,10.85036872,0.002116863,-0.113054058,46.3660565,1.5,150,200,3,30,5.5,5,0,0.4884,0,0.1132
3,1,raw,127,2.889062046,10.82774892,0.002126387,-0.113070358,46.26939703,1.5,150,200,3,30,5.5,5,0,0.4884,0,0.1132
3,1,raw,127.2,2.889486085,10.80514058,0.002094,-0.112945927,46.17278651,1.5,150,200,3,30,5.5,5,0,0.4884,0,0.1132
3,1,raw,127.4,2.889899646,10.78257055,0.002023514,-0.112693565,46.07633973,1.5,150,200,3,30,5.5,5,0,0.4884,0,0.1132
3,1,raw,127.6,2.890295491,10.76006315,0.001918743,-0.112326073,45.98016057,1.5,150,200,3,30,5.5,5,0,0.4884,0,0.1132
3,1,raw,127.8,2.890667143,10.73764012,0.001783499,-0.11185625,45.88434194,1.5,150,200,3,30,5.5,5,0,0.4884,0,0.1132
3,1,raw,128,2.891008891,10.71532065,0.001621596,-0.111296898,45.78896584,1.5,150,200,3,30,5.5,5,0,0.4884,0,0.1132
3,1,raw,128.2,2.891315782,10.69312136,0.001436848,-0.110660817,45.69410331,1.5,150,200,3,30,5.5,5,0,0.4884,0,0.1132
3,1,raw,128.4,2.89158363,10.67105632,0.001233066,-0.109960806,45.59981445,1.5,150,200,3,30,5.5,5,0,0.4884,0,0.1132
3,1,raw,128.6,2.891809008,10.64913704,0.001014065,-0.109209668,45.50614844,1.5,150,200,3,30,5.5,5,0,0.4884,0,0.1132
3,1,raw,128.8,2.891989256,10.62737246,0.000783657,-0.108420201,45.4131435,1.5,150,200,3,30,5.5,5,0,0.4884,0,0.1132
3,1,raw,129,2.892122471,10.60576896,0.000545655,-0.107605206,45.32082692,1.5,150,200,3,30,5.5,5,0,0.4884,0,0.1132
3,1,raw,129.2,2.892207518,10.58433037,0.000303874,-0.106777484,45.22921504,1.5,150,200,3,30,5.5,5,0,0.4884,0,0.1132
3,1,raw,129.4,2.892244021,10.56305797,6.21247E-05,-0.105949836,45.13831327,1.5,150,200,3,30,5.5,5,0,0.4884,0,0.1132
3,1,raw,129.6,2.892232368,10.54195044,-0.000175778,-0.10513506,45.04811609,1.5,150,200,3,30,5.5,5,0,0.4884,0,0.1132
3,1,raw,129.8,2.892173709,10.52100394,-0.000406022,-0.104345959,44.95860701,1.5,150,200,3,30,5.5,5,0,0.4884,0,0.1132
3,1,raw,130,2.892069959,10.50021206,-0.000624794,-0.103595332,44.86975862,1.5,150,200,3,30,5.5,5,0,0.4884,0,0.1132
3,1,raw,130.2,2.891923792,10.47956581,-0.000828281,-0.10289598,44.78153258,1.5,150,200,3,30,5.5,5,0,0.4884,0,0.1132
3,1,raw,130.4,2.891738646,10.45905366,-0.001012669,-0.102260703,44.69387959,1.5,150,200,3,30,5.5,5,0,0.4884,0,0.1132
3,1,raw,130.6,2.891518724,10.43866153,-0.001174145,-0.101702301,44.60673942,1.5,150,200,3,30,5.5,5,0,0.4884,0,0.1132
3,1,raw,130.8,2.891268988,10.41837274,-0.001308897,-0.101233576,44.52004091,1.5,150,200,3,30,5.5,5,0,0.4884,0,0.1132
3,1,raw,131,2.890995165,10.3981681,-0.001413111,-0.100867326,44.43370193,1.5,150,200,3,30,5.5,5,0,0.4884,0,0.1132
3,1,raw,131.2,2.890703744,10.37802581,-0.001482974,-0.100616354,44.34762943,1.5,150,200,3,30,5.5,5,0,0.4884,0,0.1132
3,1,raw,131.4,2.890401976,10.35792156,-0.001514673,-0.100493458,44.26171944,1.5,150,200,3,30,5.5,5,0,0.4884,0,0.1132
3,1,raw,131.6,2.890097875,10.33782843,-0.001504394,-0.10051144,44.17585701,1.5,150,200,3,30,5.5,5,0,0.4884,0,0.1132
3,1,raw,131.8,2.889800218,10.31771698,-0.001448326,-0.1006831,44.08991628,1.5,150,200,3,30,5.5,5,0,0.4884,0,0.1132
3,1,raw,132,2.889518545,10.29755519,-0.001342654,-0.101021239,44.00376043,1.5,150,200,3,30,5.5,5,0,0.4884,0,0.1132
3,1,raw,132.2,2.889263157,10.27730848,-0.001183565,-0.101538656,43.91724172,1.5,150,200,3,30,5.5,5,0,0.4884,0,0.1132
3,1,raw,132.4,2.889045119,10.25693973,-0.000967246,-0.102248152,43.83020146,1.5,150,200,3,30,5.5,5,0,0.4884,0,0.1132
3,1,raw,132.6,2.888876258,10.23640922,-0.000689885,-0.103162528,43.74247002,1.5,150,200,3,30,5.5,5,0,0.4884,0,0.1132
3,1,raw,132.8,2.888769165,10.21567472,-0.000347668,-0.104294584,43.65386682,1.5,150,200,3,30,5.5,5,0,0.4884,0,0.1132
3,1,raw,133,2.888737191,10.19469139,6.32188E-05,-0.10565712,43.56420037,1.5,150,200,3,30,5.5,5,0,0.4884,0,0.1132
3,1,raw,133.2,2.888794452,10.17341187,0.000541125,-0.10724461,43.4732682,1.5,150,200,3,30,5.5,5,0,0.4884,0,0.1132
3,1,raw,133.4,2.888953641,10.15179355,0.000925167,-0.108517258,43.38088827,1.5,150,200,3,30,5.5,5,0,0.4884,0,0.1132
3,1,raw,133.6,2.889164519,10.13000497,0.001104128,-0.109101818,43.28778078,1.5,150,200,3,30,5.5,5,0,0.4884,0,0.1132
3,1,raw,133.8,2.889395292,10.10815282,0.001187214,-0.109364583,43.19440166,1.5,150,200,3,30,5.5,5,0,0.4884,0,0.1132
3,1,raw,134,2.889639404,10.08625913,0.001238686,-0.109521138,43.10084504,1.5,150,200,3,30,5.5,5,0,0.4884,0,0.1132
3,1,raw,134.2,2.889890766,10.06434436,0.001260878,-0.109579331,43.00719832,1.5,150,200,3,30,5.5,5,0,0.4884,0,0.1132
3,1,raw,134.4,2.890143756,10.0424274,0.001256128,-0.109547008,42.91354222,1.5,150,200,3,30,5.5,5,0,0.4884,0,0.1132
3,1,raw,134.6,2.890393218,10.02052556,0.001226772,-0.109432017,42.81995075,1.5,150,200,3,30,5.5,5,0,0.4884,0,0.1132
3,1,raw,134.8,2.890634465,9.998654593,0.001175146,-0.109242204,42.72649121,1.5,150,200,3,30,5.5,5,0,0.4884,0,0.1132
3,1,raw,135,2.890863276,9.976828679,0.001103587,-0.108985416,42.63322419,1.5,150,200,3,30,5.5,5,0,0.4884,0,0.1132
3,1,raw,135.2,2.891075899,9.955060427,0.001014431,-0.108669501,42.54020357,1.5,150,200,3,30,5.5,5,0,0.4884,0,0.1132
3,1,raw,135.4,2.891269048,9.933360878,0.000910013,-0.108302306,42.44747654,1.5,150,200,3,30,5.5,5,0,0.4884,0,0.1132
3,1,raw,135.6,2.891439905,9.911739504,0.000792672,-0.107891677,42.35508356,1.5,150,200,3,30,5.5,5,0,0.4884,0,0.1132
3,1,raw,135.8,2.891586117,9.890204207,0.000664742,-0.107445462,42.26305842,1.5,150,200,3,30,5.5,5,0,0.4884,0,0.1132
3,1,raw,136,2.891705802,9.868761319,0.00052856,-0.106971508,42.17142815,1.5,150,200,3,30,5.5,5,0,0.4884,0,0.1132
3,1,raw,136.2,2.891797541,9.847415604,0.000386463,-0.106477661,42.08021313,1.5,150,200,3,30,5.5,5,0,0.4884,0,0.1132
3,1,raw,136.4,2.891860387,9.826170255,0.000240787,-0.105971768,41.98942699,1.5,150,200,3,30,5.5,5,0,0.4884,0,0.1132
3,1,raw,136.6,2.891893856,9.805026897,9.38675E-05,-0.105461677,41.89907668,1.5,150,200,3,30,5.5,5,0,0.4884,0,0.1132
3,1,raw,136.8,2.891897934,9.783985584,-5.19582E-05,-0.104955235,41.80916244,1.5,150,200,3,30,5.5,5,0,0.4884,0,0.1132
3,1,raw,137,2.891873073,9.763044803,-0.000194354,-0.104460289,41.71967779,1.5,150,200,3,30,5.5,5,0,0.4884,0,0.1132
3,1,raw,137.2,2.891820192,9.742201469,-0.000330984,-0.103984685,41.63060956,1.5,150,200,3,30,5.5,5,0,0.4884,0,0.1132
3,1,raw,137.4,2.891740679,9.721450929,-0.000459511,-0.10353627,41.54193785,1.5,150,200,3,30,5.5,5,0,0.4884,0,0.1132
3,1,raw,137.6,2.891636388,9.700786961,-0.000577599,-0.103122893,41.45363608,1.5,150,200,3,30,5.5,5,0,0.4884,0,0.1132
3,1,raw,137.8,2.891509639,9.680201772,-0.000682913,-0.102752399,41.36567096,1.5,150,200,3,30,5.5,5,0,0.4884,0,0.1132
3,1,raw,138,2.891363223,9.659686001,-0.000773115,-0.102432636,41.27800247,1.5,150,200,3,30,5.5,5,0,0.4884,0,0.1132
3,1,raw,138.2,2.891200393,9.639228718,-0.000845869,-0.10217145,41.19058392,1.5,150,200,3,30,5.5,5,0,0.4884,0,0.1132
3,1,raw,138.4,2.891024875,9.618817421,-0.000898839,-0.101976689,41.10336188,1.5,150,200,3,30,5.5,5,0,0.4884,0,0.1132
3,1,raw,138.6,2.890840858,9.598438042,-0.000929688,-0.1018562,41.01627622,1.5,150,200,3,30,5.5,5,0,0.4884,0,0.1132
3,1,raw,138.8,2.890653,9.578074941,-0.000936081,-0.10181783,40.92926013,1.5,150,200,3,30,5.5,5,0,0.4884,0,0.1132
3,1,raw,139,2.890466426,9.55771091,-0.000915681,-0.101869425,40.84224006,1.5,150,200,3,30,5.5,5,0,0.4884,0,0.1132
3,1,raw,139.2,2.890286728,9.537327171,-0.000866151,-0.102018833,40.75513578,1.5,150,200,3,30,5.5,5,0,0.4884,0,0.1132
3,1,raw,139.4,2.890119965,9.516903377,-0.000785155,-0.102273901,40.66786033,1.5,150,200,3,30,5.5,5,0,0.4884,0,0.1132
3,1,raw,139.6,2.889972665,9.49641761,-0.000670358,-0.102642476,40.58032006,1.5,150,200,3,30,5.5,5,0,0.4884,0,0.1132
3,1,raw,139.8,2.889851822,9.475846386,-0.000519422,-0.103132404,40.49241461,1.5,150,200,3,30,5.5,5,0,0.4884,0,0.1132
3,1,raw,140,2.889764897,9.455164649,-0.000330011,-0.103751534,40.40403691,1.5,150,200,3,30,5.5,5,0,0.4884,0,0.1132
3,1,raw,140.2,2.889719818,9.434345773,-9.97891E-05,-0.104507711,40.31507319,1.5,150,200,3,30,5.5,5,0,0.4884,0,0.1132
3,1,raw,140.4,2.889724981,9.413361564,0.00017358,-0.105408783,40.22540297,1.5,150,200,3,30,5.5,5,0,0.4884,0,0.1132
3,1,raw,140.6,2.88978925,9.39218226,0.000468547,-0.106382453,40.13489905,1.5,150,200,3,30,5.5,5,0,0.4884,0,0.1132
3,1,raw,140.8,2.8899124,9.370808583,0.000694118,-0.107123335,40.04356455,1.5,150,200,3,30,5.5,5,0,0.4884,0,0.1132
3,1,raw,141,2.890066897,9.349332925,0.000829915,-0.107562889,39.95179425,1.5,150,200,3,30,5.5,5,0,0.4884,0,0.1132
3,1,raw,141.2,2.890244366,9.327783428,0.000929305,-0.10788009,39.85970842,1.5,150,200,3,30,5.5,5,0,0.4884,0,0.1132
3,1,raw,141.4,2.890438619,9.306180889,0.000998766,-0.108096677,39.76739593,1.5,150,200,3,30,5.5,5,0,0.4884,0,0.1132
3,1,raw,141.6,2.890643872,9.284544757,0.001040309,-0.108219414,39.67493989,1.5,150,200,3,30,5.5,5,0,0.4884,0,0.1132
3,1,raw,141.8,2.890854743,9.262893124,0.001055949,-0.10825507,39.58241761,1.5,150,200,3,30,5.5,5,0,0.4884,0,0.1132
3,1,raw,142,2.891066252,9.241242729,0.001047698,-0.10821041,39.48990062,1.5,150,200,3,30,5.5,5,0,0.4884,0,0.1132
3,1,raw,142.2,2.891273822,9.21960896,0.001017571,-0.108092201,39.39745468,1.5,150,200,3,30,5.5,5,0,0.4884,0,0.1132
3,1,raw,142.4,2.89147328,9.198005849,0.000967579,-0.10790721,39.30513975,1.5,150,200,3,30,5.5,5,0,0.4884,0,0.1132
3,1,raw,142.6,2.891660854,9.176446076,0.000899737,-0.107662203,39.21301001,1.5,150,200,3,30,5.5,5,0,0.4884,0,0.1132
3,1,raw,142.8,2.891833175,9.154940967,0.000816057,-0.107363946,39.12111386,1.5,150,200,3,30,5.5,5,0,0.4884,0,0.1132
3,1,raw,143,2.891987277,9.133500497,0.000718553,-0.107019207,39.02949393,1.5,150,200,3,30,5.5,5,0,0.4884,0,0.1132
3,1,raw,143.2,2.892120596,9.112133285,0.000609239,-0.106634751,38.93818704,1.5,150,200,3,30,5.5,5,0,0.4884,0,0.1132
3,1,raw,143.4,2.892230972,9.090846597,0.000490127,-0.106217346,38.84722425,1.5,150,200,3,30,5.5,5,0,0.4884,0,0.1132
3,1,raw,143.6,2.892316647,9.069646346,0.000363231,-0.105773757,38.75663083,1.5,150,200,3,30,5.5,5,0,0.4884,0,0.1132
3,1,raw,143.8,2.892376265,9.048537094,0.000230564,-0.105310752,38.66642627,1.5,150,200,3,30,5.5,5,0,0.4884,0,0.1132
3,1,raw,144,2.892408873,9.027522045,9.41396E-05,-0.104835097,38.57662426,1.5,150,200,3,30,5.5,5,0,0.4884,0,0.1132
3,1,raw,144.2,2.892413921,9.006603055,-4.40293E-05,-0.104353558,38.48723273,1.5,150,200,3,30,5.5,5,0,0.4884,0,0.1132
3,1,raw,144.4,2.892391261,8.985780622,-0.000181929,-0.103872901,38.39825381,1.5,150,200,3,30,5.5,5,0,0.4884,0,0.1132
3,1,raw,144.6,2.892341149,8.965053894,-0.000317547,-0.103399895,38.30968385,1.5,150,200,3,30,5.5,5,0,0.4884,0,0.1132
3,1,raw,144.8,2.892264242,8.944420665,-0.00044887,-0.102941304,38.22151344,1.5,150,200,3,30,5.5,5,0,0.4884,0,0.1132
3,1,raw,145,2.892161601,8.923877373,-0.000573883,-0.102503895,38.13372735,1.5,150,200,3,30,5.5,5,0,0.4884,0,0.1132
3,1,raw,145.2,2.892034689,8.903419106,-0.000690575,-0.102094436,38.0463046,1.5,150,200,3,30,5.5,5,0,0.4884,0,0.1132
3,1,raw,145.4,2.891885371,8.883039598,-0.000796932,-0.101719692,37.95921839,1.5,150,200,3,30,5.5,5,0,0.4884,0,0.1132
3,1,raw,145.6,2.891715916,8.862731229,-0.000890939,-0.101386431,37.87243618,1.5,150,200,3,30,5.5,5,0,0.4884,0,0.1132
3,1,raw,145.8,2.891528995,8.842485026,-0.000970585,-0.101101418,37.78591962,1.5,150,200,3,30,5.5,5,0,0.4884,0,0.1132
3,1,raw,146,2.891327682,8.822290662,-0.001033856,-0.10087142,37.69962458,1.5,150,200,3,30,5.5,5,0,0.4884,0,0.1132
3,1,raw,146.2,2.891115453,8.802136458,-0.001078739,-0.100703204,37.61350115,1.5,150,200,3,30,5.5,5,0,0.4884,0,0.1132
3,1,raw,146.4,2.890896186,8.782009381,-0.00110322,-0.100603536,37.52749364,1.5,150,200,3,30,5.5,5,0,0.4884,0,0.1132
3,1,raw,146.6,2.890674165,8.761895044,-0.001105285,-0.100579183,37.44154057,1.5,150,200,3,30,5.5,5,0,0.4884,0,0.1132
3,1,raw,146.8,2.890454072,8.741777708,-0.001082923,-0.100636911,37.35557469,1.5,150,200,3,30,5.5,5,0,0.4884,0,0.1132
3,1,raw,147,2.890240996,8.721640279,-0.001034119,-0.100783487,37.26952294,1.5,150,200,3,30,5.5,5,0,0.4884,0,0.1132
3,1,raw,147.2,2.890040425,8.701464313,-0.000956861,-0.101025677,37.18330652,1.5,150,200,3,30,5.5,5,0,0.4884,0,0.1132
3,1,raw,147.4,2.889858251,8.681230009,-0.000849134,-0.101370248,37.0968408,1.5,150,200,3,30,5.5,5,0,0.4884,0,0.1132
3,1,raw,147.6,2.889700771,8.660916214,-0.000708926,-0.101823967,37.01003541,1.5,150,200,3,30,5.5,5,0,0.4884,0,0.1132
3,1,raw,147.8,2.889574681,8.640500422,-0.000534223,-0.102393599,36.92279415,1.5,150,200,3,30,5.5,5,0,0.4884,0,0.1132
3,1,raw,148,2.889487082,8.619958774,-0.000323013,-0.103085912,36.83501509,1.5,150,200,3,30,5.5,5,0,0.4884,0,0.1132
3,1,raw,148.2,2.889445476,8.599266057,-7.3281E-05,-0.103907672,36.74659047,1.5,150,200,3,30,5.5,5,0,0.4884,0,0.1132
3,1,raw,148.4,2.889457769,8.578395705,0.000216985,-0.104865645,36.65740679,1.5,150,200,3,30,5.5,5,0,0.4884,0,0.1132
3,1,raw,148.6,2.88953227,8.557319799,0.000515646,-0.10585183,36.56734472,1.5,150,200,3,30,5.5,5,0,0.4884,0,0.1132
3,1,raw,148.8,2.889664028,8.536054973,0.000651586,-0.106291196,36.47647535,1.5,150,200,3,30,5.5,5,0,0.4884,0,0.1132
3,1,raw,149,2.889792905,8.514803321,0.000618364,-0.106162085,36.38566228,1.5,150,200,3,30,5.5,5,0,0.4884,0,0.1132
3,1,raw,149.2,2.889911374,8.493590139,0.000568382,-0.105976634,36.2950136,1.5,150,200,3,30,5.5,5,0,0.4884,0,0.1132
3,1,raw,149.4,2.890020258,8.472412667,0.000522386,-0.105804556,36.20451752,1.5,150,200,3,30,5.5,5,0,0.4884,0,0.1132
3,1,raw,149.6,2.890120328,8.451268317,0.000480119,-0.105644991,36.11416297,1.5,150,200,3,30,5.5,5,0,0.4884,0,0.1132
3,1,raw,149.8,2.890212305,8.430154671,0.000441324,-0.105497077,36.02393963,1.5,150,200,3,30,5.5,5,0,0.4884,0,0.1132
3,1,raw,150,2.890296858,8.409069486,0.000368808,20.38379254,35.93383791,1.5,150,200,3,30,5.5,5,0,0.4884,0,0.1132
3,1,raw,150.4,2.890401216,32.95396127,0.000250183,20.37561483,140.8196596,1.5,150,200,3,30,5.5,5,0,0.4884,0,0.1132
3,1,raw,150.6,2.890450182,32.93042277,0.000237871,-0.117665949,140.7190744,1.5,150,200,3,30,5.5,5,0,0.4884,0,0.1132
3,1,raw,150.8,2.890496365,32.90689489,0.000224319,-0.117614059,140.6185344,1.5,150,200,3,30,5.5,5,0,0.4884,0,0.1132
3,1,raw,151,2.890539909,32.88337715,0.000211475,-0.117564496,140.5180379,1.5,150,200,3,30,5.5,5,0,0.4884,0,0.1132
3,1,raw,151.2,2.890580955,32.85986909,0.000199316,-0.117517192,140.4175827,1.5,150,200,3,30,5.5,5,0,0.4884,0,0.1132
3,1,raw,151.4,2.890619636,32.83637027,0.00018782,-0.117472074,140.317167,1.5,150,200,3,30,5.5,5,0,0.4884,0,0.1132
3,1,raw,151.6,2.890656083,32.81288026,0.000176967,-0.117429072,140.2167889,1.5,150,200,3,30,5.5,5,0,0.4884,0,0.1132
3,1,raw,151.8,2.890690423,32.78939864,0.000166735,-0.117388114,140.1164467,1.5,150,200,3,30,5.5,5,0,0.4884,0,0.1132
3,1,raw,152,2.890722777,32.76592502,0.000157102,-0.117349131,140.0161386,1.5,150,200,3,30,5.5,5,0,0.4884,0,0.1132
3,1,raw,152.2,2.890753264,32.74245899,0.000148048,-0.11731205,139.915863,1.5,150,200,3,30,5.5,5,0,0.4884,0,0.1132
3,1,raw,152.4,2.890781996,32.7190002,0.000139549,-0.117276802,139.8156183,1.5,150,200,3,30,5.5,5,0,0.4884,0,0.1132
3,1,raw,152.6,2.890809083,32.69554827,0.000131585,-0.117243314,139.715403,1.5,150,200,3,30,5.5,5,0,0.4884,0,0.1132
3,1,raw,152.8,2.89083463,32.67210287,0.000124135,-0.117211517,139.6152155,1.5,150,200,3,30,5.5,5,0,0.4884,0,0.1132
3,1,raw,153,2.890858737,32.64866366,0.000156444,-0.117311411,139.5150546,1.5,150,200,3,30,5.5,5,0,0.4884,0,0.1132
3,1,raw,153.2,2.890897208,32.62517831,0.000273063,-0.117690574,139.4146964,1.5,150,200,3,30,5.5,5,0,0.4884,0,0.1132
3,1,raw,153.4,2.890967963,32.60158743,0.000427143,-0.118193819,139.3138873,1.5,150,200,3,30,5.5,5,0,0.4884,0,0.1132
3,1,raw,153.6,2.891068065,32.57790078,0.000566586,-0.118648574,139.2126689,1.5,150,200,3,30,5.5,5,0,0.4884,0,0.1132
3,1,raw,153.8,2.891194597,32.554128,0.000691653,-0.119055702,139.1110825,1.5,150,200,3,30,5.5,5,0,0.4884,0,0.1132
3,1,raw,154,2.891344726,32.5302785,0.000802771,-0.119416618,139.0091682,1.5,150,200,3,30,5.5,5,0,0.4884,0,0.1132
3,1,raw,154.2,2.891515705,32.50636136,0.000900367,-0.119732738,138.9069649,1.5,150,200,3,30,5.5,5,0,0.4884,0,0.1132
3,1,raw,154.4,2.891704873,32.4823854,0.000984869,-0.120005478,138.8045103,1.5,150,200,3,30,5.5,5,0,0.4884,0,0.1132
3,1,raw,154.6,2.891909653,32.45835917,0.001056705,-0.120236254,138.7018408,1.5,150,200,3,30,5.5,5,0,0.4884,0,0.1132
3,1,raw,154.8,2.892127555,32.4342909,0.001116301,-0.120426482,138.5989917,1.5,150,200,3,30,5.5,5,0,0.4884,0,0.1132
3,1,raw,155,2.892356174,32.41018857,0.001164086,-0.120577576,138.4959971,1.5,150,200,3,30,5.5,5,0,0.4884,0,0.1132
3,1,raw,155.2,2.892593189,32.38605987,0.001200486,-0.120690954,138.3928897,1.5,150,200,3,30,5.5,5,0,0.4884,0,0.1132
3,1,raw,155.4,2.892836368,32.36191219,0.00122593,-0.12076803,138.2897013,1.5,150,200,3,30,5.5,5,0,0.4884,0,0.1132
3,1,raw,155.6,2.893083561,32.33775266,0.001240844,-0.120810221,138.1864622,1.5,150,200,3,30,5.5,5,0,0.4884,0,0.1132
3,1,raw,155.8,2.893332706,32.3135881,0.001245656,-0.120818943,138.0832016,1.5,150,200,3,30,5.5,5,0,0.4884,0,0.1132
3,1,raw,156,2.893581824,32.28942508,0.001240794,-0.12079561,137.9799476,1.5,150,200,3,30,5.5,5,0,0.4884,0,0.1132
3,1,raw,156.2,2.893829023,32.26526986,0.001226684,-0.120741639,137.8767269,1.5,150,200,3,30,5.5,5,0,0.4884,0,0.1132
3,1,raw,156.4,2.894072497,32.24112842,0.001203755,-0.120658445,137.7735652,1.5,150,200,3,30,5.5,5,0,0.4884,0,0.1132
3,1,raw,156.6,2.894310525,32.21700648,0.001172433,-0.120547445,137.6704867,1.5,150,200,3,30,5.5,5,0,0.4884,0,0.1132
3,1,raw,156.8,2.894541471,32.19290945,0.001133147,-0.120410054,137.5675147,1.5,150,200,3,30,5.5,5,0,0.4884,0,0.1132
3,1,raw,157,2.894763784,32.16884246,0.001086323,-0.120247688,137.4646711,1.5,150,200,3,30,5.5,5,0,0.4884,0,0.1132
3,1,raw,157.2,2.894976,32.14481037,0.00103239,-0.120061762,137.3619766,1.5,150,200,3,30,5.5,5,0,0.4884,0,0.1132
3,1,raw,157.4,2.89517674,32.12081775,0.000971774,-0.119853693,137.2594507,1.5,150,200,3,30,5.5,5,0,0.4884,0,0.1132
3,1,raw,157.6,2.89536471,32.09686889,0.000904903,-0.119624895,137.1571119,1.5,150,200,3,30,5.5,5,0,0.4884,0,0.1132
3,1,raw,157.8,2.895538701,32.0729678,0.000832204,-0.119376786,137.0549771,1.5,150,200,3,30,5.5,5,0,0.4884,0,0.1132
3,1,raw,158,2.895697591,32.04911818,0.000754105,-0.11911078,136.9530624,1.5,150,800,1,30,5.5,5,0,0.4884,0,0.1132
3,1,raw,158.2,2.895840343,32.02532348,0.000671034,-0.118828293,136.8513823,1.5,150,800,1,30,5.5,5,0,0.4884,0,0.1132
3,1,raw,158.4,2.895966005,32.00158686,0.000583417,-0.118530742,136.7499504,1.5,150,800,1,30,5.5,5,0,0.4884,0,0.1132
3,1,raw,158.6,2.89607371,31.97791119,0.000491682,-0.118219542,136.648779,1.5,150,800,1,30,5.5,5,0,0.4884,0,0.1132
3,1,raw,158.8,2.896162677,31.95429905,0.000396257,-0.117896108,136.547879,1.5,150,800,1,30,5.5,5,0,0.4884,0,0.1132
3,1,raw,159,2.896232212,31.93075274,0.000297568,-0.117561857,136.4472604,1.5,150,800,1,30,5.5,5,0,0.4884,0,0.1132
3,1,raw,159.2,2.896281705,31.9072743,0.000196045,-0.117218203,136.3469317,1.5,150,800,1,30,5.5,5,0,0.4884,0,0.1132
3,1,raw,159.4,2.89631063,31.88386546,9.21126E-05,-0.116866564,136.2469005,1.5,150,800,1,30,5.5,5,0,0.4884,0,0.1132
3,1,raw,159.6,2.89631855,31.86052768,-1.37999E-05,-0.116508354,136.1471729,1.5,150,800,1,30,5.5,5,0,0.4884,0,0.1132
3,1,raw,159.8,2.89630511,31.83726212,-0.000121266,-0.11614499,136.047754,1.5,150,800,1,30,5.5,5,0,0.4884,0,0.1132
3,1,raw,160,2.896270043,31.81406968,-0.000229857,-0.115777887,135.9486475,1.5,150,800,1,30,5.5,5,0,0.4884,0,0.1132
3,1,raw,160.2,2.896213167,31.79095097,-0.000339147,-0.115408461,135.849856,1.5,150,800,1,30,5.5,5,0,0.4884,0,0.1132
3,1,raw,160.4,2.896134384,31.7679063,-0.000448708,-0.115038128,135.751381,1.5,150,800,1,30,5.5,5,0,0.4884,0,0.1132
3,1,raw,160.6,2.896033684,31.74493572,-0.000558113,-0.114668303,135.6532226,1.5,150,800,1,30,5.5,5,0,0.4884,0,0.1132
3,1,raw,160.8,2.895911139,31.72203898,-0.000666933,-0.114300403,135.5553797,1.5,150,800,1,30,5.5,5,0,0.4884,0,0.1132
3,1,raw,161,2.895766911,31.69921555,-0.000774742,-0.113935842,135.4578501,1.5,150,800,1,30,5.5,5,0,0.4884,0,0.1132
3,1,raw,161.2,2.895601243,31.67646464,-0.000881112,-0.113576037,135.3606303,1.5,150,800,1,30,5.5,5,0,0.4884,0,0.1132
3,1,raw,161.4,2.895414466,31.65378514,-0.000985616,-0.113222404,135.2637157,1.5,150,800,1,30,5.5,5,0,0.4884,0,0.1132
3,1,raw,161.6,2.895206996,31.63117568,-0.001087827,-0.112876358,135.1671004,1.5,150,800,1,30,5.5,5,0,0.4884,0,0.1132
3,1,raw,161.8,2.894979335,31.6086346,-0.001187316,-0.112539315,135.0707773,1.5,150,800,1,30,5.5,5,0,0.4884,0,0.1132
3,1,raw,162,2.89473207,31.58615995,-0.001283656,-0.112212691,134.9747382,1.5,150,800,1,30,5.5,5,0,0.4884,0,0.1132
3,1,raw,162.2,2.894465873,31.56374952,-0.001376421,-0.111897901,134.8789734,1.5,150,800,1,30,5.5,5,0,0.4884,0,0.1132
3,1,raw,162.4,2.894181501,31.54140079,-0.001465182,-0.111596362,134.7834722,1.5,150,800,1,30,5.5,5,0,0.4884,0,0.1132
3,1,raw,162.6,2.8938798,31.51911098,-0.001549512,-0.111309488,134.6882229,1.5,150,800,1,30,5.5,5,0,0.4884,0,0.1132
3,1,raw,162.8,2.893561696,31.496877,-0.001628984,-0.111038697,134.5932121,1.5,150,800,1,30,5.5,5,0,0.4884,0,0.1132
3,1,raw,163,2.893228206,31.4746955,-0.00170317,-0.110785403,134.4984256,1.5,150,800,1,30,5.5,5,0,0.4884,0,0.1132
3,1,raw,163.2,2.892880428,31.45256283,-0.001771643,-0.110551023,134.4038477,1.5,150,800,1,30,5.5,5,0,0.4884,0,0.1132
3,1,raw,163.4,2.892519549,31.43047509,-0.001833976,-0.110336971,134.3094618,1.5,150,800,1,30,5.5,5,0,0.4884,0,0.1132
3,1,raw,163.6,2.892146838,31.40842805,-0.00188974,-0.110144665,134.2152499,1.5,150,800,1,30,5.5,5,0,0.4884,0,0.1132
3,1,raw,163.8,2.891763653,31.38641722,-0.001938509,-0.109975519,134.1211927,1.5,150,800,1,30,5.5,5,0,0.4884,0,0.1132
3,1,raw,164,2.891371435,31.36443784,-0.001979854,-0.109830949,134.0272699,1.5,150,800,1,30,5.5,5,0,0.4884,0,0.1132
3,1,raw,164.2,2.890971711,31.34248484,-0.00201335,-0.109712372,133.9334598,1.5,150,800,1,30,5.5,5,0,0.4884,0,0.1132
3,1,raw,164.4,2.890566095,31.32055289,-0.002038567,-0.109621202,133.8397397,1.5,150,800,1,30,5.5,5,0,0.4884,0,0.1132
3,1,raw,164.6,2.890156284,31.29863636,-0.00205508,-0.109558856,133.7460854,1.5,150,800,1,30,5.5,5,0,0.4884,0,0.1132
3,1,raw,164.8,2.889744063,31.27672935,-0.002062459,-0.10952675,133.6524719,1.5,150,800,1,30,5.5,5,0,0.4884,0,0.1132
3,1,raw,165,2.8893313,31.25482566,-0.002060279,-0.109526299,133.5588725,1.5,150,800,1,30,5.5,5,0,0.4884,0,0.1132
3,1,raw,165.2,2.888919952,31.23291883,-0.002048111,-0.109558919,133.4652597,1.5,150,800,1,30,5.5,5,0,0.4884,0,0.1132
3,1,raw,165.4,2.888512056,31.21100209,-0.002025527,-0.109626025,133.3716046,1.5,150,800,1,30,5.5,5,0,0.4884,0,0.1132
3,1,raw,165.6,2.888109741,31.18906842,-0.001992102,-0.109729034,133.2778771,1.5,150,800,1,30,5.5,5,0,0.4884,0,0.1132
3,1,raw,165.8,2.887715215,31.16711048,-0.001947407,-0.109869361,133.1840459,1.5,150,800,1,30,5.5,5,0,0.4884,0,0.1132
3,1,raw,166,2.887330778,31.14512067,-0.001891014,-0.110048422,133.0900785,1.5,150,800,1,30,5.5,5,0,0.4884,0,0.1132
3,1,raw,166.2,2.88695881,31.12309111,-0.001822496,-0.110267633,132.9959413,1.5,150,800,1,30,5.5,5,0,0.4884,0,0.1132
3,1,raw,166.4,2.886601779,31.10101362,-0.001741427,-0.110528409,132.9015992,1.5,150,800,1,30,5.5,5,0,0.4884,0,0.1132
3,1,raw,166.6,2.886262239,31.07887975,-0.001647377,-0.110832166,132.8070162,1.5,150,800,1,30,5.5,5,0,0.4884,0,0.1132
3,1,raw,166.8,2.885942829,31.05668075,-0.001539921,-0.111180321,132.7121549,1.5,150,800,1,30,5.5,5,0,0.4884,0,0.1132
3,1,raw,167,2.885646271,31.03440762,-0.00141863,-0.111574288,132.6169768,1.5,150,800,1,30,5.5,5,0,0.4884,0,0.1132
3,1,raw,167.2,2.885375377,31.01205104,-0.001283077,-0.112015484,132.5214421,1.5,150,800,1,30,5.5,5,0,0.4884,0,0.1132
3,1,raw,167.4,2.88513304,30.98960143,-0.001132835,-0.112505324,132.4255099,1.5,150,800,1,30,5.5,5,0,0.4884,0,0.1132
3,1,raw,167.6,2.884922243,30.96704891,-0.000967476,-0.113045224,132.329138,1.5,150,800,1,30,5.5,5,0,0.4884,0,0.1132
3,1,raw,167.8,2.88474605,30.94438334,-0.000786572,-0.1136366,132.2322829,1.5,150,800,1,30,5.5,5,0,0.4884,0,0.1132
3,1,raw,168,2.884607614,30.92159427,-0.000589697,-0.114280868,132.1349001,1.5,150,800,1,30,5.5,5,0,0.4884,0,0.1132
3,1,raw,168.2,2.884510171,30.89867099,-0.000376423,-0.114979442,132.0369438,1.5,150,800,1,30,5.5,5,0,0.4884,0,0.1132
3,1,raw,168.4,2.884457045,30.87560249,-0.000146322,-0.11573374,131.9383669,1.5,150,800,1,30,5.5,5,0,0.4884,0,0.1132
3,1,raw,168.6,2.884451642,30.85237749,0.000101033,-0.116545177,131.8391213,1.5,150,800,1,30,5.5,5,0,0.4884,0,0.1132
3,1,raw,168.8,2.884497458,30.82898442,0.000366069,-0.117415168,131.7391575,1.5,150,800,1,30,5.5,5,0,0.4884,0,0.1132
3,1,raw,169,2.88459807,30.80541143,0.000649214,-0.11834513,131.6384248,1.5,150,800,1,30,5.5,5,0,0.4884,0,0.1132
3,1,raw,169.2,2.884757143,30.78164637,0.000950895,-0.119336478,131.5368714,1.5,150,800,1,30,5.5,5,0,0.4884,0,0.1132
3,1,raw,169.4,2.884978428,30.75767683,0.00127154,-0.120390628,131.4344442,1.5,150,800,1,30,5.5,5,0,0.4884,0,0.1132
3,1,raw,169.6,2.885265759,30.73349012,0.001585839,-0.121423778,131.3310889,1.5,150,800,1,30,5.5,5,0,0.4884,0,0.1132
3,1,raw,169.8,2.885612763,30.70910732,0.001756773,-0.121982273,131.2268958,1.5,150,800,1,30,5.5,5,0,0.4884,0,0.1132
3,1,raw,170,2.885968469,30.68469721,0.001775508,-0.122036842,131.1225859,1.5,150,800,1,30,5.5,5,0,0.4884,0,0.1132
3,1,raw,170.2,2.886322967,30.66029259,0.001762755,-0.121987136,131.0182995,1.5,150,800,1,30,5.5,5,0,0.4884,0,0.1132
3,1,raw,170.4,2.88667357,30.63590235,0.001737047,-0.121894525,130.9140745,1.5,150,800,1,30,5.5,5,0,0.4884,0,0.1132
3,1,raw,170.6,2.887017786,30.61153478,0.001699351,-0.121762198,130.8099464,1.5,150,800,1,30,5.5,5,0,0.4884,0,0.1132
3,1,raw,170.8,2.887353311,30.58719748,0.001650628,-0.121593347,130.7059477,1.5,150,800,1,30,5.5,5,0,0.4884,0,0.1132
3,1,raw,171,2.887678037,30.56289744,0.001591843,-0.121391162,130.6021082,1.5,150,800,1,30,5.5,5,0,0.4884,0,0.1132
3,1,raw,171.2,2.887990048,30.53864101,0.001523959,-0.121158834,130.498455,1.5,150,800,1,30,5.5,5,0,0.4884,0,0.1132
3,1,raw,171.4,2.88828762,30.5144339,0.00144794,-0.120899554,130.3950126,1.5,150,800,1,30,5.5,5,0,0.4884,0,0.1132
3,1,raw,171.6,2.888569224,30.49028119,0.001364749,-0.120616511,130.2918027,1.5,150,800,1,30,5.5,5,0,0.4884,0,0.1132
3,1,raw,171.8,2.88883352,30.4661873,0.001275351,-0.120312897,130.1888441,1.5,150,800,1,30,5.5,5,0,0.4884,0,0.1132
3,1,raw,172,2.889079364,30.44215603,0.001180709,-0.119991902,130.0861531,1.5,150,800,1,30,5.5,5,0,0.4884,0,0.1132
3,1,raw,172.2,2.889305804,30.41819054,0.001081787,-0.119656717,129.9837432,1.5,150,800,1,30,5.5,5,0,0.4884,0,0.1132
3,1,raw,172.4,2.889512079,30.39429334,0.000979548,-0.119310532,129.8816251,1.5,150,800,1,30,5.5,5,0,0.4884,0,0.1132
3,1,raw,172.6,2.889697623,30.37046633,0.000874955,-0.118956538,129.7798069,1.5,150,800,1,30,5.5,5,0,0.4884,0,0.1132
3,1,raw,172.8,2.889862061,30.34671073,0.000768974,-0.118597927,129.6782939,1.5,150,800,1,30,5.5,5,0,0.4884,0,0.1132
3,1,raw,173,2.890005212,30.32302716,0.000662567,-0.118237887,129.5770887,1.5,150,800,1,30,5.5,5,0,0.4884,0,0.1132
3,1,raw,173.2,2.890127088,30.29941557,0.000556697,-0.117879611,129.4761911,1.5,150,800,1,30,5.5,5,0,0.4884,0,0.1132
3,1,raw,173.4,2.890227891,30.27587531,0.00045233,-0.117526288,129.3755983,1.5,150,800,1,30,5.5,5,0,0.4884,0,0.1132
3,1,raw,173.6,2.89030802,30.25240506,0.000350427,-0.117181109,129.2753047,1.5,150,800,1,30,5.5,5,0,0.4884,0,0.1132
3,1,raw,173.8,2.890368062,30.22900287,0.000251954,-0.116847265,129.1753019,1.5,150,800,1,30,5.5,5,0,0.4884,0,0.1132
3,1,raw,174,2.890408801,30.20566615,0.000157873,-0.116527947,129.0755789,1.5,150,800,1,30,5.5,5,0,0.4884,0,0.1132
3,1,raw,174.2,2.890431211,30.18239169,6.91481E-05,-0.116226344,128.9761219,1.5,150,800,1,30,5.5,5,0,0.4884,0,0.1132
3,1,raw,174.4,2.89043646,30.15917561,-1.32566E-05,-0.115945648,128.8769144,1.5,150,800,1,30,5.5,5,0,0.4884,0,0.1132
3,1,raw,174.6,2.890425909,30.13601343,-8.83777E-05,-0.11568905,128.7779372,1.5,150,800,1,30,5.5,5,0,0.4884,0,0.1132
3,1,raw,174.8,2.890401109,30.11289999,-0.000155252,-0.115459739,128.6791683,1.5,150,800,1,30,5.5,5,0,0.4884,0,0.1132
3,1,raw,175,2.890363808,30.08982953,-0.000212914,-0.115260907,128.580583,1.5,150,800,1,30,5.5,5,0,0.4884,0,0.1132
3,1,raw,175.2,2.890315943,30.06679563,-0.000260403,-0.115095745,128.482154,1.5,150,800,1,30,5.5,5,0,0.4884,0,0.1132
3,1,raw,175.4,2.890259647,30.04379124,-0.000296753,-0.114967442,128.3838511,1.5,150,800,1,30,5.5,5,0,0.4884,0,0.1132
3,1,raw,175.6,2.890197242,30.02080865,-0.000321001,-0.114879189,128.2856414,1.5,150,800,1,30,5.5,5,0,0.4884,0,0.1132
3,1,raw,175.8,2.890131247,29.99783956,-0.000332183,-0.114834177,128.1874893,1.5,150,800,1,30,5.5,5,0,0.4884,0,0.1132
3,1,raw,176,2.890064369,29.97487498,-0.000329337,-0.114835597,128.0893565,1.5,150,800,1,30,5.5,5,0,0.4884,0,0.1132
3,1,raw,176.2,2.889999512,29.95190532,-0.000311497,-0.114886639,127.991202,1.5,150,800,1,30,5.5,5,0,0.4884,0,0.1132
3,1,raw,176.4,2.88993977,29.92892033,-0.000277701,-0.114990494,127.8929819,1.5,150,800,1,30,5.5,5,0,0.4884,0,0.1132
3,1,raw,176.6,2.889888432,29.90590912,-0.000226984,-0.115150353,127.7946499,1.5,150,800,1,30,5.5,5,0,0.4884,0,0.1132
3,1,raw,176.8,2.889848977,29.88286019,-0.000158384,-0.115369406,127.6961566,1.5,150,800,1,30,5.5,5,0,0.4884,0,0.1132
3,1,raw,177,2.889825078,29.85976136,-7.09357E-05,-0.115650843,127.5974502,1.5,150,800,1,30,5.5,5,0,0.4884,0,0.1132
3,1,raw,177.2,2.889820602,29.83659985,3.63235E-05,-0.115997856,127.4984759,1.5,150,800,1,30,5.5,5,0,0.4884,0,0.1132
3,1,raw,177.4,2.889839608,29.81336222,0.000164358,-0.116413635,127.3991763,1.5,150,800,1,30,5.5,5,0,0.4884,0,0.1132
3,1,raw,177.6,2.889886345,29.7900344,0.000306535,-0.116876232,127.2994912,1.5,150,800,1,30,5.5,5,0,0.4884,0,0.1132
3,1,raw,177.8,2.889962221,29.76661173,0.000394825,-0.1171605,127.1994009,1.5,150,800,1,30,5.5,5,0,0.4884,0,0.1132
3,1,raw,178,2.890044275,29.7431702,0.000410073,-0.117203027,127.09923,1.5,150,800,1,30,5.5,5,0,0.4884,0,0.1132
3,1,raw,178.2,2.890126251,29.71973052,0.000408034,-0.117188317,126.999067,1.5,150,800,1,30,5.5,5,0,0.4884,0,0.1132
3,1,raw,178.4,2.890207489,29.69629487,0.000402818,-0.117163068,126.8989212,1.5,150,800,1,30,5.5,5,0,0.4884,0,0.1132
3,1,raw,178.6,2.890287378,29.67286529,0.000394659,-0.117128054,126.7988014,1.5,150,800,1,30,5.5,5,0,0.4884,0,0.1132
3,1,raw,178.8,2.890365352,29.64944365,0.000383791,-0.11708405,126.6987155,1.5,150,800,1,30,5.5,5,0,0.4884,0,0.1132
3,1,raw,179,2.890440894,29.62603167,0.000370446,-0.11703183,126.5986708,1.5,150,800,1,30,5.5,5,0,0.4884,0,0.1132
3,1,raw,179.2,2.890513531,29.60263092,0.00035486,-0.116972169,126.4986742,1.5,150,800,1,30,5.5,5,0,0.4884,0,0.1132
3,1,raw,179.4,2.890582838,29.5792428,0.000337265,-0.116905841,126.3987315,1.5,150,800,1,30,5.5,5,0,0.4884,0,0.1132
3,1,raw,179.6,2.890648437,29.55586858,0.000317894,-0.11683362,126.2988482,1.5,150,800,1,30,5.5,5,0,0.4884,0,0.1132
3,1,raw,179.8,2.890709996,29.53250935,0.000296983,-0.11675628,126.199029,1.5,150,800,1,30,5.5,5,0,0.4884,0,0.1132
3,1,raw,180,2.89076723,29.50916607,0.000274763,-0.116674596,126.0992779,1.5,150,800,1,30,5.5,5,0,0.4884,0,0.1132
3,1,raw,180.2,2.890819901,29.48583951,0.00025147,-0.116589342,125.9995984,1.5,150,800,1,30,5.5,5,0,0.4884,0,0.1132
3,1,raw,180.4,2.890867818,29.46253033,0.000227335,-0.116501292,125.899993,1.5,150,800,1,30,5.5,5,0,0.4884,0,0.1132
3,1,raw,180.6,2.890910835,29.439239,0.000202594,-0.116411222,125.8004639,1.5,150,800,1,30,5.5,5,0,0.4884,0,0.1132
3,1,raw,180.8,2.890948855,29.41596584,0.00017748,-0.116319904,125.7010125,1.5,150,800,1,30,5.5,5,0,0.4884,0,0.1132
3,1,raw,181,2.890981827,29.39271104,0.000152225,-0.116228114,125.6016395,1.5,150,800,1,30,5.5,5,0,0.4884,0,0.1132
3,1,raw,181.2,2.891009746,29.3694746,0.000127065,-0.116136626,125.502345,1.5,150,800,1,30,5.5,5,0,0.4884,0,0.1132
3,1,raw,181.4,2.891032653,29.34625639,0.000102232,-0.116046214,125.4031284,1.5,150,800,1,30,5.5,5,0,0.4884,0,0.1132
3,1,raw,181.6,2.891050638,29.32305611,7.79604E-05,-0.115957652,125.3039884,1.5,150,800,1,30,5.5,5,0,0.4884,0,0.1132
3,1,raw,181.8,2.891063837,29.29987332,5.44834E-05,-0.115871716,125.2049232,1.5,150,800,1,30,5.5,5,0,0.4884,0,0.1132
3,1,raw,182,2.891072432,29.27670742,3.20348E-05,-0.115789178,125.1059301,1.5,150,800,1,30,5.5,5,0,0.4884,0,0.1132
3,1,raw,182.2,2.891076651,29.25355765,1.08481E-05,-0.115710814,125.0070059,1.5,150,800,1,30,5.5,5,0,0.4884,0,0.1132
3,1,raw,182.4,2.891076771,29.2304231,-8.84299E-06,-0.115637397,124.9081468,1.5,150,800,1,30,5.5,5,0,0.4884,0,0.1132
3,1,raw,182.6,2.891073114,29.20730269,-2.68049E-05,-0.115569703,124.8093481,1.5,150,800,1,30,5.5,5,0,0.4884,0,0.1132
3,1,raw,182.8,2.891066049,29.18419522,-4.2804E-05,-0.115508505,124.7106047,1.5,150,800,1,30,5.5,5,0,0.4884,0,0.1132
3,1,raw,183,2.891055992,29.16109929,-5.66066E-05,-0.115454578,124.6119106,1.5,150,800,1,30,5.5,5,0,0.4884,0,0.1132
3,1,raw,183.2,2.891043407,29.13801339,-6.79792E-05,-0.115408696,124.5132594,1.5,150,800,1,30,5.5,5,0,0.4884,0,0.1132
3,1,raw,183.4,2.891028801,29.11493581,-7.66882E-05,-0.115371633,124.4146437,1.5,150,800,1,30,5.5,5,0,0.4884,0,0.1132
3,1,raw,183.6,2.891012731,29.09186473,-8.24998E-05,-0.115344165,124.3160559,1.5,150,800,1,30,5.5,5,0,0.4884,0,0.1132
3,1,raw,183.8,2.890995801,29.06879815,-8.51806E-05,-0.115327064,124.2174872,1.5,150,800,1,30,5.5,5,0,0.4884,0,0.1132
3,1,raw,184,2.890978659,29.04573391,-8.44968E-05,-0.115321106,124.1189285,1.5,150,800,1,30,5.5,5,0,0.4884,0,0.1132
3,1,raw,184.2,2.890962002,29.02266971,-8.0215E-05,-0.115327064,124.02037,1.5,150,800,1,30,5.5,5,0,0.4884,0,0.1132
3,1,raw,184.4,2.890946573,28.99960308,-7.21013E-05,-0.115345714,123.9218011,1.5,150,800,1,30,5.5,5,0,0.4884,0,0.1132
3,1,raw,184.6,2.890933162,28.97653142,-5.99224E-05,-0.115377829,123.8232108,1.5,150,800,1,30,5.5,5,0,0.4884,0,0.1132
3,1,raw,184.8,2.890922604,28.95345195,-4.34444E-05,-0.115424184,123.724587,1.5,150,800,1,30,5.5,5,0,0.4884,0,0.1132
3,1,raw,185,2.890915784,28.93036175,-2.24339E-05,-0.115485553,123.6259174,1.5,150,800,1,30,5.5,5,0,0.4884,0,0.1132
3,1,raw,185.2,2.890913631,28.90725773,3.34286E-06,-0.115562711,123.5271888,1.5,150,800,1,30,5.5,5,0,0.4884,0,0.1132
3,1,raw,185.4,2.890917121,28.88413666,3.41194E-05,-0.115656431,123.4283873,1.5,150,800,1,30,5.5,5,0,0.4884,0,0.1132
3,1,raw,185.6,2.890927278,28.86099516,7.04829E-05,-0.115768666,123.3294984,1.5,150,800,1,30,5.5,5,0,0.4884,0,0.1132
3,1,raw,185.8,2.890945314,28.8378292,0.000116699,-0.115913652,123.2305051,1.5,150,800,1,30,5.5,5,0,0.4884,0,0.1132
3,1,raw,186,2.890973958,28.81462969,0.000168939,-0.116078718,123.1313684,1.5,150,800,1,30,5.5,5,0,0.4884,0,0.1132
3,1,raw,186.2,2.89101289,28.79139771,0.000217143,-0.116230407,123.0320929,1.5,150,800,1,30,5.5,5,0,0.4884,0,0.1132
3,1,raw,186.4,2.891060815,28.76813753,0.000258994,-0.116361003,122.932697,1.5,150,800,1,30,5.5,5,0,0.4884,0,0.1132
3,1,raw,186.6,2.891116487,28.74485331,0.000294728,-0.116471297,122.8331983,1.5,150,800,1,30,5.5,5,0,0.4884,0,0.1132
3,1,raw,186.8,2.891178707,28.72154901,0.000324585,-0.116562077,122.7336138,1.5,150,800,1,30,5.5,5,0,0.4884,0,0.1132
3,1,raw,187,2.891246321,28.69822848,0.000348801,-0.116634134,122.6339599,1.5,150,800,1,30,5.5,5,0,0.4884,0,0.1132
3,1,raw,187.2,2.891318227,28.67489536,0.000367616,-0.116688256,122.5342523,1.5,150,800,1,30,5.5,5,0,0.4884,0,0.1132
3,1,raw,187.4,2.891393368,28.65155317,0.000381267,-0.116725234,122.4345059,1.5,150,800,1,30,5.5,5,0,0.4884,0,0.1132
3,1,raw,187.6,2.891470734,28.62820527,0.000389992,-0.116745857,122.3347351,1.5,150,800,1,30,5.5,5,0,0.4884,0,0.1132
3,1,raw,187.8,2.891549365,28.60485483,0.000394029,-0.116750915,122.2349534,1.5,150,800,1,30,5.5,5,0,0.4884,0,0.1132
3,1,raw,188,2.891628346,28.5815049,0.000393615,-0.116741196,122.1351739,1.5,150,800,1,30,5.5,5,0,0.4884,0,0.1132
3,1,raw,188.2,2.891706811,28.55815835,0.00038899,-0.116717492,122.0354089,1.5,150,800,1,30,5.5,5,0,0.4884,0,0.1132
3,1,raw,188.4,2.891783941,28.5348179,0.00038039,-0.116680591,121.9356699,1.5,150,800,1,30,5.5,5,0,0.4884,0,0.1132
3,1,raw,188.6,2.891858967,28.51148612,0.000368053,-0.116631283,121.835968,1.5,150,800,1,30,5.5,5,0,0.4884,0,0.1132
3,1,raw,188.8,2.891931163,28.48816539,0.000352219,-0.116570358,121.7363133,1.5,150,800,1,30,5.5,5,0,0.4884,0,0.1132
3,1,raw,189,2.891999854,28.46485797,0.000333124,-0.116498605,121.6367155,1.5,150,800,1,30,5.5,5,0,0.4884,0,0.1132
3,1,raw,189.2,2.892064412,28.44156595,0.000311006,-0.116416813,121.5371835,1.5,150,800,1,30,5.5,5,0,0.4884,0,0.1132
3,1,raw,189.4,2.892124256,28.41829125,0.000286104,-0.116325773,121.4377254,1.5,150,800,1,30,5.5,5,0,0.4884,0,0.1132
3,1,raw,189.6,2.892178854,28.39503564,0.000258655,-0.116226274,121.338349,1.5,150,800,1,30,5.5,5,0,0.4884,0,0.1132
3,1,raw,189.8,2.892227718,28.37180074,0.000228897,-0.116119105,121.2390611,1.5,150,800,1,30,5.5,5,0,0.4884,0,0.1132
3,1,raw,190,2.892270413,28.348588,0.000197069,-0.116005057,121.1398678,1.5,150,800,1,30,5.5,5,0,0.4884,0,0.1132
3,1,raw,190.2,2.892306546,28.32539871,0.000163408,-0.115884918,121.0407748,1.5,150,800,1,30,5.5,5,0,0.4884,0,0.1132
3,1,raw,190.4,2.892335776,28.30223403,0.000128152,-0.115759479,120.9417869,1.5,150,800,1,30,5.5,5,0,0.4884,0,0.1132
3,1,raw,190.6,2.892357807,28.27909492,9.15395E-05,-0.115629528,120.8429084,1.5,150,800,1,30,5.5,5,0,0.4884,0,0.1132
3,1,raw,190.8,2.892372392,28.25598222,5.38077E-05,-0.115495856,120.7441426,1.5,150,800,1,30,5.5,5,0,0.4884,0,0.1132
3,1,raw,191,2.89237933,28.23289658,1.51949E-05,-0.115359252,120.6454925,1.5,150,800,1,30,5.5,5,0,0.4884,0,0.1132
3,1,raw,191.2,2.89237847,28.20983852,-2.40609E-05,-0.115220506,120.5469602,1.5,150,800,1,30,5.5,5,0,0.4884,0,0.1132
3,1,raw,191.4,2.892369706,28.18680838,-6.37219E-05,-0.115080407,120.4485473,1.5,150,800,1,30,5.5,5,0,0.4884,0,0.1132
3,1,raw,191.6,2.892352981,28.16380635,-0.00010355,-0.114939745,120.3502545,1.5,150,800,1,30,5.5,5,0,0.4884,0,0.1132
3,1,raw,191.8,2.892328286,28.14083248,-0.000143308,-0.114799309,120.252082,1.5,150,800,1,30,5.5,5,0,0.4884,0,0.1132
3,1,raw,192,2.892295658,28.11788663,-0.000182756,-0.11465989,120.1540292,1.5,150,800,1,30,5.5,5,0,0.4884,0,0.1132
3,1,raw,192.2,2.892255183,28.09496852,-0.000221659,-0.114522276,120.056095,1.5,150,800,1,30,5.5,5,0,0.4884,0,0.1132
3,1,raw,192.4,2.892206994,28.07207772,-0.000259776,-0.114387257,119.9582775,1.5,150,800,1,30,5.5,5,0,0.4884,0,0.1132
3,1,raw,192.6,2.892151273,28.04921362,-0.000296871,-0.114255623,119.8605741,1.5,150,800,1,30,5.5,5,0,0.4884,0,0.1132
3,1,raw,192.8,2.892088246,28.02637547,-0.000332706,-0.114128164,119.7629815,1.5,150,800,1,30,5.5,5,0,0.4884,0,0.1132
3,1,raw,193,2.89201819,28.00356236,-0.000367042,-0.114005668,119.665496,1.5,150,800,1,30,5.5,5,0,0.4884,0,0.1132
3,1,raw,193.2,2.891941429,27.9807732,-0.000399642,-0.113888926,119.5681128,1.5,150,800,1,30,5.5,5,0,0.4884,0,0.1132
3,1,raw,193.4,2.891858333,27.95800679,-0.000430268,-0.113778728,119.4708268,1.5,150,800,1,30,5.5,5,0,0.4884,0,0.1132
3,1,raw,193.6,2.891769322,27.93526171,-0.000458681,-0.113675862,119.373632,1.5,150,800,1,30,5.5,5,0,0.4884,0,0.1132
3,1,raw,193.8,2.891674861,27.91253644,-0.000484644,-0.113581118,119.2765218,1.5,150,800,1,30,5.5,5,0,0.4884,0,0.1132
3,1,raw,194,2.891575464,27.88982927,-0.000507919,-0.113495287,119.179489,1.5,150,800,1,30,5.5,5,0,0.4884,0,0.1132
3,1,raw,194.2,2.891471693,27.86713833,-0.000528268,-0.113419157,119.0825255,1.5,150,800,1,30,5.5,5,0,0.4884,0,0.1132
3,1,raw,194.4,2.891364157,27.8444616,-0.000545453,-0.113353518,118.9856228,1.5,150,800,1,30,5.5,5,0,0.4884,0,0.1132
3,1,raw,194.6,2.891253512,27.82179692,-0.000559236,-0.11329916,118.8887715,1.5,150,800,1,30,5.5,5,0,0.4884,0,0.1132
3,1,raw,194.8,2.891140462,27.79914194,-0.00056938,-0.113256872,118.7919617,1.5,150,800,1,30,5.5,5,0,0.4884,0,0.1132
3,1,raw,195,2.89102576,27.77649417,-0.000575645,-0.113227444,118.6951827,1.5,150,800,1,30,5.5,5,0,0.4884,0,0.1132
3,1,raw,195.2,2.890910204,27.75385096,-0.000577795,-0.113211665,118.5984232,1.5,150,800,1,30,5.5,5,0,0.4884,0,0.1132
3,1,raw,195.4,2.890794642,27.7312095,-0.000575591,-0.113210326,118.5016712,1.5,150,800,1,30,5.5,5,0,0.4884,0,0.1132
3,1,raw,195.6,2.890679968,27.70856683,-0.000568795,-0.113224215,118.404914,1.5,150,800,1,30,5.5,5,0,0.4884,0,0.1132
3,1,raw,195.8,2.890567124,27.68591982,-0.00055717,-0.113254123,118.3081382,1.5,150,800,1,30,5.5,5,0,0.4884,0,0.1132
3,1,raw,196,2.8904571,27.66326518,-0.000540477,-0.113300838,118.2113299,1.5,150,800,1,30,5.5,5,0,0.4884,0,0.1132
3,1,raw,196.2,2.890350933,27.64059948,-0.000518479,-0.113365151,118.1144743,1.5,150,800,1,30,5.5,5,0,0.4884,0,0.1132
3,1,raw,196.4,2.890249709,27.61791912,-0.000490937,-0.113447851,118.017556,1.5,150,800,1,30,5.5,5,0,0.4884,0,0.1132
3,1,raw,196.6,2.890154558,27.59522034,-0.000457614,-0.113549728,117.9205591,1.5,150,800,1,30,5.5,5,0,0.4884,0,0.1132
3,1,raw,196.8,2.890066663,27.57249923,-0.000418272,-0.113671571,117.8234667,1.5,150,800,1,30,5.5,5,0,0.4884,0,0.1132
3,1,raw,197,2.88998725,27.54975171,-0.000372672,-0.11381417,117.7262614,1.5,150,800,1,30,5.5,5,0,0.4884,0,0.1132
3,1,raw,197.2,2.889917594,27.52697356,-0.000320577,-0.113978314,117.6289253,1.5,150,800,1,30,5.5,5,0,0.4884,0,0.1132
3,1,raw,197.4,2.889859019,27.50416039,-0.000261749,-0.114164793,117.5314395,1.5,150,800,1,30,5.5,5,0,0.4884,0,0.1132
3,1,raw,197.6,2.889812894,27.48130765,-0.00019595,-0.114374397,117.4337846,1.5,150,800,1,30,5.5,5,0,0.4884,0,0.1132
3,1,raw,197.8,2.889780639,27.45841063,-0.000122942,-0.114607915,117.3359405,1.5,150,800,1,30,5.5,5,0,0.4884,0,0.1132
3,1,raw,198,2.889763717,27.43546448,-4.24875E-05,-0.114866136,117.2378865,1.5,150,800,1,30,5.5,5,0,0.4884,0,0.1132
3,1,raw,198.2,2.889763644,27.41246418,4.56524E-05,-0.115149851,117.139601,1.5,150,800,1,30,5.5,5,0,0.4884,0,0.1132
3,1,raw,198.4,2.889781978,27.38940454,0.000141715,-0.11545985,117.041062,1.5,150,800,1,30,5.5,5,0,0.4884,0,0.1132
3,1,raw,198.6,2.88982033,27.36628024,0.000245939,-0.11579692,116.9422467,1.5,150,800,1,30,5.5,5,0,0.4884,0,0.1132
3,1,raw,198.8,2.889880354,27.34308577,0.000357623,-0.116158765,116.8431315,1.5,150,800,1,30,5.5,5,0,0.4884,0,0.1132
3,1,raw,199,2.889963379,27.31981673,0.000465811,-0.116509196,116.7436977,1.5,150,800,1,30,5.5,5,0,0.4884,0,0.1132
3,1,raw,199.2,2.890066678,27.29648209,0.000558701,-0.116809035,116.6439836,1.5,150,800,1,30,5.5,5,0,0.4884,0,0.1132
3,1,raw,199.4,2.890186859,27.27309312,0.000635723,-0.117056199,116.5440372,1.5,150,800,1,30,5.5,5,0,0.4884,0,0.1132
3,1,raw,199.6,2.890320967,27.24965961,0.000698313,-0.117255418,116.4439006,1.5,150,800,1,30,5.5,5,0,0.4884,0,0.1132
3,1,raw,199.8,2.890466184,27.22619095,0.000747153,-0.117408955,116.3436138,1.5,150,800,1,30,5.5,5,0,0.4884,0,0.1132
3,1,raw,200,2.890619829,27.20269603,0.000782924,-0.117519073,116.2432147,1.5,150,800,1,30,5.5,5,0,0.4884,0,0.1132
3,1,raw,200.2,2.890779354,27.17918332,0.000806308,-0.117588033,116.1427396,1.5,150,800,1,30,5.5,5,0,0.4884,0,0.1132
3,1,raw,200.4,2.890942352,27.15566082,0.000817984,-0.117618098,116.0422227,1.5,150,800,1,30,5.5,5,0,0.4884,0,0.1132
3,1,raw,200.6,2.891106548,27.13213608,0.000818634,-0.11761153,115.9416963,1.5,150,800,1,30,5.5,5,0,0.4884,0,0.1132
3,1,raw,200.8,2.891269805,27.10861621,0.000808941,-0.117570593,115.8411906,1.5,150,800,1,30,5.5,5,0,0.4884,0,0.1132
3,1,raw,201,2.891430124,27.08510784,0.000789583,-0.117497547,115.7407341,1.5,150,800,1,30,5.5,5,0,0.4884,0,0.1132
3,1,raw,201.2,2.891585639,27.06161719,0.000761244,-0.117394655,115.6403532,1.5,150,800,1,30,5.5,5,0,0.4884,0,0.1132
3,1,raw,201.4,2.891734621,27.03814998,0.000724603,-0.117264179,115.5400726,1.5,150,800,1,30,5.5,5,0,0.4884,0,0.1132
3,1,raw,201.6,2.89187548,27.01471152,0.000680342,-0.117108383,115.4399148,1.5,150,800,1,30,5.5,5,0,0.4884,0,0.1132
3,1,raw,201.8,2.892006758,26.99130663,0.000629142,-0.116929528,115.3399005,1.5,150,800,1,30,5.5,5,0,0.4884,0,0.1132
3,1,raw,202,2.892127137,26.9679397,0.000571685,-0.116729876,115.2400484,1.5,150,800,1,30,5.5,5,0,0.4884,0,0.1132
3,1,raw,202.2,2.892235432,26.94461468,0.000508651,-0.11651169,115.1403753,1.5,150,800,1,30,5.5,5,0,0.4884,0,0.1132
3,1,raw,202.4,2.892330597,26.92133503,0.000440721,-0.116277232,115.0408961,1.5,150,800,1,30,5.5,5,0,0.4884,0,0.1132
3,1,raw,202.6,2.892411721,26.89810378,0.000368578,-0.116028765,114.9416238,1.5,150,800,1,30,5.5,5,0,0.4884,0,0.1132
3,1,raw,202.8,2.892478028,26.87492352,0.000292901,-0.11576855,114.8425694,1.5,150,800,1,30,5.5,5,0,0.4884,0,0.1132
3,1,raw,203,2.892528881,26.85179636,0.000214372,-0.11549885,114.7437418,1.5,150,800,1,30,5.5,5,0,0.4884,0,0.1132
3,1,raw,203.2,2.892563777,26.82872398,0.000133672,-0.115221928,114.6451484,1.5,150,800,1,30,5.5,5,0,0.4884,0,0.1132
3,1,raw,203.4,2.89258235,26.80570759,5.14823E-05,-0.114940045,114.5467942,1.5,150,800,1,30,5.5,5,0,0.4884,0,0.1132
3,1,raw,203.6,2.89258437,26.78274796,-3.15159E-05,-0.114655464,114.4486826,1.5,150,800,1,30,5.5,5,0,0.4884,0,0.1132
3,1,raw,203.8,2.892569743,26.75984541,-0.000114642,-0.114370448,114.3508148,1.5,150,800,1,30,5.5,5,0,0.4884,0,0.1132
3,1,raw,204,2.892538513,26.73699978,-0.000197214,-0.114087258,114.2531903,1.5,150,800,1,30,5.5,5,0,0.4884,0,0.1132
3,1,raw,204.2,2.892490858,26.7142105,-0.000278551,-0.113808157,114.1558066,1.5,150,800,1,30,5.5,5,0,0.4884,0,0.1132
3,1,raw,204.4,2.892427093,26.69147652,-0.000357972,-0.113535408,114.0586592,1.5,150,800,1,30,5.5,5,0,0.4884,0,0.1132
3,1,raw,204.6,2.892347669,26.66879634,-0.000434797,-0.113271272,113.9617417,1.5,150,800,1,30,5.5,5,0,0.4884,0,0.1132
3,1,raw,204.8,2.892253174,26.64616801,-0.000508343,-0.113018012,113.8650458,1.5,150,800,1,30,5.5,5,0,0.4884,0,0.1132
3,1,raw,205,2.892144332,26.62358914,-0.000577929,-0.11277789,113.7685612,1.5,150,800,1,30,5.5,5,0,0.4884,0,0.1132
3,1,raw,205.2,2.892022002,26.60105686,-0.000642876,-0.112553168,113.6722758,1.5,150,800,1,30,5.5,5,0,0.4884,0,0.1132
3,1,raw,205.4,2.891887182,26.57856787,-0.0007025,-0.112346109,113.5761753,1.5,150,800,1,30,5.5,5,0,0.4884,0,0.1132
3,1,raw,205.6,2.891741002,26.55611841,-0.000756122,-0.112158976,113.4802437,1.5,150,800,1,30,5.5,5,0,0.4884,0,0.1132
3,1,raw,205.8,2.891584733,26.53370428,-0.00080306,-0.11199403,113.3844631,1.5,150,800,1,30,5.5,5,0,0.4884,0,0.1132
3,1,raw,206,2.891419778,26.5113208,-0.000842633,-0.111853533,113.2888135,1.5,150,800,1,30,5.5,5,0,0.4884,0,0.1132
3,1,raw,206.2,2.89124768,26.48896287,-0.00087416,-0.111739749,113.193273,1.5,150,800,1,30,5.5,5,0,0.4884,0,0.1132
3,1,raw,206.4,2.891070114,26.4666249,-0.000896959,-0.111654939,113.0978179,1.5,150,800,1,30,5.5,5,0,0.4884,0,0.1132
3,1,raw,206.6,2.890888896,26.44430089,-0.00091035,-0.111601366,113.0024224,1.5,150,800,1,30,5.5,5,0,0.4884,0,0.1132
3,1,raw,206.8,2.890705974,26.42198436,-0.000913651,-0.111581291,112.9070588,1.5,150,800,1,30,5.5,5,0,0.4884,0,0.1132
3,1,raw,207,2.890523435,26.39966837,-0.000906182,-0.111596978,112.8116976,1.5,150,800,1,30,5.5,5,0,0.4884,0,0.1132
3,1,raw,207.2,2.890343502,26.37734556,-0.000887261,-0.111650689,112.7163073,1.5,150,800,1,30,5.5,5,0,0.4884,0,0.1132
3,1,raw,207.4,2.890168531,26.3550081,-0.000856207,-0.111744686,112.6208543,1.5,150,800,1,30,5.5,5,0,0.4884,0,0.1132
3,1,raw,207.6,2.890001019,26.33264769,-0.000812338,-0.11188123,112.5253032,1.5,150,800,1,30,5.5,5,0,0.4884,0,0.1132
3,1,raw,207.8,2.889843596,26.31025561,-0.000754975,-0.112062586,112.4296169,1.5,150,800,1,30,5.5,5,0,0.4884,0,0.1132
3,1,raw,208,2.889699029,26.28782266,-0.000683435,-0.112291014,112.3337558,1.5,150,800,1,30,5.5,5,0,0.4884,0,0.1132
3,1,raw,208.2,2.889570222,26.2653392,-0.000597037,-0.112568778,112.237679,1.5,150,800,1,30,5.5,5,0,0.4884,0,0.1132
3,1,raw,208.4,2.889460214,26.24279515,-0.000495101,-0.112898139,112.1413432,1.5,150,800,1,30,5.5,5,0,0.4884,0,0.1132
3,1,raw,208.6,2.889372182,26.22017994,-0.000376944,-0.11328136,112.0447034,1.5,150,800,1,30,5.5,5,0,0.4884,0,0.1132
3,1,raw,208.8,2.889309437,26.1974826,-0.000241887,-0.113720703,111.9477125,1.5,150,800,1,30,5.5,5,0,0.4884,0,0.1132
3,1,raw,209,2.889275427,26.17469166,-8.9248E-05,-0.11421843,111.8503218,1.5,150,800,1,30,5.5,5,0,0.4884,0,0.1132
3,1,raw,209.2,2.889273737,26.15179523,8.16545E-05,-0.114776804,111.7524802,1.5,150,800,1,30,5.5,5,0,0.4884,0,0.1132
3,1,raw,209.4,2.889308089,26.12878094,0.000271501,-0.115398088,111.654135,1.5,150,800,1,30,5.5,5,0,0.4884,0,0.1132
3,1,raw,209.6,2.889382338,26.10563599,0.000476525,-0.116069821,111.5552314,1.5,150,800,1,30,5.5,5,0,0.4884,0,0.1132
3,1,raw,209.8,2.889498698,26.08235301,0.00066324,-0.1166811,111.455738,1.5,150,800,1,30,5.5,5,0,0.4884,0,0.1132
3,1,raw,210,2.889647634,26.05896355,0.000810951,-0.117163141,111.3557896,1.5,150,800,1,30,5.5,5,0,0.4884,0,0.1132
3,1,raw,210.2,2.889823079,26.03548776,0.000932011,-0.117556626,111.2554723,1.5,150,800,1,30,5.5,5,0,0.4884,0,0.1132
3,1,raw,210.4,2.890020438,26.0119409,0.001030625,-0.117875472,111.1548513,1.5,150,800,1,30,5.5,5,0,0.4884,0,0.1132
3,1,raw,210.6,2.890235329,25.98833757,0.001107852,-0.118123203,111.053989,1.5,150,800,1,30,5.5,5,0,0.4884,0,0.1132
3,1,raw,210.8,2.890463579,25.96469162,0.001164753,-0.118303345,110.9529445,1.5,150,800,1,30,5.5,5,0,0.4884,0,0.1132
3,1,raw,211,2.89070123,25.94101623,0.001202388,-0.118419422,110.8517743,1.5,150,800,1,30,5.5,5,0,0.4884,0,0.1132
3,1,raw,211.2,2.890944534,25.91732385,0.001221818,-0.118474962,110.7505314,1.5,150,800,1,30,5.5,5,0,0.4884,0,0.1132
3,1,raw,211.4,2.891189957,25.89362625,0.001224104,-0.118473487,110.6492663,1.5,150,800,1,30,5.5,5,0,0.4884,0,0.1132
3,1,raw,211.6,2.891434176,25.86993446,0.001210305,-0.118418524,110.5480259,1.5,150,800,1,30,5.5,5,0,0.4884,0,0.1132
3,1,raw,211.8,2.891674079,25.84625884,0.001181482,-0.118313598,110.4468547,1.5,150,800,1,30,5.5,5,0,0.4884,0,0.1132
3,1,raw,212,2.891906769,25.82260902,0.001138696,-0.118162234,110.3457937,1.5,150,800,1,30,5.5,5,0,0.4884,0,0.1132
3,1,raw,212.2,2.892129558,25.79899394,0.001083006,-0.117967957,110.2448812,1.5,150,800,1,30,5.5,5,0,0.4884,0,0.1132
3,1,raw,212.4,2.892339971,25.77542184,0.001015474,-0.117734293,110.1441523,1.5,150,800,1,30,5.5,5,0,0.4884,0,0.1132
3,1,raw,212.6,2.892535747,25.75190023,0.000937159,-0.117464767,110.0436392,1.5,150,800,1,30,5.5,5,0,0.4884,0,0.1132
3,1,raw,212.8,2.892714835,25.72843593,0.000849122,-0.117162903,109.943371,1.5,150,800,1,30,5.5,5,0,0.4884,0,0.1132
3,1,raw,213,2.892875396,25.70503506,0.000752424,-0.116832228,109.8433739,1.5,150,800,1,30,5.5,5,0,0.4884,0,0.1132
3,1,raw,213.2,2.893015804,25.68170304,0.000648124,-0.116476266,109.7436709,1.5,150,800,1,30,5.5,5,0,0.4884,0,0.1132
3,1,raw,213.4,2.893134646,25.65844456,0.000537283,-0.116098542,109.6442822,1.5,150,800,1,30,5.5,5,0,0.4884,0,0.1132
3,1,raw,213.6,2.893230718,25.63526362,0.000420961,-0.115702583,109.5452249,1.5,150,800,1,30,5.5,5,0,0.4884,0,0.1132
3,1,raw,213.8,2.89330303,25.61216352,0.00030022,-0.115291912,109.446513,1.5,150,800,1,30,5.5,5,0,0.4884,0,0.1132
3,1,raw,214,2.893350806,25.58914686,0.000176119,-0.114870056,109.3481576,1.5,150,800,1,30,5.5,5,0,0.4884,0,0.1132
3,1,raw,214.2,2.893373478,25.5662155,4.97182E-05,-0.114440539,109.2501668,1.5,150,800,1,30,5.5,5,0,0.4884,0,0.1132
3,1,raw,214.4,2.893370693,25.54337064,-7.79213E-05,-0.114006887,109.1525456,1.5,150,800,1,30,5.5,5,0,0.4884,0,0.1132
3,1,raw,214.6,2.893342309,25.52061275,-0.000205739,-0.113572625,109.055296,1.5,150,800,1,30,5.5,5,0,0.4884,0,0.1132
3,1,raw,214.8,2.893288397,25.49794159,-0.000332676,-0.113141277,108.9584171,1.5,150,800,1,30,5.5,5,0,0.4884,0,0.1132
3,1,raw,215,2.893209239,25.47535624,-0.00045767,-0.11271637,108.8619048,1.5,150,800,1,30,5.5,5,0,0.4884,0,0.1132
3,1,raw,215.2,2.893105329,25.45285504,-0.000579662,-0.112301429,108.7657522,1.5,150,800,1,30,5.5,5,0,0.4884,0,0.1132
3,1,raw,215.4,2.892977374,25.43043567,-0.00069759,-0.111899978,108.6699491,1.5,150,800,1,30,5.5,5,0,0.4884,0,0.1132
3,1,raw,215.6,2.892826293,25.40809505,-0.000810396,-0.111515544,108.5744827,1.5,150,800,1,30,5.5,5,0,0.4884,0,0.1132
3,1,raw,215.8,2.892653216,25.38582945,-0.000917017,-0.11115165,108.4793368,1.5,150,800,1,30,5.5,5,0,0.4884,0,0.1132
3,1,raw,216,2.892459486,25.36363439,-0.001016395,-0.110811823,108.3844923,1.5,150,800,1,30,5.5,5,0,0.4884,0,0.1132
3,1,raw,216.2,2.892246658,25.34150472,-0.001107468,-0.110499588,108.2899273,1.5,150,800,1,30,5.5,5,0,0.4884,0,0.1132
3,1,raw,216.4,2.892016499,25.31943456,-0.001189176,-0.11021847,108.1956165,1.5,150,800,1,30,5.5,5,0,0.4884,0,0.1132
3,1,raw,216.6,2.891770988,25.29741733,-0.001260459,-0.109971993,108.101532,1.5,150,800,1,30,5.5,5,0,0.4884,0,0.1132
3,1,raw,216.8,2.891512316,25.27544576,-0.001320256,-0.109763684,108.0076425,1.5,150,800,1,30,5.5,5,0,0.4884,0,0.1132
3,1,raw,217,2.891242885,25.25351186,-0.001367507,-0.109597067,107.9139141,1.5,150,800,1,30,5.5,5,0,0.4884,0,0.1132
3,1,raw,217.2,2.890965313,25.23160693,-0.001401152,-0.109475668,107.8203094,1.5,150,800,1,30,5.5,5,0,0.4884,0,0.1132
3,1,raw,217.4,2.890682425,25.20972159,-0.00142013,-0.109403012,107.7267884,1.5,150,800,1,30,5.5,5,0,0.4884,0,0.1132
3,1,raw,217.6,2.890397261,25.18784573,-0.001423381,-0.109382624,107.633308,1.5,150,800,1,30,5.5,5,0,0.4884,0,0.1132
3,1,raw,217.8,2.890113072,25.16596854,-0.001409844,-0.10941803,107.5398218,1.5,150,800,1,30,5.5,5,0,0.4884,0,0.1132
3,1,raw,218,2.889833323,25.14407852,-0.001378459,-0.109512754,107.4462809,1.5,150,800,1,30,5.5,5,0,0.4884,0,0.1132
3,1,raw,218.2,2.889561689,25.12216344,-0.001328166,-0.109670322,107.3526328,1.5,150,800,1,30,5.5,5,0,0.4884,0,0.1132
3,1,raw,218.4,2.889302057,25.10021039,-0.001257904,-0.109894259,107.2588225,1.5,150,800,1,30,5.5,5,0,0.4884,0,0.1132
3,1,raw,218.6,2.889058527,25.07820573,-0.001166614,-0.11018809,107.1647917,1.5,150,800,1,30,5.5,5,0,0.4884,0,0.1132
3,1,raw,218.8,2.888835411,25.05613515,-0.001053233,-0.11055534,107.0704792,1.5,150,800,1,30,5.5,5,0,0.4884,0,0.1132
3,1,raw,219,2.888637233,25.0339836,-0.000916703,-0.110999536,106.9758206,1.5,150,800,1,30,5.5,5,0,0.4884,0,0.1132
3,1,raw,219.2,2.88846873,25.01173534,-0.000755962,-0.111524201,106.8807488,1.5,150,800,1,30,5.5,5,0,0.4884,0,0.1132
3,1,raw,219.4,2.888334849,24.98937392,-0.000569951,-0.112132861,106.7851935,1.5,150,800,1,30,5.5,5,0,0.4884,0,0.1132
3,1,raw,219.6,2.88824075,24.96688219,-0.000357609,-0.112829041,106.6890813,1.5,150,800,1,30,5.5,5,0,0.4884,0,0.1132
3,1,raw,219.8,2.888191805,24.9442423,-0.000117875,-0.113616268,106.592336,1.5,150,800,1,30,5.5,5,0,0.4884,0,0.1132
3,1,raw,220,2.888193599,24.92143569,0.00015031,-0.114498064,106.4948782,1.5,150,800,1,30,5.5,5,0,0.4884,0,0.1132
3,1,raw,220.2,2.888251929,24.89844308,0.000448008,-0.115477957,106.3966256,1.5,150,800,1,30,5.5,5,0,0.4884,0,0.1132
3,1,raw,220.4,2.888372803,24.8752445,0.000759908,-0.116505122,106.2974929,1.5,150,800,1,30,5.5,5,0,0.4884,0,0.1132
3,1,raw,220.6,2.888555892,24.85184103,0.000999662,-0.117292821,106.1974846,1.5,150,800,1,30,5.5,5,0,0.4884,0,0.1132
3,1,raw,220.8,2.888772668,24.82832737,0.00114575,-0.117769445,106.0970055,1.5,150,800,1,30,5.5,5,0,0.4884,0,0.1132
3,1,raw,221,2.889014193,24.80473325,0.001256137,-0.118127345,105.9961825,1.5,150,800,1,30,5.5,5,0,0.4884,0,0.1132
3,1,raw,221.2,2.889275122,24.78107644,0.001340495,-0.118398641,105.8950917,1.5,150,800,1,30,5.5,5,0,0.4884,0,0.1132
3,1,raw,221.4,2.889550391,24.75737379,0.00140022,-0.11858797,105.7938049,1.5,150,800,1,30,5.5,5,0,0.4884,0,0.1132
3,1,raw,221.6,2.88983521,24.73364125,0.001436705,-0.118699966,105.6923905,1.5,150,800,1,30,5.5,5,0,0.4884,0,0.1132
3,1,raw,221.8,2.890125073,24.70989381,0.001451342,-0.118739267,105.5909123,1.5,150,800,1,30,5.5,5,0,0.4884,0,0.1132
3,1,raw,222,2.890415747,24.68614554,0.001445527,-0.118710507,105.4894307,1.5,150,800,1,30,5.5,5,0,0.4884,0,0.1132
3,1,raw,222.2,2.890703283,24.6624096,0.001420651,-0.118618322,105.3880017,1.5,150,800,1,30,5.5,5,0,0.4884,0,0.1132
3,1,raw,222.4,2.890984008,24.63869821,0.00137811,-0.118467349,105.2866776,1.5,150,800,1,30,5.5,5,0,0.4884,0,0.1132
3,1,raw,222.6,2.891254527,24.61502266,0.001319295,-0.118262223,105.1855067,1.5,150,800,1,30,5.5,5,0,0.4884,0,0.1132
3,1,raw,222.8,2.891511726,24.59139332,0.001245602,-0.11800758,105.0845332,1.5,150,800,1,30,5.5,5,0,0.4884,0,0.1132
3,1,raw,223,2.891752768,24.56781963,0.001158423,-0.117708055,104.9837976,1.5,150,800,1,30,5.5,5,0,0.4884,0,0.1132
3,1,raw,223.2,2.891975095,24.5443101,0.001059152,-0.117368284,104.8833361,1.5,150,800,1,30,5.5,5,0,0.4884,0,0.1132
3,1,raw,223.4,2.892176429,24.52087232,0.000949183,-0.116992904,104.7831812,1.5,150,800,1,30,5.5,5,0,0.4884,0,0.1132
3,1,raw,223.6,2.892354768,24.49751294,0.000829909,-0.11658655,104.6833613,1.5,150,800,1,30,5.5,5,0,0.4884,0,0.1132
3,1,raw,223.8,2.892508392,24.4742377,0.000702723,-0.116153857,104.583901,1.5,150,800,1,30,5.5,5,0,0.4884,0,0.1132
3,1,raw,224,2.892635858,24.4510514,0.00056902,-0.115699462,104.4848207,1.5,150,800,1,30,5.5,5,0,0.4884,0,0.1132
3,1,raw,224.2,2.892736,24.42795791,0.000430193,-0.115228001,104.3861371,1.5,150,800,1,30,5.5,5,0,0.4884,0,0.1132
3,1,raw,224.4,2.892807935,24.4049602,0.000287635,-0.114744108,104.2878627,1.5,150,800,1,30,5.5,5,0,0.4884,0,0.1132
3,1,raw,224.6,2.892851054,24.38206027,0.00014274,-0.11425242,104.1900062,1.5,150,800,1,30,5.5,5,0,0.4884,0,0.1132
3,1,raw,224.8,2.892865031,24.35925923,-3.0987E-06,-0.113757573,104.0925722,1.5,150,800,1,30,5.5,5,0,0.4884,0,0.1132
3,1,raw,225,2.892849815,24.33655724,-0.000148487,-0.113264203,103.9955615,1.5,150,800,1,30,5.5,5,0,0.4884,0,0.1132
3,1,raw,225.2,2.892805636,24.31395355,-0.000292032,-0.112776944,103.8989709,1.5,150,800,1,30,5.5,5,0,0.4884,0,0.1132
3,1,raw,225.4,2.892733002,24.29144646,-0.00043234,-0.112300434,103.8027931,1.5,150,800,1,30,5.5,5,0,0.4884,0,0.1132
3,1,raw,225.6,2.8926327,24.26903337,-0.000568017,-0.111839308,103.7070169,1.5,150,800,1,30,5.5,5,0,0.4884,0,0.1132
3,1,raw,225.8,2.892505795,24.24671074,-0.00069767,-0.111398201,103.6116273,1.5,150,800,1,30,5.5,5,0,0.4884,0,0.1132
3,1,raw,226,2.892353632,24.22447409,-0.000819905,-0.110981749,103.5166051,1.5,150,800,1,30,5.5,5,0,0.4884,0,0.1132
3,1,raw,226.2,2.892177833,24.20231804,-0.000933328,-0.110594589,103.4219274,1.5,150,800,1,30,5.5,5,0,0.4884,0,0.1132
3,1,raw,226.4,2.891980301,24.18023626,-0.001036547,-0.110241356,103.327567,1.5,150,800,1,30,5.5,5,0,0.4884,0,0.1132
3,1,raw,226.6,2.891763215,24.1582215,-0.001128167,-0.109926685,103.233493,1.5,150,800,1,30,5.5,5,0,0.4884,0,0.1132
3,1,raw,226.8,2.891529034,24.13626558,-0.001206795,-0.109655214,103.1396704,1.5,150,800,1,30,5.5,5,0,0.4884,0,0.1132
3,1,raw,227,2.891280497,24.11435941,-0.001271037,-0.109431576,103.0460604,1.5,150,800,1,30,5.5,5,0,0.4884,0,0.1132
3,1,raw,227.2,2.891020619,24.09249295,-0.001319501,-0.109260409,102.9526202,1.5,150,800,1,30,5.5,5,0,0.4884,0,0.1132
3,1,raw,227.4,2.890752696,24.07065525,-0.001350791,-0.109146347,102.8593028,1.5,150,800,1,30,5.5,5,0,0.4884,0,0.1132
3,1,raw,227.6,2.890480303,24.04883441,-0.001363515,-0.109094027,102.7660574,1.5,150,800,1,30,5.5,5,0,0.4884,0,0.1132
3,1,raw,227.8,2.89020729,24.02701764,-0.00135628,-0.109108085,102.6728295,1.5,150,800,1,30,5.5,5,0,0.4884,0,0.1132
3,1,raw,228,2.889937791,24.00519118,-0.001327691,-0.109193156,102.5795601,1.5,150,800,1,30,5.5,5,0,0.4884,0,0.1132
3,1,raw,228.2,2.889676214,23.98334038,-0.001276355,-0.109353876,102.4861867,1.5,150,800,1,30,5.5,5,0,0.4884,0,0.1132
3,1,raw,228.4,2.889427249,23.96144963,-0.001200879,-0.109594881,102.3926427,1.5,150,800,1,30,5.5,5,0,0.4884,0,0.1132
3,1,raw,228.6,2.889195862,23.93950242,-0.001099868,-0.109920806,102.2988574,1.5,150,800,1,30,5.5,5,0,0.4884,0,0.1132
3,1,raw,228.8,2.888987301,23.91748131,-0.00097193,-0.110336288,102.2047562,1.5,150,800,1,30,5.5,5,0,0.4884,0,0.1132
3,1,raw,229,2.88880709,23.89536791,-0.000815671,-0.110845962,102.1102607,1.5,150,800,1,30,5.5,5,0,0.4884,0,0.1132
3,1,raw,229.2,2.888661033,23.87314292,-0.000629697,-0.111454464,102.0152883,1.5,150,800,1,30,5.5,5,0,0.4884,0,0.1132
3,1,raw,229.4,2.888555212,23.85078612,-0.000412614,-0.11216643,101.9197527,1.5,150,800,1,30,5.5,5,0,0.4884,0,0.1132
3,1,raw,229.6,2.888495987,23.82827635,-0.00016303,-0.112986496,101.8235634,1.5,150,800,1,30,5.5,5,0,0.4884,0,0.1132
3,1,raw,229.8,2.88849,23.80559152,0.000120449,-0.113919297,101.7266261,1.5,150,800,1,30,5.5,5,0,0.4884,0,0.1132
3,1,raw,230,2.888544167,23.78270863,0.000439218,-0.114969469,101.6288424,1.5,150,800,1,30,5.5,5,0,0.4884,0,0.1132
3,1,raw,230.2,2.888665687,23.75960374,0.000755731,-0.116012286,101.53011,1.5,150,800,1,30,5.5,5,0,0.4884,0,0.1132
3,1,raw,230.4,2.88884646,23.73630372,0.000979644,-0.116747509,101.4305438,1.5,150,800,1,30,5.5,5,0,0.4884,0,0.1132
3,1,raw,230.6,2.889057545,23.71290473,0.001115689,-0.117190682,101.3305547,1.5,150,800,1,30,5.5,5,0,0.4884,0,0.1132
3,1,raw,230.8,2.889292735,23.68942745,0.001222896,-0.117537839,101.2302309,1.5,150,800,1,30,5.5,5,0,0.4884,0,0.1132
3,1,raw,231,2.889546703,23.6658896,0.00130416,-0.117798612,101.1296484,1.5,150,800,1,30,5.5,5,0,0.4884,0,0.1132
3,1,raw,231.2,2.8898144,23.642308,0.001360888,-0.117977679,101.028879,1.5,150,800,1,30,5.5,5,0,0.4884,0,0.1132
3,1,raw,231.4,2.890091058,23.61869853,0.001394484,-0.118079721,100.9279904,1.5,150,800,1,30,5.5,5,0,0.4884,0,0.1132
3,1,raw,231.6,2.890372193,23.59507611,0.001406355,-0.118109418,100.8270466,1.5,150,800,1,30,5.5,5,0,0.4884,0,0.1132
3,1,raw,231.8,2.8906536,23.57145476,0.001397907,-0.118071451,100.7261072,1.5,150,800,1,30,5.5,5,0,0.4884,0,0.1132
3,1,raw,232,2.890931356,23.54784753,0.001370546,-0.1179705,100.6252283,1.5,150,800,1,30,5.5,5,0,0.4884,0,0.1132
3,1,raw,232.2,2.891201819,23.52426656,0.001325677,-0.117811244,100.5244615,1.5,150,800,1,30,5.5,5,0,0.4884,0,0.1132
3,1,raw,232.4,2.891461627,23.50072303,0.001264706,-0.117598365,100.4238547,1.5,150,800,1,30,5.5,5,0,0.4884,0,0.1132
3,1,raw,232.6,2.891707701,23.47722721,0.00118904,-0.117336542,100.3234518,1.5,150,800,1,30,5.5,5,0,0.4884,0,0.1132
3,1,raw,232.8,2.891937243,23.45378842,0.001100084,-0.117030455,100.2232926,1.5,150,800,1,30,5.5,5,0,0.4884,0,0.1132
3,1,raw,233,2.892147735,23.43041503,0.000999243,-0.116684786,100.1234129,1.5,150,800,1,30,5.5,5,0,0.4884,0,0.1132
3,1,raw,233.2,2.89233694,23.4071145,0.000887925,-0.116304213,100.0238445,1.5,150,800,1,30,5.5,5,0,0.4884,0,0.1132
3,1,raw,233.4,2.892502904,23.38389335,0.000767534,-0.115893418,99.92461528,1.5,150,800,1,30,5.5,5,0,0.4884,0,0.1132
3,1,raw,233.6,2.892643954,23.36075714,0.000639476,-0.11545708,99.82574907,1.5,150,800,1,30,5.5,5,0,0.4884,0,0.1132
3,1,raw,233.8,2.892758695,23.33771051,0.000505158,-0.11499988,99.72726569,1.5,150,800,1,30,5.5,5,0,0.4884,0,0.1132
3,1,raw,234,2.892846017,23.31475718,0.000365986,-0.114526498,99.62918097,1.5,150,800,1,30,5.5,5,0,0.4884,0,0.1132
3,1,raw,234.2,2.892905089,23.29189991,0.000223364,-0.114041615,99.53150674,1.5,150,800,1,30,5.5,5,0,0.4884,0,0.1132
3,1,raw,234.4,2.892935363,23.26914054,7.86994E-05,-0.113549909,99.43425082,1.5,150,800,1,30,5.5,5,0,0.4884,0,0.1132
3,1,raw,234.6,2.892936569,23.24647995,-6.66023E-05,-0.113056063,99.33741706,1.5,150,800,1,30,5.5,5,0,0.4884,0,0.1132
3,1,raw,234.8,2.892908722,23.22391811,-0.000211135,-0.112564755,99.24100527,1.5,150,800,1,30,5.5,5,0,0.4884,0,0.1132
3,1,raw,235,2.892852115,23.20145405,-0.000353494,-0.112080667,99.14501129,1.5,150,800,1,30,5.5,5,0,0.4884,0,0.1132
3,1,raw,235.2,2.892767324,23.17908585,-0.000492272,-0.111608478,99.04942695,1.5,150,800,1,30,5.5,5,0,0.4884,0,0.1132
3,1,raw,235.4,2.892655206,23.15681066,-0.000626063,-0.111152868,98.95424008,1.5,150,800,1,30,5.5,5,0,0.4884,0,0.1132
3,1,raw,235.6,2.892516899,23.1346247,-0.000753463,-0.110718518,98.85943451,1.5,150,800,1,30,5.5,5,0,0.4884,0,0.1132
3,1,raw,235.8,2.892353821,23.11252325,-0.000873064,-0.110310109,98.76499007,1.5,150,800,1,30,5.5,5,0,0.4884,0,0.1132
3,1,raw,236,2.892167673,23.09050066,-0.000983462,-0.109932319,98.67088258,1.5,150,800,1,30,5.5,5,0,0.4884,0,0.1132
3,1,raw,236.2,2.891960436,23.06855032,-0.001083249,-0.10958983,98.57708389,1.5,150,800,1,30,5.5,5,0,0.4884,0,0.1132
3,1,raw,236.4,2.891734373,23.04666472,-0.001171021,-0.109287322,98.48356182,1.5,150,800,1,30,5.5,5,0,0.4884,0,0.1132
3,1,raw,236.6,2.891492028,23.02483539,-0.001245372,-0.109029475,98.39028021,1.5,150,800,1,30,5.5,5,0,0.4884,0,0.1132
3,1,raw,236.8,2.891236225,23.00305293,-0.001304895,-0.108820969,98.29719888,1.5,150,800,1,30,5.5,5,0,0.4884,0,0.1132
3,1,raw,237,2.89097007,22.98130701,-0.001348185,-0.108666484,98.20427366,1.5,150,800,1,30,5.5,5,0,0.4884,0,0.1132
3,1,raw,237.2,2.89069695,22.95958634,-0.001373836,-0.108570701,98.11145638,1.5,150,800,1,30,5.5,5,0,0.4884,0,0.1132
3,1,raw,237.4,2.890420535,22.93787873,-0.001380442,-0.1085383,98.01869488,1.5,150,800,1,30,5.5,5,0,0.4884,0,0.1132
3,1,raw,237.6,2.890144774,22.91617102,-0.001366597,-0.108573961,97.92593299,1.5,150,800,1,30,5.5,5,0,0.4884,0,0.1132
3,1,raw,237.8,2.889873897,22.89444914,-0.001330895,-0.108682365,97.83311054,1.5,150,800,1,30,5.5,5,0,0.4884,0,0.1132
3,1,raw,238,2.889612416,22.87269807,-0.001271931,-0.108868191,97.74016335,1.5,150,800,1,30,5.5,5,0,0.4884,0,0.1132
3,1,raw,238.2,2.889365124,22.85090187,-0.001188298,-0.10913612,97.64702327,1.5,150,800,1,30,5.5,5,0,0.4884,0,0.1132
3,1,raw,238.4,2.889137096,22.82904363,-0.001078591,-0.109490831,97.55361812,1.5,150,800,1,30,5.5,5,0,0.4884,0,0.1132
3,1,raw,238.6,2.888933688,22.80710553,-0.000941404,-0.109937007,97.45987173,1.5,150,800,1,30,5.5,5,0,0.4884,0,0.1132
3,1,raw,238.8,2.888760535,22.78506882,-0.000775331,-0.110479325,97.36570393,1.5,150,800,1,30,5.5,5,0,0.4884,0,0.1132
3,1,raw,239,2.888623555,22.7629138,-0.000578966,-0.111122467,97.27103057,1.5,150,800,1,30,5.5,5,0,0.4884,0,0.1132
3,1,raw,239.2,2.888528948,22.74061984,-0.000350903,-0.111871114,97.17576345,1.5,150,800,1,30,5.5,5,0,0.4884,0,0.1132
3,1,raw,239.4,2.888483194,22.71816536,-8.97366E-05,-0.112729944,97.07981043,1.5,150,800,1,30,5.5,5,0,0.4884,0,0.1132
3,1,raw,239.6,2.888493054,22.69552786,0.000205939,-0.113703639,96.98307533,1.5,150,800,1,30,5.5,5,0,0.4884,0,0.1132
3,1,raw,239.8,2.88856557,22.6726839,0.000536698,-0.114794108,96.88545798,1.5,150,800,1,30,5.5,5,0,0.4884,0,0.1132
3,1,raw,240,2.888707733,22.64961022,0.000772462,-0.11556842,96.78685896,1.5,150,800,1,30,5.5,5,0,0.4884,0,0.1132
3,1,raw,240.2,2.888874555,22.62645653,0.000807557,-0.115674858,96.68791808,1.5,150,800,1,30,5.5,5,0,0.4884,0,0.1132
3,1,raw,240.4,2.889030756,22.60334027,0.000755837,-0.115492339,96.58913712,1.5,150,800,1,30,5.5,5,0,0.4884,0,0.1132
3,1,raw,240.6,2.889176889,22.5802596,0.000706853,-0.115318912,96.49050823,1.5,150,800,1,30,5.5,5,0,0.4884,0,0.1132
3,1,raw,240.8,2.889313497,22.55721271,0.000660555,-0.115154407,96.3920237,1.5,150,800,1,30,5.5,5,0,0.4884,0,0.1132
3,1,raw,241,2.889441111,22.53419784,0.00061689,-0.114998652,96.293676,1.5,150,800,1,30,5.5,5,0,0.4884,0,0.1132
3,1,raw,241.2,2.889560253,22.51121325,0.000575808,-0.114851476,96.1954577,1.5,150,800,1,30,5.5,5,0,0.4884,0,0.1132
3,1,raw,241.4,2.889671434,22.48825724,0.000537256,-0.114712708,96.09736156,1.5,150,800,1,30,5.5,5,0,0.4884,0,0.1132
3,1,raw,241.6,2.889775156,22.46532816,0.000501182,-0.114582176,95.99938046,1.5,150,800,1,30,5.5,5,0,0.4884,0,0.1132
3,1,raw,241.8,2.889871907,22.44242437,0.000467536,-0.114459708,95.90150744,1.5,150,800,1,30,5.5,5,0,0.4884,0,0.1132
3,1,raw,242,2.88996217,22.41954428,0.000436265,-0.114345134,95.80373567,1.5,150,800,1,30,5.5,5,0,0.4884,0,0.1132
3,1,raw,242.2,2.890046413,22.39668632,0.000407318,-0.114238282,95.70605849,1.5,150,800,1,30,5.5,5,0,0.4884,0,0.1132
3,1,raw,242.4,2.890125097,22.37384897,0.000380643,-0.11413898,95.60846936,1.5,150,800,1,30,5.5,5,0,0.4884,0,0.1132
3,1,raw,242.6,2.890198671,22.35103073,0.000356189,-0.114047058,95.51096191,1.5,150,800,1,30,5.5,5,0,0.4884,0,0.1132
3,1,raw,242.8,2.890267573,22.32823014,0.000333904,-0.113962343,95.41352991,1.5,150,800,1,30,5.5,5,0,0.4884,0,0.1132
3,1,raw,243,2.890332232,22.30544579,0.000323298,-0.113921766,95.31616726,1.5,150,800,1,30,5.5,5,0,0.4884,0,0.1132
4,1,pure,0,0.139149843,160.921659,0.022540725,-0.039319097,100.8662531,2,200,800,1.6,30,3,0.2,0,0.4884,0,0
4,1,pure,0.2,0.143657988,160.9137952,0.022902193,-0.039951883,100.861324,2,200,800,1.6,30,3,0.2,0,0.4884,0,0
4,1,pure,0.4,0.14831072,160.9056782,0.023636477,-0.041237469,100.8562363,2,200,800,1.6,30,3,0.2,0,0.4884,0,0
4,1,pure,0.6,0.153112579,160.8973002,0.024393804,-0.042563709,100.8509849,2,200,800,1.6,30,3,0.2,0,0.4884,0,0
4,1,pure,0.8,0.158068242,160.8886528,0.02517494,-0.043931999,100.8455647,2,200,800,1.6,30,3,0.2,0,0.4884,0,0
4,1,pure,1,0.163182555,160.8797274,0.025981138,-0.045344783,100.8399702,2,200,800,1.6,30,3,0.2,0,0.4884,0,0
4,1,pure,1.2,0.168460697,160.8705148,0.026812825,-0.046802763,100.8341957,2,200,800,1.6,30,3,0.2,0,0.4884,0,0
4,1,pure,1.4,0.173907685,160.8610063,0.027669857,-0.048305389,100.8282357,2,200,800,1.6,30,3,0.2,0,0.4884,0,0
4,1,pure,1.6,0.17952864,160.8511927,0.028552985,-0.049853982,100.8220846,2,200,800,1.6,30,3,0.2,0,0.4884,0,0
4,1,pure,1.8,0.185328879,160.8410647,0.029463178,-0.051450329,100.8157363,2,200,800,1.6,30,3,0.2,0,0.4884,0,0
4,1,pure,2,0.191313911,160.8306126,0.030401409,-0.05309622,100.8091849,2,200,800,1.6,30,3,0.2,0,0.4884,0,0
4,1,pure,2.2,0.197489442,160.8198262,0.031368648,-0.054793441,100.8024239,2,200,800,1.6,30,3,0.2,0,0.4884,0,0
4,1,pure,2.4,0.20386137,160.8086952,0.032365866,-0.056543781,100.795447,2,200,800,1.6,30,3,0.2,0,0.4884,0,0
4,1,pure,2.6,0.210435789,160.7972087,0.033394034,-0.058349029,100.7882472,2,200,800,1.6,30,3,0.2,0,0.4884,0,0
4,1,pure,2.8,0.217218984,160.7853556,0.034454124,-0.060210972,100.7808176,2,200,800,1.6,30,3,0.2,0,0.4884,0,0
4,1,pure,3,0.224217438,160.7731243,0.035547106,-0.062131399,100.773151,2,200,800,1.6,30,3,0.2,0,0.4884,0,0
4,1,pure,3.2,0.231437827,160.760503,0.036673952,-0.064112098,100.7652399,2,200,800,1.6,30,3,0.2,0,0.4884,0,0
4,1,pure,3.4,0.238887019,160.7474795,0.037835632,-0.066154858,100.7570767,2,200,800,1.6,30,3,0.2,0,0.4884,0,0
4,1,pure,3.6,0.246572079,160.7340411,0.039033118,-0.068261466,100.7486535,2,200,800,1.6,30,3,0.2,0,0.4884,0,0
4,1,pure,3.8,0.254500266,160.7201749,0.04026738,-0.07043371,100.7399621,2,200,800,1.6,30,3,0.2,0,0.4884,0,0
4,1,pure,4,0.262679031,160.7058676,0.04153939,-0.07267338,100.7309943,2,200,800,1.6,30,3,0.2,0,0.4884,0,0
4,1,pure,4.2,0.271116022,160.6911055,0.042850119,-0.074982262,100.7217414,2,200,800,1.6,30,3,0.2,0,0.4884,0,0
4,1,pure,4.4,0.279819079,160.6758747,0.044200538,-0.077362146,100.7121946,2,200,800,1.6,30,3,0.2,0,0.4884,0,0
4,1,pure,4.6,0.288796237,160.6601607,0.045591617,-0.07981482,100.702345,2,200,800,1.6,30,3,0.2,0,0.4884,0,0
4,1,pure,4.8,0.298055726,160.6439488,0.047024328,-0.082342071,100.6921833,2,200,800,1.6,30,3,0.2,0,0.4884,0,0
4,1,pure,5,0.307605968,160.6272238,0.048499643,-0.084945689,100.6817001,2,200,800,1.6,30,3,0.2,0,0.4884,0,0
4,1,pure,5.2,0.317455583,160.6099705,0.050018531,-0.08762746,100.6708856,2,200,800,1.6,30,3,0.2,0,0.4884,0,0
4,1,pure,5.4,0.327613381,160.5921729,0.051581964,-0.090389174,100.65973,2,200,800,1.6,30,3,0.2,0,0.4884,0,0
4,1,pure,5.6,0.338088369,160.5738148,0.053190733,-0.093232596,100.6482231,2,200,800,1.6,30,3,0.2,0,0.4884,0,0
4,1,pure,5.8,0.348889674,160.5548798,0.05484307,-0.096159424,100.6363546,2,200,800,1.6,30,3,0.2,0,0.4884,0,0
4,1,pure,6,0.360025597,160.535351,0.056540525,-0.099172554,100.6241139,2,200,800,1.6,30,3,0.2,0,0.4884,0,0
4,1,pure,6.2,0.371505884,160.5152108,0.058288677,-0.102275742,100.6114899,2,200,800,1.6,30,3,0.2,0,0.4884,0,0
4,1,pure,6.4,0.383341067,160.4944407,0.060090161,-0.105472143,100.5984712,2,200,800,1.6,30,3,0.2,0,0.4884,0,0
4,1,pure,6.6,0.395541948,160.4730219,0.061946321,-0.108764705,100.5850458,2,200,800,1.6,30,3,0.2,0,0.4884,0,0
4,1,pure,6.8,0.408119596,160.4509349,0.063858498,-0.112156375,100.5712016,2,200,800,1.6,30,3,0.2,0,0.4884,0,0
4,1,pure,7,0.421085348,160.4281594,0.065828038,-0.115650103,100.5569258,2,200,800,1.6,30,3,0.2,0,0.4884,0,0
4,1,pure,7.2,0.434450811,160.4046748,0.067856283,-0.119248836,100.5422056,2,200,800,1.6,30,3,0.2,0,0.4884,0,0
4,1,pure,7.4,0.448227861,160.3804599,0.069944575,-0.122955521,100.5270276,2,200,800,1.6,30,3,0.2,0,0.4884,0,0
4,1,pure,7.6,0.462428641,160.3554926,0.07209426,-0.126773106,100.511378,2,200,800,1.6,30,3,0.2,0,0.4884,0,0
4,1,pure,7.8,0.477065565,160.3297506,0.074306679,-0.130704541,100.4952429,2,200,800,1.6,30,3,0.2,0,0.4884,0,0
4,1,pure,8,0.492151312,160.3032108,0.076583175,-0.134752771,100.4786076,2,200,800,1.6,30,3,0.2,0,0.4884,0,0
4,1,pure,8.2,0.507698835,160.2758495,0.078925093,-0.138920747,100.4614574,2,200,800,1.6,30,3,0.2,0,0.4884,0,0
4,1,pure,8.4,0.52372135,160.2476425,0.081333775,-0.143211414,100.4437772,2,200,800,1.6,30,3,0.2,0,0.4884,0,0
4,1,pure,8.6,0.540232345,160.2185649,0.083810565,-0.147627722,100.4255513,2,200,800,1.6,30,3,0.2,0,0.4884,0,0
4,1,pure,8.8,0.557245576,160.1885914,0.086356806,-0.152172618,100.4067638,2,200,800,1.6,30,3,0.2,0,0.4884,0,0
4,1,pure,9,0.574775067,160.1576959,0.088973841,-0.15684905,100.3873984,2,200,800,1.6,30,3,0.2,0,0.4884,0,0
4,1,pure,9.2,0.592835112,160.1258518,0.091663012,-0.161659966,100.3674384,2,200,800,1.6,30,3,0.2,0,0.4884,0,0
4,1,pure,9.4,0.611440272,160.0930319,0.094425665,-0.166608315,100.3468667,2,200,800,1.6,30,3,0.2,0,0.4884,0,0
4,1,pure,9.6,0.630605378,160.0592085,0.097263141,-0.171697043,100.3256661,2,200,800,1.6,30,3,0.2,0,0.4884,0,0
4,1,pure,9.8,0.650345529,160.0243531,0.100176785,-0.176929099,100.3038186,2,200,800,1.6,30,3,0.2,0,0.4884,0,0
4,1,pure,10,0.670676092,159.9884368,0.103167938,-0.182307431,100.2813062,2,200,800,1.6,30,3,0.2,0,0.4884,0,0
4,1,pure,10.2,0.691612704,159.9514301,0.106237945,-0.187834987,100.2581103,2,200,800,1.6,30,3,0.2,0,0.4884,0,0
4,1,pure,10.4,0.71317127,159.9133028,0.109388149,-0.193514714,100.2342119,2,200,800,1.6,30,3,0.2,0,0.4884,0,0
4,1,pure,10.6,0.735367963,159.8740242,0.112619892,-0.199349561,100.209592,2,200,800,1.6,30,3,0.2,0,0.4884,0,0
4,1,pure,10.8,0.758219227,159.833563,0.115934519,-0.205342475,100.1842307,2,200,800,1.6,30,3,0.2,0,0.4884,0,0
4,1,pure,11,0.781741771,159.7918872,0.119333372,-0.211496405,100.1581082,2,200,800,1.6,30,3,0.2,0,0.4884,0,0
4,1,pure,11.2,0.805952576,159.7489644,0.122817795,-0.217814298,100.1312041,2,200,800,1.6,30,3,0.2,0,0.4884,0,0
4,1,pure,11.4,0.830868889,159.7047615,0.126389131,-0.224299103,100.1034975,2,200,800,1.6,30,3,0.2,0,0.4884,0,0
4,1,pure,11.6,0.856508228,159.6592448,0.130048722,-0.230953767,100.0749675,2,200,800,1.6,30,3,0.2,0,0.4884,0,0
4,1,pure,11.8,0.882888378,159.61238,0.133797914,-0.237781238,100.0455925,2,200,800,1.6,30,3,0.2,0,0.4884,0,0
4,1,pure,12,0.910027393,159.5641323,0.137638047,-0.244784464,100.0153506,2,200,800,1.6,30,3,0.2,0,0.4884,0,0
4,1,pure,12.2,0.937943597,159.5144662,0.141570467,-0.251966393,99.98421977,2,200,800,1.6,30,3,0.2,0,0.4884,0,0
4,1,pure,12.4,0.96665558,159.4633457,0.145596515,-0.259329974,99.95217728,2,200,800,1.6,30,3,0.2,0,0.4884,0,0
4,1,pure,12.6,0.996182203,159.4107342,0.149717536,-0.266878153,99.9192002,2,200,800,1.6,30,3,0.2,0,0.4884,0,0
4,1,pure,12.8,1.026542594,159.3565945,0.153934872,-0.274613879,99.88526522,2,200,800,1.6,30,3,0.2,0,0.4884,0,0
4,1,pure,13,1.057756152,159.3008887,0.158215445,-0.282496524,99.85034863,2,200,800,1.6,30,3,0.2,0,0.4884,0,0
4,1,pure,13.2,1.089828772,159.2435959,0.162490417,-0.290441755,99.8144373,2,200,800,1.6,30,3,0.2,0,0.4884,0,0
4,1,pure,13.4,1.122752318,159.184712,0.166817142,-0.298526696,99.77752867,2,200,800,1.6,30,3,0.2,0,0.4884,0,0
4,1,pure,13.6,1.156555629,159.1241852,0.171290423,-0.306874726,99.73959027,2,200,800,1.6,30,3,0.2,0,0.4884,0,0
4,1,pure,13.8,1.191268488,159.0619621,0.175910869,-0.315488658,99.70058862,2,200,800,1.6,30,3,0.2,0,0.4884,0,0
4,1,pure,14,1.226919977,158.9979897,0.18067498,-0.324366073,99.66049052,2,200,800,1.6,30,3,0.2,0,0.4884,0,0
4,1,pure,14.2,1.26353848,158.9322157,0.185579255,-0.333504552,99.61926311,2,200,800,1.6,30,3,0.2,0,0.4884,0,0
4,1,pure,14.4,1.301151679,158.8645879,0.190620194,-0.342901675,99.5768738,2,200,800,1.6,30,3,0.2,0,0.4884,0,0
4,1,pure,14.6,1.339786557,158.795055,0.195794295,-0.352555022,99.53329032,2,200,800,1.6,30,3,0.2,0,0.4884,0,0
4,1,pure,14.8,1.379469397,158.7235659,0.201098058,-0.362462174,99.48848071,2,200,800,1.6,30,3,0.2,0,0.4884,0,0
4,1,pure,15,1.420225781,158.6500701,0.206527983,-0.372620713,99.44241331,2,200,800,1.6,30,3,0.2,0,0.4884,0,0
4,1,pure,15.2,1.46208059,158.5745176,0.212080568,-0.383028217,99.39505673,2,200,800,1.6,30,3,0.2,0,0.4884,0,0
4,1,pure,15.4,1.505058008,158.4968588,0.217752313,-0.393682268,99.34637994,2,200,800,1.6,30,3,0.2,0,0.4884,0,0
4,1,pure,15.6,1.549181515,158.4170447,0.223539717,-0.404580446,99.29635217,2,200,800,1.6,30,3,0.2,0,0.4884,0,0
4,1,pure,15.8,1.594473895,158.3350267,0.22943928,-0.415720332,99.24494297,2,200,800,1.6,30,3,0.2,0,0.4884,0,0
4,1,pure,16,1.640957227,158.2507566,0.235447501,-0.427099506,99.19212219,2,200,800,1.6,30,3,0.2,0,0.4884,0,0
4,1,pure,16.2,1.688652895,158.1641869,0.241560879,-0.438715548,99.13785999,2,200,800,1.6,30,3,0.2,0,0.4884,0,0
4,1,pure,16.4,1.737581579,158.0752704,0.247775913,-0.450566041,99.08212682,2,200,800,1.6,30,3,0.2,0,0.4884,0,0
4,1,pure,16.6,1.78776326,157.9839604,0.254089104,-0.462648563,99.02489345,2,200,800,1.6,30,3,0.2,0,0.4884,0,0
4,1,pure,16.8,1.83921722,157.8902109,0.26049695,-0.474960695,98.96613093,2,200,800,1.6,30,3,0.2,0,0.4884,0,0
4,1,pure,17,1.89196204,157.7939762,0.26699595,-0.487500018,98.90581065,2,200,800,1.6,30,3,0.2,0,0.4884,0,0
4,1,pure,17.2,1.9460156,157.6952109,0.273582604,-0.500264113,98.84390425,2,200,800,1.6,30,3,0.2,0,0.4884,0,0
4,1,pure,17.4,2.001395082,157.5938705,0.280253411,-0.513250559,98.78038373,2,200,800,1.6,30,3,0.2,0,0.4884,0,0
4,1,pure,17.6,2.058116965,157.4899107,0.28700487,-0.526456939,98.71522136,2,200,800,1.6,30,3,0.2,0,0.4884,0,0
4,1,pure,17.8,2.11619703,157.3832877,0.293833482,-0.539880831,98.64838972,2,200,800,1.6,30,3,0.2,0,0.4884,0,0
4,1,pure,18,2.175650357,157.2739584,0.300735744,-0.553519816,98.57986169,2,200,800,1.6,30,3,0.2,0,0.4884,0,0
4,1,pure,18.2,2.236491327,157.1618798,0.307708157,-0.567371476,98.50961047,2,200,800,1.6,30,3,0.2,0,0.4884,0,0
4,1,pure,18.4,2.29873362,157.0470098,0.31474722,-0.58143339,98.43760953,2,200,800,1.6,30,3,0.2,0,0.4884,0,0
4,1,pure,18.6,2.362390215,156.9293065,0.321849431,-0.59570314,98.36383268,2,200,800,1.6,30,3,0.2,0,0.4884,0,0
4,1,pure,18.8,2.427473393,156.8087285,0.329011291,-0.610178305,98.28825402,2,200,800,1.6,30,3,0.2,0,0.4884,0,0
4,1,pure,19,2.493994732,156.6852351,0.336229299,-0.624856466,98.21084793,2,200,800,1.6,30,3,0.2,0,0.4884,0,0
4,1,pure,19.2,2.561965112,156.5587859,0.343499954,-0.639735204,98.13158914,2,200,800,1.6,30,3,0.2,0,0.4884,0,0
4,1,pure,19.4,2.631394713,156.4293411,0.350819755,-0.654812099,98.05045264,2,200,800,1.6,30,3,0.2,0,0.4884,0,0
4,1,pure,19.6,2.702293014,156.2968611,0.358185202,-0.670084732,97.96741374,2,200,800,1.6,30,3,0.2,0,0.4884,0,0
4,1,pure,19.8,2.774668794,156.1613072,0.365592793,-0.685550683,97.88244806,2,200,800,1.6,30,3,0.2,0,0.4884,0,0
4,1,pure,20,2.848530132,156.0226408,0.373039029,-0.701207533,97.79553152,2,200,800,1.6,30,3,0.2,0,0.4884,0,0
4,1,pure,20.2,2.923884406,155.8808242,0.380520409,-0.717052862,97.70664034,2,200,800,1.6,30,3,0.2,0,0.4884,0,0
4,1,pure,20.4,3.000738295,155.7358197,0.388033432,-0.733084251,97.61575104,2,200,800,1.6,30,3,0.2,0,0.4884,0,0
4,1,pure,20.6,3.079097778,155.5875905,0.395574596,-0.749299281,97.52284044,2,200,800,1.6,30,3,0.2,0,0.4884,0,0
4,1,pure,20.8,3.158968134,155.4361,0.403140403,-0.765695531,97.42788568,2,200,800,1.6,30,3,0.2,0,0.4884,0,0
4,1,pure,21,3.24035394,155.2813122,0.41072735,-0.782270583,97.3308642,2,200,800,1.6,30,3,0.2,0,0.4884,0,0
4,1,pure,21.2,3.323259074,155.1231917,0.418331937,-0.799022017,97.23175372,2,200,800,1.6,30,3,0.2,0,0.4884,0,0
4,1,pure,21.4,3.407686714,154.9617034,0.425950664,-0.815947413,97.13053229,2,200,800,1.6,30,3,0.2,0,0.4884,0,0
4,1,pure,21.6,3.49363934,154.7968128,0.43358003,-0.833044353,97.02717825,2,200,800,1.6,30,3,0.2,0,0.4884,0,0
4,1,pure,21.8,3.581118727,154.6284857,0.441219526,-0.850309515,96.92167026,2,200,800,1.6,30,3,0.2,0,0.4884,0,0
4,1,pure,22,3.67012715,154.456689,0.44893503,-0.867709124,96.81398747,2,200,800,1.6,30,3,0.2,0,0.4884,0,0
4,1,pure,22.2,3.760692739,154.281402,0.456716837,-0.885202965,96.70411702,2,200,800,1.6,30,3,0.2,0,0.4884,0,0
4,1,pure,22.4,3.852813885,154.1026078,0.464447983,-0.902784906,96.59204816,2,200,800,1.6,30,3,0.2,0,0.4884,0,0
4,1,pure,22.6,3.946471932,153.9202881,0.472083235,-0.920451702,96.47776954,2,200,800,1.6,30,3,0.2,0,0.4884,0,0
4,1,pure,22.8,4.041647178,153.7344271,0.479617367,-0.938192037,96.36127123,2,200,800,1.6,30,3,0.2,0,0.4884,0,0
4,1,pure,23,4.138318878,153.5450113,0.487045151,-0.955994592,96.24254473,2,200,800,1.6,30,3,0.2,0,0.4884,0,0
4,1,pure,23.2,4.236465239,153.3520293,0.494361359,-0.973848049,96.12158295,2,200,800,1.6,30,3,0.2,0,0.4884,0,0
4,1,pure,23.4,4.336063422,153.155472,0.501560766,-0.991741091,95.9983802,2,200,800,1.6,30,3,0.2,0,0.4884,0,0
4,1,pure,23.6,4.437089545,152.9553328,0.508638143,-1.009662401,95.87293225,2,200,800,1.6,30,3,0.2,0,0.4884,0,0
4,1,pure,23.8,4.539518679,152.7516071,0.515588263,-1.02760066,95.74523625,2,200,800,1.6,30,3,0.2,0,0.4884,0,0
4,1,pure,24,4.64332485,152.5442926,0.5224059,-1.045544551,95.61529079,2,200,800,1.6,30,3,0.2,0,0.4884,0,0
4,1,pure,24.2,4.748481039,152.3333893,0.529085824,-1.063482756,95.48309587,2,200,800,1.6,30,3,0.2,0,0.4884,0,0
4,1,pure,24.4,4.85495918,152.1188995,0.535622811,-1.081403957,95.34865292,2,200,800,1.6,30,3,0.2,0,0.4884,0,0
4,1,pure,24.6,4.962730163,151.9008277,0.542011631,-1.099296838,95.21196477,2,200,800,1.6,30,3,0.2,0,0.4884,0,0
4,1,pure,24.8,5.071763833,151.6791807,0.548247059,-1.117150079,95.07303569,2,200,800,1.6,30,3,0.2,0,0.4884,0,0
4,1,pure,25,5.182028987,151.4539677,0.554323866,-1.134952364,94.93187136,2,200,800,1.6,30,3,0.2,0,0.4884,0,0
4,1,pure,25.2,5.293493379,151.2251998,0.560236826,-1.152692374,94.78847886,2,200,800,1.6,30,3,0.2,0,0.4884,0,0
4,1,pure,25.4,5.406123718,150.9928907,0.565980711,-1.170358793,94.64286673,2,200,800,1.6,30,3,0.2,0,0.4884,0,0
4,1,pure,25.6,5.519885664,150.7570563,0.571550294,-1.187940302,94.49504488,2,200,800,1.6,30,3,0.2,0,0.4884,0,0
4,1,pure,25.8,5.634743835,150.5177146,0.576940348,-1.205425583,94.34502469,2,200,800,1.6,30,3,0.2,0,0.4884,0,0
4,1,pure,26,5.750661803,150.274886,0.582145646,-1.222803319,94.19281891,2,200,800,1.6,30,3,0.2,0,0.4884,0,0
4,1,pure,26.2,5.867602094,150.0285933,0.587160959,-1.240062193,94.03844175,2,200,800,1.6,30,3,0.2,0,0.4884,0,0
4,1,pure,26.4,5.985526187,149.7788612,0.591981062,-1.257190886,93.8819088,2,200,800,1.6,30,3,0.2,0,0.4884,0,0
4,1,pure,26.6,6.104394518,149.5257169,0.596600726,-1.274178081,93.72323711,2,200,800,1.6,30,3,0.2,0,0.4884,0,0
4,1,pure,26.8,6.224166477,149.2691899,0.601014725,-1.291012461,93.56244511,2,200,800,1.6,30,3,0.2,0,0.4884,0,0
4,1,pure,27,6.344800408,149.0093119,0.605217831,-1.307682706,93.39955267,2,200,800,1.6,30,3,0.2,0,0.4884,0,0
4,1,pure,27.2,6.46625361,148.7461168,0.609204817,-1.324177501,93.23458109,2,200,800,1.6,30,3,0.2,0,0.4884,0,0
4,1,pure,27.4,6.588482335,148.4796409,0.612970457,-1.340485526,93.06755306,2,200,800,1.6,30,3,0.2,0,0.4884,0,0
4,1,pure,27.6,6.711441792,148.2099226,0.616509521,-1.356595465,92.8984927,2,200,800,1.6,30,3,0.2,0,0.4884,0,0
4,1,pure,27.8,6.835086144,147.9370027,0.619816784,-1.372496,92.72742556,2,200,800,1.6,30,3,0.2,0,0.4884,0,0
4,1,pure,28,6.959368506,147.6609242,0.622887018,-1.388175813,92.5543786,2,200,800,1.6,30,3,0.2,0,0.4884,0,0
4,1,pure,28.2,7.084240951,147.3817324,0.625714996,-1.403623586,92.3793802,2,200,800,1.6,30,3,0.2,0,0.4884,0,0
4,1,pure,28.4,7.209654504,147.0994748,0.62829549,-1.418828002,92.20246015,2,200,800,1.6,30,3,0.2,0,0.4884,0,0
4,1,pure,28.6,7.335559147,146.8142012,0.630623274,-1.433777743,92.02364968,2,200,800,1.6,30,3,0.2,0,0.4884,0,0
4,1,pure,28.8,7.461903814,146.5259637,0.63269312,-1.44846149,91.84298141,2,200,800,1.6,30,3,0.2,0,0.4884,0,0
4,1,pure,29,7.588636395,146.2348166,0.6344998,-1.462867928,91.66048941,2,200,800,1.6,30,3,0.2,0,0.4884,0,0
4,1,pure,29.2,7.715703734,145.9408165,0.636038088,-1.476985737,91.47620914,2,200,800,1.6,30,3,0.2,0,0.4884,0,0
4,1,pure,29.4,7.84305163,145.6440223,0.637302757,-1.490803601,91.2901775,2,200,800,1.6,30,3,0.2,0,0.4884,0,0
4,1,pure,29.6,7.970624837,145.3444951,0.638288578,-1.504310201,91.1024328,2,200,800,1.6,30,3,0.2,0,0.4884,0,0
4,1,pure,29.8,8.098367061,145.0422982,0.638990326,-1.51749422,90.91301476,2,200,800,1.6,30,3,0.2,0,0.4884,0,0
4,1,pure,30,8.226220967,144.7374974,0.639402772,-1.53034434,90.72196454,2,200,800,1.6,30,3,0.2,0,0.4884,0,0
4,1,pure,30.2,8.35412817,144.4301605,0.639520689,-1.542849244,90.52932471,2,200,800,1.6,30,3,0.2,0,0.4884,0,0
4,1,pure,30.4,8.482029243,144.1203577,0.639338851,-1.554997613,90.33513924,2,200,800,1.6,30,3,0.2,0,0.4884,0,0
4,1,pure,30.6,8.609863711,143.8081614,0.638852029,-1.56677813,90.13945355,2,200,800,1.6,30,3,0.2,0,0.4884,0,0
4,1,pure,30.8,8.737570055,143.4936464,0.638054998,-1.578179478,89.94231446,2,200,800,1.6,30,3,0.2,0,0.4884,0,0
4,1,pure,31,8.86508571,143.1768897,0.636942528,-1.589190338,89.74377021,2,200,800,1.6,30,3,0.2,0,0.4884,0,0
4,1,pure,31.2,8.992347066,142.8579703,0.635509394,-1.599799393,89.54387046,2,200,800,1.6,30,3,0.2,0,0.4884,0,0
4,1,pure,31.4,9.119289467,142.5369699,0.633750367,-1.609995326,89.34266629,2,200,800,1.6,30,3,0.2,0,0.4884,0,0
4,1,pure,31.6,9.245847213,142.2139722,0.631660221,-1.619766818,89.1402102,2,200,800,1.6,30,3,0.2,0,0.4884,0,0
4,1,pure,31.8,9.371953556,141.8890632,0.629233729,-1.629102552,88.93655611,2,200,800,1.6,30,3,0.2,0,0.4884,0,0
4,1,pure,32,9.497540704,141.5623312,0.626465663,-1.63799121,88.73175935,2,200,800,1.6,30,3,0.2,0,0.4884,0,0
4,1,pure,32.2,9.622539821,141.2338667,0.623350795,-1.646421475,88.52587668,2,200,800,1.6,30,3,0.2,0,0.4884,0,0
4,1,pure,32.4,9.746881022,140.9037626,0.6198839,-1.654382029,88.31896628,2,200,800,1.6,30,3,0.2,0,0.4884,0,0
4,1,pure,32.6,9.870493381,140.5721139,0.616059748,-1.661861553,88.11108773,2,200,800,1.6,30,3,0.2,0,0.4884,0,0
4,1,pure,32.8,9.993304922,140.2390179,0.611873114,-1.668848732,87.90230205,2,200,800,1.6,30,3,0.2,0,0.4884,0,0
4,1,pure,33,10.11524263,139.9045744,0.607318774,-1.675332251,87.69267166,2,200,800,1.6,30,3,0.2,0,0.4884,0,0
4,1,pure,33.2,10.23623243,139.568885,0.602567704,-1.681557692,87.48226043,2,200,800,1.6,30,3,0.2,0,0.4884,0,0
4,1,pure,33.4,10.35626971,139.2319513,0.597870896,-1.687844457,87.27106919,2,200,800,1.6,30,3,0.2,0,0.4884,0,0
4,1,pure,33.6,10.47538079,138.8937473,0.593175087,-1.694048254,87.05908173,2,200,800,1.6,30,3,0.2,0,0.4884,0,0
4,1,pure,33.8,10.59353974,138.554332,0.588351775,-1.699959246,86.84633507,2,200,800,1.6,30,3,0.2,0,0.4884,0,0
4,1,pure,34,10.7107215,138.2137636,0.58340529,-1.705582689,86.63286559,2,200,800,1.6,30,3,0.2,0,0.4884,0,0
4,1,pure,34.2,10.82690186,137.8720989,0.578339961,-1.710923838,86.41870901,2,200,800,1.6,30,3,0.2,0,0.4884,0,0
4,1,pure,34.4,10.94205748,137.529394,0.573160118,-1.715987947,86.20390039,2,200,800,1.6,30,3,0.2,0,0.4884,0,0
4,1,pure,34.6,11.05616591,137.1857038,0.567870089,-1.720780271,85.98847414,2,200,800,1.6,30,3,0.2,0,0.4884,0,0
4,1,pure,34.8,11.16920552,136.8410819,0.562474204,-1.725306066,85.77246398,2,200,800,1.6,30,3,0.2,0,0.4884,0,0
4,1,pure,35,11.28115559,136.4955813,0.556976793,-1.729570585,85.55590301,2,200,800,1.6,30,3,0.2,0,0.4884,0,0
4,1,pure,35.2,11.39199624,136.1492537,0.551382184,-1.733579083,85.33882365,2,200,800,1.6,30,3,0.2,0,0.4884,0,0
4,1,pure,35.4,11.50170846,135.8021497,0.545694707,-1.737336816,85.12125766,2,200,800,1.6,30,3,0.2,0,0.4884,0,0
4,1,pure,35.6,11.61027412,135.454319,0.539918692,-1.740849038,84.90323616,2,200,800,1.6,30,3,0.2,0,0.4884,0,0
4,1,pure,35.8,11.71767594,135.1058101,0.534058467,-1.744121004,84.68478958,2,200,800,1.6,30,3,0.2,0,0.4884,0,0
4,1,pure,36,11.82389751,134.7566706,0.528118362,-1.747157969,84.46594772,2,200,800,1.6,30,3,0.2,0,0.4884,0,0
4,1,pure,36.2,11.92892328,134.4069469,0.522102707,-1.749965188,84.24673971,2,200,800,1.6,30,3,0.2,0,0.4884,0,0
4,1,pure,36.4,12.03273859,134.0566845,0.516015831,-1.752547915,84.02719403,2,200,800,1.6,30,3,0.2,0,0.4884,0,0
4,1,pure,36.6,12.13532962,133.7059277,0.509862062,-1.754911405,83.80733847,2,200,800,1.6,30,3,0.2,0,0.4884,0,0
4,1,pure,36.8,12.23668341,133.3547199,0.503645731,-1.757060914,83.58720021,2,200,800,1.6,30,3,0.2,0,0.4884,0,0
4,1,pure,37,12.33678791,133.0031034,0.497371166,-1.759001695,83.36680573,2,200,800,1.6,30,3,0.2,0,0.4884,0,0
4,1,pure,37.2,12.43563188,132.6511192,0.491042698,-1.760739004,83.14618087,2,200,800,1.6,30,3,0.2,0,0.4884,0,0
4,1,pure,37.4,12.53320499,132.2988078,0.484664655,-1.762278095,82.92535081,2,200,800,1.6,30,3,0.2,0,0.4884,0,0
4,1,pure,37.6,12.62949774,131.946208,0.478241366,-1.763624224,82.70434006,2,200,800,1.6,30,3,0.2,0,0.4884,0,0
4,1,pure,37.8,12.72450153,131.5933581,0.471777162,-1.764782645,82.4831725,2,200,800,1.6,30,3,0.2,0,0.4884,0,0
4,1,pure,38,12.81820861,131.2402949,0.465276371,-1.765758613,82.26187131,2,200,800,1.6,30,3,0.2,0,0.4884,0,0
4,1,pure,38.2,12.91061208,130.8870546,0.458743323,-1.766557383,82.04045905,2,200,800,1.6,30,3,0.2,0,0.4884,0,0
4,1,pure,38.4,13.00170594,130.533672,0.452182347,-1.767184209,81.8189576,2,200,800,1.6,30,3,0.2,0,0.4884,0,0
4,1,pure,38.6,13.09148502,130.1801809,0.445597772,-1.767644347,81.59738818,2,200,800,1.6,30,3,0.2,0,0.4884,0,0
4,1,pure,38.8,13.17994505,129.8266143,0.438993928,-1.767943051,81.37577136,2,200,800,1.6,30,3,0.2,0,0.4884,0,0
4,1,pure,39,13.26708259,129.4730037,0.432375144,-1.768085575,81.15412705,2,200,800,1.6,30,3,0.2,0,0.4884,0,0
4,1,pure,39.2,13.3528951,129.11938,0.425745749,-1.768077176,80.9324745,2,200,800,1.6,30,3,0.2,0,0.4884,0,0
4,1,pure,39.4,13.43738089,128.7657728,0.419110073,-1.767923107,80.71083229,2,200,800,1.6,30,3,0.2,0,0.4884,0,0
4,1,pure,39.6,13.52053913,128.4122108,0.412472445,-1.767628624,80.48921837,2,200,800,1.6,30,3,0.2,0,0.4884,0,0
4,1,pure,39.8,13.60236987,128.0587214,0.405837195,-1.767198981,80.26764999,2,200,800,1.6,30,3,0.2,0,0.4884,0,0
4,1,pure,40,13.68287401,127.7053312,0.399208651,-1.766639433,80.04614379,2,200,800,1.6,30,3,0.2,0,0.4884,0,0
4,1,pure,40.2,13.76205333,127.3520656,0.392591144,-1.765955235,79.82471571,2,200,800,1.6,30,3,0.2,0,0.4884,0,0
4,1,pure,40.4,13.83991047,126.9989491,0.385989001,-1.765151642,79.60338105,2,200,800,1.6,30,3,0.2,0,0.4884,0,0
4,1,pure,40.6,13.91644893,126.646005,0.379406554,-1.764233908,79.38215444,2,200,800,1.6,30,3,0.2,0,0.4884,0,0
4,1,pure,40.8,13.99167309,126.2932555,0.37284813,-1.763207289,79.16104988,2,200,800,1.6,30,3,0.2,0,0.4884,0,0
4,1,pure,41,14.06558818,125.9407221,0.36631806,-1.762077039,78.94008067,2,200,800,1.6,30,3,0.2,0,0.4884,0,0
4,1,pure,41.2,14.13820031,125.5884247,0.359820673,-1.760848412,78.71925948,2,200,800,1.6,30,3,0.2,0,0.4884,0,0
4,1,pure,41.4,14.20951645,125.2363827,0.353360298,-1.759526665,78.49859832,2,200,800,1.6,30,3,0.2,0,0.4884,0,0
4,1,pure,41.6,14.27954443,124.8846141,0.346941264,-1.758117051,78.27810852,2,200,800,1.6,30,3,0.2,0,0.4884,0,0
4,1,pure,41.8,14.34829296,124.5331359,0.340567901,-1.756624825,78.05780078,2,200,800,1.6,30,3,0.2,0,0.4884,0,0
4,1,pure,42,14.41577159,124.1819641,0.334244537,-1.755055243,77.83768511,2,200,800,1.6,30,3,0.2,0,0.4884,0,0
4,1,pure,42.2,14.48199077,123.8311138,0.327975504,-1.753413559,77.61777089,2,200,800,1.6,30,3,0.2,0,0.4884,0,0
4,1,pure,42.4,14.54696179,123.4805987,0.321765129,-1.751705027,77.39806683,2,200,800,1.6,30,3,0.2,0,0.4884,0,0
4,1,pure,42.6,14.61069682,123.1304318,0.315617742,-1.749934903,77.17858098,2,200,800,1.6,30,3,0.2,0,0.4884,0,0
4,1,pure,42.8,14.67320889,122.7806247,0.309537673,-1.748108442,76.95932073,2,200,800,1.6,30,3,0.2,0,0.4884,0,0
4,1,pure,43,14.73451189,122.4311884,0.30352925,-1.746230898,76.74029281,2,200,800,1.6,30,3,0.2,0,0.4884,0,0
4,1,pure,43.2,14.79462059,122.0821324,0.297596804,-1.744307525,76.5215033,2,200,800,1.6,30,3,0.2,0,0.4884,0,0
4,1,pure,43.4,14.85355061,121.7334654,0.291744662,-1.74234358,76.30295762,2,200,800,1.6,30,3,0.2,0,0.4884,0,0
4,1,pure,43.6,14.91131846,121.3851949,0.285977156,-1.740344317,76.08466051,2,200,800,1.6,30,3,0.2,0,0.4884,0,0
4,1,pure,43.8,14.96794148,121.0373276,0.280298614,-1.73831499,75.86661608,2,200,800,1.6,30,3,0.2,0,0.4884,0,0
4,1,pure,44,15.0234379,120.689869,0.274713365,-1.736260854,75.64882777,2,200,800,1.6,30,3,0.2,0,0.4884,0,0
4,1,pure,44.2,15.07782682,120.3428233,0.269225739,-1.734187165,75.43129835,2,200,800,1.6,30,3,0.2,0,0.4884,0,0
4,1,pure,44.4,15.1311282,119.9961941,0.263840065,-1.732099176,75.21402996,2,200,800,1.6,30,3,0.2,0,0.4884,0,0
4,1,pure,44.6,15.18336285,119.6499836,0.258560672,-1.730002143,74.99702405,2,200,800,1.6,30,3,0.2,0,0.4884,0,0
4,1,pure,44.8,15.23455247,119.3041932,0.25339189,-1.727901321,74.78028142,2,200,800,1.6,30,3,0.2,0,0.4884,0,0
4,1,pure,45,15.2847196,118.9588231,0.248338049,-1.725801964,74.56380223,2,200,800,1.6,30,3,0.2,0,0.4884,0,0
4,1,pure,45.2,15.33388768,118.6138724,0.243403476,-1.723709327,74.34758597,2,200,800,1.6,30,3,0.2,0,0.4884,0,0
4,1,pure,45.4,15.38208099,118.2693394,0.238592503,-1.721628666,74.13163144,2,200,800,1.6,30,3,0.2,0,0.4884,0,0
4,1,pure,45.6,15.42932469,117.925221,0.233909457,-1.719565234,73.91593684,2,200,800,1.6,30,3,0.2,0,0.4884,0,0
4,1,pure,45.8,15.47564478,117.5815133,0.229358669,-1.717524287,73.70049967,2,200,800,1.6,30,3,0.2,0,0.4884,0,0
4,1,pure,46,15.52106815,117.2382113,0.224944468,-1.715511079,73.48531677,2,200,800,1.6,30,3,0.2,0,0.4884,0,0
4,1,pure,46.2,15.56562256,116.8953088,0.220616436,-1.713440434,73.27038435,2,200,800,1.6,30,3,0.2,0,0.4884,0,0
4,1,pure,46.4,15.60931473,116.5528351,0.216247593,-1.711128129,73.05572061,2,200,800,1.6,30,3,0.2,0,0.4884,0,0
4,1,pure,46.6,15.6521216,116.2108576,0.211858935,-1.708658342,72.84136794,2,200,800,1.6,30,3,0.2,0,0.4884,0,0
4,1,pure,46.8,15.6940583,115.8693718,0.207548586,-1.706216908,72.62732343,2,200,800,1.6,30,3,0.2,0,0.4884,0,0
4,1,pure,47,15.73514104,115.5283708,0.20331873,-1.703808564,72.41358287,2,200,800,1.6,30,3,0.2,0,0.4884,0,0
4,1,pure,47.2,15.77538579,115.1878483,0.19916828,-1.701432303,72.20014219,2,200,800,1.6,30,3,0.2,0,0.4884,0,0
4,1,pure,47.4,15.81480835,114.8477979,0.19509615,-1.699087117,71.98699741,2,200,800,1.6,30,3,0.2,0,0.4884,0,0
4,1,pure,47.6,15.85342425,114.5082135,0.191101253,-1.696771999,71.77414471,2,200,800,1.6,30,3,0.2,0,0.4884,0,0
4,1,pure,47.8,15.89124885,114.1690891,0.187182503,-1.694485943,71.56158038,2,200,800,1.6,30,3,0.2,0,0.4884,0,0
4,1,pure,48,15.92829726,113.8304191,0.183338814,-1.69222794,71.34930085,2,200,800,1.6,30,3,0.2,0,0.4884,0,0
4,1,pure,48.2,15.96458438,113.4921979,0.179569097,-1.689996984,71.13730265,2,200,800,1.6,30,3,0.2,0,0.4884,0,0
4,1,pure,48.4,16.00012489,113.1544203,0.175872268,-1.687792069,70.92558246,2,200,800,1.6,30,3,0.2,0,0.4884,0,0
4,1,pure,48.6,16.03493328,112.8170811,0.172247239,-1.685612185,70.71413709,2,200,800,1.6,30,3,0.2,0,0.4884,0,0
4,1,pure,48.8,16.06902379,112.4801754,0.168692924,-1.683456327,70.50296344,2,200,800,1.6,30,3,0.2,0,0.4884,0,0
4,1,pure,49,16.10241045,112.1436986,0.165208236,-1.681323488,70.29205858,2,200,800,1.6,30,3,0.2,0,0.4884,0,0
4,1,pure,49.2,16.13510708,111.807646,0.161792089,-1.679212659,70.08141969,2,200,800,1.6,30,3,0.2,0,0.4884,0,0
4,1,pure,49.4,16.16712729,111.4720135,0.158443396,-1.677122835,69.87104406,2,200,800,1.6,30,3,0.2,0,0.4884,0,0
4,1,pure,49.6,16.19848444,111.1367969,0.155161071,-1.675053007,69.66092913,2,200,800,1.6,30,3,0.2,0,0.4884,0,0
4,1,pure,49.8,16.22919172,110.8019923,0.151944026,-1.673002169,69.45107245,2,200,800,1.6,30,3,0.2,0,0.4884,0,0
4,1,pure,50,16.25926205,110.467596,0.148791176,-1.670969314,69.24147171,2,200,800,1.6,30,3,0.2,0,0.4884,0,0
4,1,pure,50.2,16.28870819,110.1336046,0.145701434,-1.668953434,69.03212471,2,200,800,1.6,30,3,0.2,0,0.4884,0,0
4,1,pure,50.4,16.31754263,109.8000147,0.142673713,-1.666953522,68.82302939,2,200,800,1.6,30,3,0.2,0,0.4884,0,0
4,1,pure,50.6,16.34577767,109.4668232,0.139706927,-1.664968572,68.61418381,2,200,800,1.6,30,3,0.2,0,0.4884,0,0
4,1,pure,50.8,16.3734254,109.1340272,0.136799989,-1.662997575,68.40558616,2,200,800,1.6,30,3,0.2,0,0.4884,0,0
4,1,pure,51,16.40049767,108.8016241,0.133951812,-1.661039525,68.19723476,2,200,800,1.6,30,3,0.2,0,0.4884,0,0
4,1,pure,51.2,16.42700612,108.4696114,0.13116131,-1.659093415,67.98912803,2,200,800,1.6,30,3,0.2,0,0.4884,0,0
4,1,pure,51.4,16.45296219,108.1379868,0.128427397,-1.657158237,67.78126456,2,200,800,1.6,30,3,0.2,0,0.4884,0,0
4,1,pure,51.6,16.47837708,107.8067481,0.125748986,-1.655232985,67.57364302,2,200,800,1.6,30,3,0.2,0,0.4884,0,0
4,1,pure,51.8,16.50326179,107.4758936,0.12312499,-1.653316651,67.36626225,2,200,800,1.6,30,3,0.2,0,0.4884,0,0
4,1,pure,52,16.52762708,107.1454215,0.120554323,-1.651408228,67.15912118,2,200,800,1.6,30,3,0.2,0,0.4884,0,0
4,1,pure,52.2,16.55148351,106.8153303,0.118035897,-1.649506709,66.95221889,2,200,800,1.6,30,3,0.2,0,0.4884,0,0
4,1,pure,52.4,16.57484144,106.4856188,0.115568628,-1.647611086,66.74555458,2,200,800,1.6,30,3,0.2,0,0.4884,0,0
4,1,pure,52.6,16.59771097,106.1562859,0.113151427,-1.645720353,66.53912756,2,200,800,1.6,30,3,0.2,0,0.4884,0,0
4,1,pure,52.8,16.62010201,105.8273306,0.110783209,-1.643833503,66.33293729,2,200,800,1.6,30,3,0.2,0,0.4884,0,0
4,1,pure,53,16.64202425,105.4987525,0.108462887,-1.641949528,66.12698335,2,200,800,1.6,30,3,0.2,0,0.4884,0,0
4,1,pure,53.2,16.66348716,105.1705508,0.106189373,-1.640067421,65.92126543,2,200,800,1.6,30,3,0.2,0,0.4884,0,0
4,1,pure,53.4,16.6845,104.8427255,0.103961583,-1.638186176,65.71578337,2,200,800,1.6,30,3,0.2,0,0.4884,0,0
4,1,pure,53.6,16.7050718,104.5152764,0.101778429,-1.636304784,65.51053712,2,200,800,1.6,30,3,0.2,0,0.4884,0,0
4,1,pure,53.8,16.72521137,104.1882036,0.099638824,-1.634422238,65.30552677,2,200,800,1.6,30,3,0.2,0,0.4884,0,0
4,1,pure,54,16.74492732,103.8615075,0.097541682,-1.632537533,65.10075252,2,200,800,1.6,30,3,0.2,0,0.4884,0,0
4,1,pure,54.2,16.76422804,103.5351886,0.095485917,-1.63064966,64.8962147,2,200,800,1.6,30,3,0.2,0,0.4884,0,0
4,1,pure,54.4,16.78312169,103.2092476,0.093470441,-1.628757612,64.69191378,2,200,800,1.6,30,3,0.2,0,0.4884,0,0
4,1,pure,54.6,16.80161622,102.8836855,0.091494169,-1.626860382,64.48785033,2,200,800,1.6,30,3,0.2,0,0.4884,0,0
4,1,pure,54.8,16.81971936,102.5585035,0.089556014,-1.624956963,64.28402509,2,200,800,1.6,30,3,0.2,0,0.4884,0,0
4,1,pure,55,16.83743863,102.2337027,0.087654888,-1.623046349,64.08043887,2,200,800,1.6,30,3,0.2,0,0.4884,0,0
4,1,pure,55.2,16.85478131,101.9092849,0.085789707,-1.62112753,63.87709266,2,200,800,1.6,30,3,0.2,0,0.4884,0,0
4,1,pure,55.4,16.87175451,101.5852517,0.083959382,-1.619199502,63.67398753,2,200,800,1.6,30,3,0.2,0,0.4884,0,0
4,1,pure,55.6,16.88836507,101.2616051,0.082162827,-1.617261256,63.47112472,2,200,800,1.6,30,3,0.2,0,0.4884,0,0
4,1,pure,55.8,16.90461964,100.9383472,0.080398957,-1.615311785,63.26850555,2,200,800,1.6,30,3,0.2,0,0.4884,0,0
4,1,pure,56,16.92052465,100.6154804,0.078666684,-1.613350082,63.06613151,2,200,800,1.6,30,3,0.2,0,0.4884,0,0
4,1,pure,56.2,16.93608631,100.2930072,0.076964921,-1.61137514,62.86400418,2,200,800,1.6,30,3,0.2,0,0.4884,0,0
4,1,pure,56.4,16.95131062,99.97093034,0.075292583,-1.609385952,62.6621253,2,200,800,1.6,30,3,0.2,0,0.4884,0,0
4,1,pure,56.6,16.96620335,99.64925281,0.073648582,-1.60738151,62.46049671,2,200,800,1.6,30,3,0.2,0,0.4884,0,0
4,1,pure,56.8,16.98077005,99.32797774,0.072031832,-1.605360808,62.25912038,2,200,800,1.6,30,3,0.2,0,0.4884,0,0
4,1,pure,57,16.99501608,99.00710848,0.070441247,-1.603322839,62.05799842,2,200,800,1.6,30,3,0.2,0,0.4884,0,0
4,1,pure,57.2,17.00894655,98.6866486,0.068875739,-1.601266594,61.85713306,2,200,800,1.6,30,3,0.2,0,0.4884,0,0
4,1,pure,57.4,17.02256637,98.36660185,0.067334223,-1.599191068,61.65652665,2,200,800,1.6,30,3,0.2,0,0.4884,0,0
4,1,pure,57.6,17.03588024,98.04697217,0.065815611,-1.597095253,61.45618166,2,200,800,1.6,30,3,0.2,0,0.4884,0,0
4,1,pure,57.8,17.04889262,97.72776374,0.064318818,-1.594978141,61.25610071,2,200,800,1.6,30,3,0.2,0,0.4884,0,0
4,1,pure,58,17.06160777,97.40898092,0.062842756,-1.592838726,61.05628653,2,200,800,1.6,30,3,0.2,0,0.4884,0,0
4,1,pure,58.2,17.07402972,97.09062825,0.061386339,-1.590676001,60.85674198,2,200,800,1.6,30,3,0.2,0,0.4884,0,0
4,1,pure,58.4,17.0861623,96.77271052,0.059948481,-1.588488958,60.65747004,2,200,800,1.6,30,3,0.2,0,0.4884,0,0
4,1,pure,58.6,17.09800911,96.45523267,0.058528094,-1.58627659,60.45847383,2,200,800,1.6,30,3,0.2,0,0.4884,0,0
4,1,pure,58.8,17.10957354,96.13819988,0.057124093,-1.58403789,60.25975658,2,200,800,1.6,30,3,0.2,0,0.4884,0,0
4,1,pure,59,17.12085875,95.82161752,0.05573539,-1.581771851,60.06132166,2,200,800,1.6,30,3,0.2,0,0.4884,0,0
4,1,pure,59.2,17.1318677,95.50549114,0.0543609,-1.579477465,59.86317255,2,200,800,1.6,30,3,0.2,0,0.4884,0,0
4,1,pure,59.4,17.14260311,95.18982653,0.053023659,-1.577198677,59.66531288,2,200,800,1.6,30,3,0.2,0,0.4884,0,0
4,1,pure,59.6,17.15307716,94.87461167,0.051828376,-1.575136321,59.46773511,2,200,800,1.6,30,3,0.2,0,0.4884,0,0
4,1,pure,59.8,17.16333446,94.559772,0.050766422,-1.573286062,59.27039252,2,200,800,1.6,30,3,0.2,0,0.4884,0,0
4,1,pure,60,17.17338373,94.24529725,0.049736123,-1.571465449,59.07327865,2,200,800,1.6,30,3,0.2,0,0.4884,0,0
4,1,pure,60.2,17.18322891,93.93118582,0.048725435,-1.56965269,58.87639252,2,200,800,1.6,30,3,0.2,0,0.4884,0,0
4,1,pure,60.4,17.1928739,93.61743617,0.047734115,-1.567847651,58.67973316,2,200,800,1.6,30,3,0.2,0,0.4884,0,0
4,1,pure,60.6,17.20232256,93.30404676,0.046761919,-1.566050198,58.48329959,2,200,800,1.6,30,3,0.2,0,0.4884,0,0
4,1,pure,60.8,17.21157867,92.99101609,0.045808603,-1.5642602,58.28709088,2,200,800,1.6,30,3,0.2,0,0.4884,0,0
4,1,pure,61,17.220646,92.67834268,0.044873922,-1.562477522,58.09110611,2,200,800,1.6,30,3,0.2,0,0.4884,0,0
4,1,pure,61.2,17.22952824,92.36602508,0.043957633,-1.560702031,57.89534435,2,200,800,1.6,30,3,0.2,0,0.4884,0,0
4,1,pure,61.4,17.23822905,92.05406187,0.043059491,-1.558933595,57.69980473,2,200,800,1.6,30,3,0.2,0,0.4884,0,0
4,1,pure,61.6,17.24675203,91.74245164,0.042179253,-1.55717208,57.50448636,2,200,800,1.6,30,3,0.2,0,0.4884,0,0
4,1,pure,61.8,17.25510075,91.43119304,0.041316675,-1.555417352,57.30938839,2,200,800,1.6,30,3,0.2,0,0.4884,0,0
4,1,pure,62,17.2632787,91.1202847,0.040471513,-1.55366928,57.11450997,2,200,800,1.6,30,3,0.2,0,0.4884,0,0
4,1,pure,62.2,17.27128936,90.80972532,0.039643522,-1.551927729,56.91985028,2,200,800,1.6,30,3,0.2,0,0.4884,0,0
4,1,pure,62.4,17.27913611,90.49951361,0.03883246,-1.550192567,56.7254085,2,200,800,1.6,30,3,0.2,0,0.4884,0,0
4,1,pure,62.6,17.28682234,90.1896483,0.038038081,-1.548463659,56.53118385,2,200,800,1.6,30,3,0.2,0,0.4884,0,0
4,1,pure,62.8,17.29435135,89.88012815,0.037260141,-1.546740874,56.33717555,2,200,800,1.6,30,3,0.2,0,0.4884,0,0
4,1,pure,63,17.3017264,89.57095195,0.036498398,-1.545024078,56.14338283,2,200,800,1.6,30,3,0.2,0,0.4884,0,0
4,1,pure,63.2,17.30895071,89.26211852,0.035752606,-1.543313138,55.94980497,2,200,800,1.6,30,3,0.2,0,0.4884,0,0
4,1,pure,63.4,17.31602744,88.95362669,0.035022522,-1.54160792,55.75644123,2,200,800,1.6,30,3,0.2,0,0.4884,0,0
4,1,pure,63.6,17.32295971,88.64547535,0.034307901,-1.539908291,55.5632909,2,200,800,1.6,30,3,0.2,0,0.4884,0,0
4,1,pure,63.8,17.3297506,88.33766338,0.033608501,-1.538214119,55.37035329,2,200,800,1.6,30,3,0.2,0,0.4884,0,0
4,1,pure,64,17.33640311,88.0301897,0.032924076,-1.53652527,55.17762772,2,200,800,1.6,30,3,0.2,0,0.4884,0,0
4,1,pure,64.2,17.34292023,87.72305327,0.032254383,-1.534841611,54.98511354,2,200,800,1.6,30,3,0.2,0,0.4884,0,0
4,1,pure,64.4,17.34930487,87.41625306,0.031599178,-1.533163009,54.79281011,2,200,800,1.6,30,3,0.2,0,0.4884,0,0
4,1,pure,64.6,17.3555599,87.10978806,0.030958217,-1.531489331,54.60071679,2,200,800,1.6,30,3,0.2,0,0.4884,0,0
4,1,pure,64.8,17.36168815,86.80365732,0.030331255,-1.529820442,54.40883298,2,200,800,1.6,30,3,0.2,0,0.4884,0,0
4,1,pure,65,17.3676924,86.49785989,0.029718049,-1.528156212,54.21715809,2,200,800,1.6,30,3,0.2,0,0.4884,0,0
4,1,pure,65.2,17.37357537,86.19239484,0.029118355,-1.526496505,54.02569154,2,200,800,1.6,30,3,0.2,0,0.4884,0,0
4,1,pure,65.4,17.37933975,85.88726129,0.028531929,-1.524841189,53.83443277,2,200,800,1.6,30,3,0.2,0,0.4884,0,0
4,1,pure,65.6,17.38498815,85.58245836,0.027958527,-1.523190131,53.64338124,2,200,800,1.6,30,3,0.2,0,0.4884,0,0
4,1,pure,65.8,17.39052316,85.27798523,0.027397904,-1.521543198,53.45253643,2,200,800,1.6,30,3,0.2,0,0.4884,0,0
4,1,pure,66,17.39594731,84.97384108,0.026849818,-1.519900256,53.26189783,2,200,800,1.6,30,3,0.2,0,0.4884,0,0
4,1,pure,66.2,17.40126308,84.67002513,0.026314023,-1.518261172,53.07146493,2,200,800,1.6,30,3,0.2,0,0.4884,0,0
4,1,pure,66.4,17.40647292,84.36653662,0.025790276,-1.516625814,52.88123728,2,200,800,1.6,30,3,0.2,0,0.4884,0,0
4,1,pure,66.6,17.41157919,84.06337481,0.025278333,-1.514994047,52.69121441,2,200,800,1.6,30,3,0.2,0,0.4884,0,0
4,1,pure,66.8,17.41658425,83.760539,0.024777949,-1.513365739,52.50139588,2,200,800,1.6,30,3,0.2,0,0.4884,0,0
4,1,pure,67,17.42149037,83.45802851,0.024288882,-1.511740757,52.31178126,2,200,800,1.6,30,3,0.2,0,0.4884,0,0
4,1,pure,67.2,17.4262998,83.15584269,0.023810886,-1.510118968,52.12237014,2,200,800,1.6,30,3,0.2,0,0.4884,0,0
4,1,pure,67.4,17.43101473,82.85398092,0.023343718,-1.508500237,51.93316214,2,200,800,1.6,30,3,0.2,0,0.4884,0,0
4,1,pure,67.6,17.43563729,82.5524426,0.022887135,-1.506884433,51.74415687,2,200,800,1.6,30,3,0.2,0,0.4884,0,0
4,1,pure,67.8,17.44016958,82.25122715,0.022440891,-1.505271422,51.55535398,2,200,800,1.6,30,3,0.2,0,0.4884,0,0
4,1,pure,68,17.44461365,81.95033403,0.022004742,-1.503661071,51.36675314,2,200,800,1.6,30,3,0.2,0,0.4884,0,0
4,1,pure,68.2,17.44897148,81.64976272,0.021578446,-1.502053246,51.178354,2,200,800,1.6,30,3,0.2,0,0.4884,0,0
4,1,pure,68.4,17.45324502,81.34951273,0.021161758,-1.500447814,50.99015627,2,200,800,1.6,30,3,0.2,0,0.4884,0,0
4,1,pure,68.6,17.45743618,81.0495836,0.020754433,-1.498844643,50.80215964,2,200,800,1.6,30,3,0.2,0,0.4884,0,0
4,1,pure,68.8,17.4615468,80.74997487,0.020356229,-1.4972436,50.61436386,2,200,800,1.6,30,3,0.2,0,0.4884,0,0
4,1,pure,69,17.46557867,80.45068616,0.0199669,-1.49564455,50.42676865,2,200,800,1.6,30,3,0.2,0,0.4884,0,0
4,1,pure,69.2,17.46953356,80.15171705,0.019586204,-1.494047361,50.23937379,2,200,800,1.6,30,3,0.2,0,0.4884,0,0
4,1,pure,69.4,17.47341315,79.85306721,0.019213895,-1.492451899,50.05217903,2,200,800,1.6,30,3,0.2,0,0.4884,0,0
4,1,pure,69.6,17.47721912,79.55473629,0.01884973,-1.490858032,49.86518418,2,200,800,1.6,30,3,0.2,0,0.4884,0,0
4,1,pure,69.8,17.48095305,79.256724,0.018493465,-1.489265627,49.67838904,2,200,800,1.6,30,3,0.2,0,0.4884,0,0
4,1,pure,70,17.4846165,78.95903004,0.018144856,-1.487674549,49.49179344,2,200,800,1.6,30,3,0.2,0,0.4884,0,0
4,1,pure,70.2,17.48821099,78.66165418,0.017803659,-1.486084667,49.30539722,2,200,800,1.6,30,3,0.2,0,0.4884,0,0
4,1,pure,70.4,17.49173797,78.36459618,0.017469629,-1.484495846,49.11920023,2,200,800,1.6,30,3,0.2,0,0.4884,0,0
4,1,pure,70.6,17.49519884,78.06785584,0.017142524,-1.482907954,48.93320236,2,200,800,1.6,30,3,0.2,0,0.4884,0,0
4,1,pure,70.8,17.49859497,77.771433,0.016822099,-1.481320858,48.7474035,2,200,800,1.6,30,3,0.2,0,0.4884,0,0
4,1,pure,71,17.50192768,77.4753275,0.01650811,-1.479734424,48.56180355,2,200,800,1.6,30,3,0.2,0,0.4884,0,0
4,1,pure,71.2,17.50519822,77.17953923,0.016200312,-1.478148519,48.37640243,2,200,800,1.6,30,3,0.2,0,0.4884,0,0
4,1,pure,71.4,17.50840781,76.88406809,0.015898463,-1.47656301,48.1912001,2,200,800,1.6,30,3,0.2,0,0.4884,0,0
4,1,pure,71.6,17.5115576,76.58891402,0.015602318,-1.474977764,48.00619651,2,200,800,1.6,30,3,0.2,0,0.4884,0,0
4,1,pure,71.8,17.51464873,76.29407698,0.015311632,-1.473392647,47.82139163,2,200,800,1.6,30,3,0.2,0,0.4884,0,0
4,1,pure,72,17.51768226,75.99955696,0.015026163,-1.471807527,47.63678546,2,200,800,1.6,30,3,0.2,0,0.4884,0,0
4,1,pure,72.2,17.5206592,75.70535397,0.014745665,-1.470222271,47.45237801,2,200,800,1.6,30,3,0.2,0,0.4884,0,0
4,1,pure,72.4,17.52358052,75.41146806,0.014469896,-1.468636744,47.2681693,2,200,800,1.6,30,3,0.2,0,0.4884,0,0
4,1,pure,72.6,17.52644716,75.11789928,0.014199266,-1.467051661,47.08415937,2,200,800,1.6,30,3,0.2,0,0.4884,0,0
4,1,pure,72.8,17.52926023,74.82464739,0.013940349,-1.465476284,46.90034808,2,200,800,1.6,30,3,0.2,0,0.4884,0,0
4,1,pure,73,17.53202329,74.53170876,0.013694095,-1.463913736,46.71673313,2,200,800,1.6,30,3,0.2,0,0.4884,0,0
4,1,pure,73.2,17.53473787,74.2390819,0.013453586,-1.462356433,46.5333136,2,200,800,1.6,30,3,0.2,0,0.4884,0,0
4,1,pure,73.4,17.53740473,73.94676619,0.013216972,-1.460802136,46.3500891,2,200,800,1.6,30,3,0.2,0,0.4884,0,0
4,1,pure,73.6,17.54002466,73.65476104,0.012984215,-1.459250819,46.16705926,2,200,800,1.6,30,3,0.2,0,0.4884,0,0
4,1,pure,73.8,17.54259842,73.36306586,0.012755275,-1.457702459,45.98422371,2,200,800,1.6,30,3,0.2,0,0.4884,0,0
4,1,pure,74,17.54512677,73.07168006,0.012530115,-1.45615703,45.80158208,2,200,800,1.6,30,3,0.2,0,0.4884,0,0
4,1,pure,74.2,17.54761046,72.78060305,0.012308696,-1.454614507,45.619134,2,200,800,1.6,30,3,0.2,0,0.4884,0,0
4,1,pure,74.4,17.55005024,72.48983426,0.012090978,-1.453074866,45.43687912,2,200,800,1.6,30,3,0.2,0,0.4884,0,0
4,1,pure,74.6,17.55244685,72.1993731,0.011876924,-1.451538082,45.25481706,2,200,800,1.6,30,3,0.2,0,0.4884,0,0
4,1,pure,74.8,17.55480101,71.90921902,0.011666496,-1.45000413,45.07294748,2,200,800,1.6,30,3,0.2,0,0.4884,0,0
4,1,pure,75,17.55711345,71.61937145,0.011459653,-1.448472985,44.89127002,2,200,800,1.6,30,3,0.2,0,0.4884,0,0
4,1,pure,75.2,17.55938488,71.32982983,0.011256358,-1.446944622,44.70978433,2,200,800,1.6,30,3,0.2,0,0.4884,0,0
4,1,pure,75.4,17.56161599,71.0405936,0.011056573,-1.445419017,44.52849006,2,200,800,1.6,30,3,0.2,0,0.4884,0,0
4,1,pure,75.6,17.5638075,70.75166222,0.010860258,-1.443896145,44.34738687,2,200,800,1.6,30,3,0.2,0,0.4884,0,0
4,1,pure,75.8,17.5659601,70.46303514,0.010667375,-1.442375981,44.16647442,2,200,800,1.6,30,3,0.2,0,0.4884,0,0
4,1,pure,76,17.56807445,70.17471183,0.010477885,-1.440858499,43.98575237,2,200,800,1.6,30,3,0.2,0,0.4884,0,0
4,1,pure,76.2,17.57015125,69.88669174,0.010291751,-1.439343677,43.80522038,2,200,800,1.6,30,3,0.2,0,0.4884,0,0
4,1,pure,76.4,17.57219115,69.59897436,0.010108932,-1.437831487,43.62487812,2,200,800,1.6,30,3,0.2,0,0.4884,0,0
4,1,pure,76.6,17.57419482,69.31155915,0.009929391,-1.436321907,43.44472528,2,200,800,1.6,30,3,0.2,0,0.4884,0,0
4,1,pure,76.8,17.57616291,69.0244456,0.00975309,-1.43481491,43.26476151,2,200,800,1.6,30,3,0.2,0,0.4884,0,0
4,1,pure,77,17.57809606,68.73763319,0.009579989,-1.433310473,43.08498649,2,200,800,1.6,30,3,0.2,0,0.4884,0,0
4,1,pure,77.2,17.57999491,68.45112141,0.009410049,-1.43180857,42.90539992,2,200,800,1.6,30,3,0.2,0,0.4884,0,0
4,1,pure,77.4,17.58186008,68.16490976,0.009243234,-1.430309176,42.72600147,2,200,800,1.6,30,3,0.2,0,0.4884,0,0
4,1,pure,77.6,17.5836922,67.87899774,0.009079502,-1.428812267,42.54679082,2,200,800,1.6,30,3,0.2,0,0.4884,0,0
4,1,pure,77.8,17.58549188,67.59338485,0.008918818,-1.427317819,42.36776768,2,200,800,1.6,30,3,0.2,0,0.4884,0,0
4,1,pure,78,17.58725973,67.30807061,0.00876114,-1.425825805,42.18893172,2,200,800,1.6,30,3,0.2,0,0.4884,0,0
4,1,pure,78.2,17.58899634,67.02305453,0.008606432,-1.424336201,42.01028266,2,200,800,1.6,30,3,0.2,0,0.4884,0,0
4,1,pure,78.4,17.5907023,66.73833613,0.008454654,-1.422848983,41.83182018,2,200,800,1.6,30,3,0.2,0,0.4884,0,0
4,1,pure,78.6,17.5923782,66.45391493,0.008305768,-1.421364126,41.65354399,2,200,800,1.6,30,3,0.2,0,0.4884,0,0
4,1,pure,78.8,17.59402461,66.16979048,0.008159735,-1.419881605,41.47545379,2,200,800,1.6,30,3,0.2,0,0.4884,0,0
4,1,pure,79,17.59564209,65.88596229,0.008016517,-1.418401394,41.29754931,2,200,800,1.6,30,3,0.2,0,0.4884,0,0
4,1,pure,79.2,17.59723121,65.60242992,0.007876075,-1.41692347,41.11983023,2,200,800,1.6,30,3,0.2,0,0.4884,0,0
4,1,pure,79.4,17.59879252,65.3191929,0.00773837,-1.415447808,40.94229629,2,200,800,1.6,30,3,0.2,0,0.4884,0,0
4,1,pure,79.6,17.60032656,65.0362508,0.007603364,-1.413974382,40.7649472,2,200,800,1.6,30,3,0.2,0,0.4884,0,0
4,1,pure,79.8,17.60183387,64.75360315,0.007471019,-1.412503168,40.58778267,2,200,800,1.6,30,3,0.2,0,0.4884,0,0
4,1,pure,80,17.60331497,64.47124953,0.007341295,-1.411034141,40.41080245,2,200,800,1.6,30,3,0.2,0,0.4884,0,0
4,1,pure,80.2,17.60477039,64.1891895,0.007214155,-1.409567277,40.23400624,2,200,800,1.6,30,3,0.2,0,0.4884,0,0
4,1,pure,80.4,17.60620063,63.90742262,0.007089559,-1.408102549,40.05739379,2,200,800,1.6,30,3,0.2,0,0.4884,0,0
4,1,pure,80.6,17.60760621,63.62594848,0.006967469,-1.406639935,39.88096482,2,200,800,1.6,30,3,0.2,0,0.4884,0,0
4,1,pure,80.8,17.60898762,63.34476665,0.006847846,-1.405179408,39.70471907,2,200,800,1.6,30,3,0.2,0,0.4884,0,0
4,1,pure,81,17.61034535,63.06387671,0.006730652,-1.403720944,39.52865629,2,200,800,1.6,30,3,0.2,0,0.4884,0,0
4,1,pure,81.2,17.61167988,62.78327827,0.006615849,-1.402264519,39.35277621,2,200,800,1.6,30,3,0.2,0,0.4884,0,0
4,1,pure,81.4,17.61299169,62.50297091,0.006503397,-1.400810107,39.17707859,2,200,800,1.6,30,3,0.2,0,0.4884,0,0
4,1,pure,81.6,17.61428124,62.22295422,0.006393258,-1.399357684,39.00156316,2,200,800,1.6,30,3,0.2,0,0.4884,0,0
4,1,pure,81.8,17.61554899,61.94322783,0.006285393,-1.397907224,38.82622969,2,200,800,1.6,30,3,0.2,0,0.4884,0,0
4,1,pure,82,17.6167954,61.66379134,0.006179765,-1.396458703,38.65107793,2,200,800,1.6,30,3,0.2,0,0.4884,0,0
4,1,pure,82.2,17.6180209,61.38464435,0.006076334,-1.395012097,38.47610763,2,200,800,1.6,30,3,0.2,0,0.4884,0,0
4,1,pure,82.4,17.61922593,61.1057865,0.005975061,-1.39356738,38.30131856,2,200,800,1.6,30,3,0.2,0,0.4884,0,0
4,1,pure,82.6,17.62041092,60.8272174,0.005875909,-1.392124528,38.12671049,2,200,800,1.6,30,3,0.2,0,0.4884,0,0
4,1,pure,82.8,17.62157629,60.54893669,0.005778838,-1.390683515,37.95228317,2,200,800,1.6,30,3,0.2,0,0.4884,0,0
4,1,pure,83,17.62272246,60.27094399,0.00568381,-1.389244318,37.77803639,2,200,800,1.6,30,3,0.2,0,0.4884,0,0
4,1,pure,83.2,17.62384982,59.99323896,0.005590786,-1.38780691,37.60396991,2,200,800,1.6,30,3,0.2,0,0.4884,0,0
4,1,pure,83.4,17.62495877,59.71582123,0.005499729,-1.386371268,37.43008352,2,200,800,1.6,30,3,0.2,0,0.4884,0,0
4,1,pure,83.6,17.62604971,59.43869045,0.005410598,-1.384937367,37.25637699,2,200,800,1.6,30,3,0.2,0,0.4884,0,0
4,1,pure,83.8,17.62712301,59.16184628,0.005323356,-1.383505181,37.08285011,2,200,800,1.6,30,3,0.2,0,0.4884,0,0
4,1,pure,84,17.62817905,58.88528838,0.005237964,-1.382074686,36.90950265,2,200,800,1.6,30,3,0.2,0,0.4884,0,0
4,1,pure,84.2,17.6292182,58.60901641,0.005154384,-1.380645858,36.73633443,2,200,800,1.6,30,3,0.2,0,0.4884,0,0
4,1,pure,84.4,17.6302408,58.33303004,0.005072576,-1.379218671,36.56334521,2,200,800,1.6,30,3,0.2,0,0.4884,0,0
4,1,pure,84.6,17.63124723,58.05732894,0.004992503,-1.3777931,36.39053481,2,200,800,1.6,30,3,0.2,0,0.4884,0,0
4,1,pure,84.8,17.63223781,57.7819128,0.004914126,-1.376369121,36.21790302,2,200,800,1.6,30,3,0.2,0,0.4884,0,0
4,1,pure,85,17.63321288,57.50678129,0.004837405,-1.374946709,36.04544964,2,200,800,1.6,30,3,0.2,0,0.4884,0,0
4,1,pure,85.2,17.63417277,57.23193411,0.004762303,-1.373525839,35.87317448,2,200,800,1.6,30,3,0.2,0,0.4884,0,0
4,1,pure,85.4,17.6351178,56.95737095,0.004688781,-1.372106487,35.70107734,2,200,800,1.6,30,3,0.2,0,0.4884,0,0
4,1,pure,85.6,17.63604828,56.68309152,0.0046168,-1.370688627,35.52915804,2,200,800,1.6,30,3,0.2,0,0.4884,0,0
4,1,pure,85.8,17.63696452,56.4090955,0.004546322,-1.369272234,35.35741639,2,200,800,1.6,30,3,0.2,0,0.4884,0,0
4,1,pure,86,17.63786681,56.13538262,0.004477309,-1.367857285,35.18585221,2,200,800,1.6,30,3,0.2,0,0.4884,0,0
4,1,pure,86.2,17.63875544,55.86195259,0.004409721,-1.366443754,35.01446531,2,200,800,1.6,30,3,0.2,0,0.4884,0,0
4,1,pure,86.4,17.6396307,55.58880512,0.004343519,-1.365031616,34.84325553,2,200,800,1.6,30,3,0.2,0,0.4884,0,0
4,1,pure,86.6,17.64049285,55.31593994,0.004278667,-1.363620846,34.6722227,2,200,800,1.6,30,3,0.2,0,0.4884,0,0
4,1,pure,86.8,17.64134216,55.04335678,0.004215124,-1.36221142,34.50136663,2,200,800,1.6,30,3,0.2,0,0.4884,0,0
4,1,pure,87,17.6421789,54.77105538,0.004152852,-1.360803313,34.33068716,2,200,800,1.6,30,3,0.2,0,0.4884,0,0
4,1,pure,87.2,17.6430033,54.49903546,0.004091813,-1.359396501,34.16018414,2,200,800,1.6,30,3,0.2,0,0.4884,0,0
4,1,pure,87.4,17.64381562,54.22729677,0.004031968,-1.357990957,33.98985739,2,200,800,1.6,30,3,0.2,0,0.4884,0,0
4,1,pure,87.6,17.64461609,53.95583908,0.003973279,-1.356586658,33.81970676,2,200,800,1.6,30,3,0.2,0,0.4884,0,0
4,1,pure,87.8,17.64540494,53.68466211,0.003915707,-1.355183579,33.6497321,2,200,800,1.6,30,3,0.2,0,0.4884,0,0
4,1,pure,88,17.64618237,53.41376564,0.003859213,-1.353781694,33.47993326,2,200,800,1.6,30,3,0.2,0,0.4884,0,0
4,1,pure,88.2,17.64694862,53.14314943,0.003803758,-1.352380979,33.31031008,2,200,800,1.6,30,3,0.2,0,0.4884,0,0
4,1,pure,88.4,17.64770388,52.87281325,0.003749305,-1.35098141,33.14086243,2,200,800,1.6,30,3,0.2,0,0.4884,0,0
4,1,pure,88.6,17.64844834,52.60275687,0.003695814,-1.349582961,32.97159015,2,200,800,1.6,30,3,0.2,0,0.4884,0,0
4,1,pure,88.8,17.6491822,52.33298007,0.003643248,-1.348185608,32.80249312,2,200,800,1.6,30,3,0.2,0,0.4884,0,0
4,1,pure,89,17.64990564,52.06348263,0.003591567,-1.346789326,32.63357119,2,200,800,1.6,30,3,0.2,0,0.4884,0,0
4,1,pure,89.2,17.65061883,51.79426434,0.003540732,-1.345394089,32.46482423,2,200,800,1.6,30,3,0.2,0,0.4884,0,0
4,1,pure,89.4,17.65132193,51.52532499,0.003490706,-1.343999874,32.29625212,2,200,800,1.6,30,3,0.2,0,0.4884,0,0
4,1,pure,89.6,17.65201511,51.25666439,0.00344145,-1.342606656,32.12785472,2,200,800,1.6,30,3,0.2,0,0.4884,0,0
4,1,pure,89.8,17.65269851,50.98828233,0.003392924,-1.341214409,31.95963192,2,200,800,1.6,30,3,0.2,0,0.4884,0,0
4,1,pure,90,17.65337228,50.72017862,0.003345091,-1.339823108,31.79158359,2,200,800,1.6,30,3,0.2,0,0.4884,0,0
4,1,pure,90.2,17.65403655,50.45235309,0.003297912,-1.33843273,31.62370961,2,200,800,1.6,30,3,0.2,0,0.4884,0,0
4,1,pure,90.4,17.65469145,50.18480553,0.003251348,-1.337043249,31.45600988,2,200,800,1.6,30,3,0.2,0,0.4884,0,0
4,1,pure,90.6,17.65533709,49.91753579,0.003205361,-1.33565464,31.28848428,2,200,800,1.6,30,3,0.2,0,0.4884,0,0
4,1,pure,90.8,17.65597359,49.65054368,0.003159912,-1.334266879,31.1211327,2,200,800,1.6,30,3,0.2,0,0.4884,0,0
4,1,pure,91,17.65660106,49.38382903,0.003114963,-1.332879941,30.95395504,2,200,800,1.6,30,3,0.2,0,0.4884,0,0
4,1,pure,91.2,17.65721958,49.1173917,0.003070475,-1.331493801,30.78695119,2,200,800,1.6,30,3,0.2,0,0.4884,0,0
4,1,pure,91.4,17.65782924,48.85123151,0.003026409,-1.330108433,30.62012107,2,200,800,1.6,30,3,0.2,0,0.4884,0,0
4,1,pure,91.6,17.65843014,48.58534833,0.002982726,-1.328723815,30.45346456,2,200,800,1.6,30,3,0.2,0,0.4884,0,0
4,1,pure,91.8,17.65902234,48.31974199,0.002939389,-1.327339919,30.28698159,2,200,800,1.6,30,3,0.2,0,0.4884,0,0
4,1,pure,92,17.6596059,48.05441236,0.002896359,-1.325956723,30.12067206,2,200,800,1.6,30,3,0.2,0,0.4884,0,0
4,1,pure,92.2,17.66018088,47.7893593,0.002853597,-1.3245742,29.95453589,2,200,800,1.6,30,3,0.2,0,0.4884,0,0
4,1,pure,92.4,17.66074733,47.52458268,0.002811064,-1.323192327,29.78857298,2,200,800,1.6,30,3,0.2,0,0.4884,0,0
4,1,pure,92.6,17.6613053,47.26008237,0.002768722,-1.321811078,29.62278327,2,200,800,1.6,30,3,0.2,0,0.4884,0,0
4,1,pure,92.8,17.66185482,46.99585825,0.002726532,-1.320430428,29.45716668,2,200,800,1.6,30,3,0.2,0,0.4884,0,0
4,1,pure,93,17.66239592,46.7319102,0.002684456,-1.319050354,29.29172313,2,200,800,1.6,30,3,0.2,0,0.4884,0,0
4,1,pure,93.2,17.66292861,46.46823811,0.002642455,-1.317670829,29.12645255,2,200,800,1.6,30,3,0.2,0,0.4884,0,0
4,1,pure,93.4,17.6634529,46.20484187,0.002600491,-1.316291829,28.96135487,2,200,800,1.6,30,3,0.2,0,0.4884,0,0
4,1,pure,93.6,17.6639688,45.94172137,0.002558525,-1.31491333,28.79643004,2,200,800,1.6,30,3,0.2,0,0.4884,0,0
4,1,pure,93.8,17.66447631,45.67887653,0.002516518,-1.313535306,28.63167798,2,200,800,1.6,30,3,0.2,0,0.4884,0,0
4,1,pure,94,17.66497541,45.41630725,0.002474432,-1.312157732,28.46709865,2,200,800,1.6,30,3,0.2,0,0.4884,0,0
4,1,pure,94.2,17.66546608,45.15401344,0.002432228,-1.310780585,28.30269198,2,200,800,1.6,30,3,0.2,0,0.4884,0,0
4,1,pure,94.4,17.6659483,44.89199502,0.002389867,-1.309403839,28.13845792,2,200,800,1.6,30,3,0.2,0,0.4884,0,0
4,1,pure,94.6,17.66642203,44.6302519,0.002347312,-1.308027469,27.97439643,2,200,800,1.6,30,3,0.2,0,0.4884,0,0
4,1,pure,94.8,17.66688723,44.36878403,0.002304523,-1.306651451,27.81050746,2,200,800,1.6,30,3,0.2,0,0.4884,0,0
4,1,pure,95,17.66734384,44.10759132,0.002261462,-1.305275759,27.64679097,2,200,800,1.6,30,3,0.2,0,0.4884,0,0
4,1,pure,95.2,17.66779181,43.84667373,0.00221809,-1.303900369,27.48324692,2,200,800,1.6,30,3,0.2,0,0.4884,0,0
4,1,pure,95.4,17.66823107,43.58603118,0.002174369,-1.302525256,27.31987526,2,200,800,1.6,30,3,0.2,0,0.4884,0,0
4,1,pure,95.6,17.66866156,43.32566362,0.002130264,-1.301150403,27.15667598,2,200,800,1.6,30,3,0.2,0,0.4884,0,0
4,1,pure,95.8,17.66908318,43.06557102,0.002089912,-1.299782219,26.99364903,2,200,800,1.6,30,3,0.2,0,0.4884,0,0
4,1,pure,96,17.66949752,42.80575074,0.002057198,-1.298426681,26.83079278,2,200,800,1.6,30,3,0.2,0,0.4884,0,0
4,1,pure,96.2,17.66990606,42.54620034,0.002028354,-1.297077929,26.6681057,2,200,800,1.6,30,3,0.2,0,0.4884,0,0
4,1,pure,96.4,17.67030886,42.28691956,0.001999873,-1.295730543,26.50558761,2,200,800,1.6,30,3,0.2,0,0.4884,0,0
4,1,pure,96.6,17.67070601,42.02790813,0.001971752,-1.294384519,26.34323834,2,200,800,1.6,30,3,0.2,0,0.4884,0,0
4,1,pure,96.8,17.67109756,41.76916576,0.001943989,-1.293039858,26.18105773,2,200,800,1.6,30,3,0.2,0,0.4884,0,0
4,1,pure,97,17.6714836,41.51069218,0.001916579,-1.291696558,26.0190456,2,200,800,1.6,30,3,0.2,0,0.4884,0,0
4,1,pure,97.2,17.6718642,41.25248713,0.001889521,-1.290354618,25.85720178,2,200,800,1.6,30,3,0.2,0,0.4884,0,0
4,1,pure,97.4,17.67223941,40.99455034,0.001862811,-1.289014035,25.6955261,2,200,800,1.6,30,3,0.2,0,0.4884,0,0
4,1,pure,97.6,17.67260932,40.73688152,0.001836446,-1.28767481,25.53401839,2,200,800,1.6,30,3,0.2,0,0.4884,0,0
4,1,pure,97.8,17.67297399,40.47948041,0.001810423,-1.286336941,25.37267849,2,200,800,1.6,30,3,0.2,0,0.4884,0,0
4,1,pure,98,17.67333349,40.22234674,0.001784739,-1.285000426,25.21150621,2,200,800,1.6,30,3,0.2,0,0.4884,0,0
4,1,pure,98.2,17.67368789,39.96548024,0.001759391,-1.283665265,25.0505014,2,200,800,1.6,30,3,0.2,0,0.4884,0,0
4,1,pure,98.4,17.67403725,39.70888064,0.001734376,-1.282331455,24.88966388,2,200,800,1.6,30,3,0.2,0,0.4884,0,0
4,1,pure,98.6,17.67438164,39.45254766,0.001709691,-1.280998996,24.72899348,2,200,800,1.6,30,3,0.2,0,0.4884,0,0
4,1,pure,98.8,17.67472112,39.19648104,0.001685333,-1.279667886,24.56849004,2,200,800,1.6,30,3,0.2,0,0.4884,0,0
4,1,pure,99,17.67505577,38.9406805,0.001661299,-1.278338125,24.40815338,2,200,800,1.6,30,3,0.2,0,0.4884,0,0
4,1,pure,99.2,17.67538564,38.68514579,0.001637586,-1.27700971,24.24798333,2,200,800,1.6,30,3,0.2,0,0.4884,0,0
4,1,pure,99.4,17.6757108,38.42987662,0.001614191,-1.275682641,24.08797974,2,200,800,1.6,30,3,0.2,0,0.4884,0,0
4,1,pure,99.6,17.67603132,38.17487273,0.00159111,-1.274356916,23.92814241,2,200,800,1.6,30,3,0.2,0,0.4884,0,0
4,1,pure,99.8,17.67634725,37.92013385,0.001568341,-1.273032534,23.7684712,2,200,800,1.6,30,3,0.2,0,0.4884,0,0
4,1,pure,100,17.67665866,37.66565972,0.001545881,-1.271709493,23.60896593,2,200,800,1.6,30,3,0.2,0,0.4884,0,0
4,1,pure,100.2,17.6769656,37.41145006,0.001523727,-1.270387793,23.44962644,2,200,800,1.6,30,3,0.2,0,0.4884,0,0
4,1,pure,100.4,17.67726815,37.1575046,0.001501876,-1.269067432,23.29045255,2,200,800,1.6,30,3,0.2,0,0.4884,0,0
4,1,pure,100.6,17.67756635,36.90382308,0.001480324,-1.267748409,23.13144409,2,200,800,1.6,30,3,0.2,0,0.4884,0,0
4,1,pure,100.8,17.67786028,36.65040524,0.001459069,-1.266430723,22.97260091,2,200,800,1.6,30,3,0.2,0,0.4884,0,0
4,1,pure,101,17.67814998,36.3972508,0.001438107,-1.265114371,22.81392283,2,200,800,1.6,30,3,0.2,0,0.4884,0,0
4,1,pure,101.2,17.67843552,36.14435949,0.001417436,-1.263799354,22.65540968,2,200,800,1.6,30,3,0.2,0,0.4884,0,0
4,1,pure,101.4,17.67871695,35.89173105,0.001397053,-1.262485669,22.49706131,2,200,800,1.6,30,3,0.2,0,0.4884,0,0
4,1,pure,101.6,17.67899434,35.63936522,0.001376955,-1.261173316,22.33887753,2,200,800,1.6,30,3,0.2,0,0.4884,0,0
4,1,pure,101.8,17.67926774,35.38726173,0.001357137,-1.259862293,22.18085818,2,200,800,1.6,30,3,0.2,0,0.4884,0,0
4,1,pure,102,17.6795372,35.1354203,0.001337599,-1.258552599,22.02300311,2,200,800,1.6,30,3,0.2,0,0.4884,0,0
4,1,pure,102.2,17.67980277,34.88384069,0.001318336,-1.257244232,21.86531213,2,200,800,1.6,30,3,0.2,0,0.4884,0,0
4,1,pure,102.4,17.68006453,34.63252261,0.001299345,-1.255937192,21.70778509,2,200,800,1.6,30,3,0.2,0,0.4884,0,0
4,1,pure,102.6,17.68032251,34.38146581,0.001280624,-1.254631476,21.55042182,2,200,800,1.6,30,3,0.2,0,0.4884,0,0
4,1,pure,102.8,17.68057678,34.13067002,0.001262169,-1.253327084,21.39322215,2,200,800,1.6,30,3,0.2,0,0.4884,0,0
4,1,pure,103,17.68082738,33.88013498,0.001243978,-1.252024015,21.23618592,2,200,800,1.6,30,3,0.2,0,0.4884,0,0
4,1,pure,103.2,17.68107437,33.62986042,0.001226047,-1.250722267,21.07931296,2,200,800,1.6,30,3,0.2,0,0.4884,0,0
4,1,pure,103.4,17.6813178,33.37984607,0.001208373,-1.249421838,20.9226031,2,200,800,1.6,30,3,0.2,0,0.4884,0,0
4,1,pure,103.6,17.68155772,33.13009168,0.001190954,-1.248122728,20.76605618,2,200,800,1.6,30,3,0.2,0,0.4884,0,0
4,1,pure,103.8,17.68179418,32.88059698,0.001173786,-1.246824936,20.60967204,2,200,800,1.6,30,3,0.2,0,0.4884,0,0
4,1,pure,104,17.68202723,32.63136171,0.001156866,-1.245528459,20.45345051,2,200,800,1.6,30,3,0.2,0,0.4884,0,0
4,1,pure,104.2,17.68225693,32.3823856,0.001140191,-1.244233297,20.29739142,2,200,800,1.6,30,3,0.2,0,0.4884,0,0
4,1,pure,104.4,17.68248331,32.13366839,0.001123759,-1.242939449,20.14149461,2,200,800,1.6,30,3,0.2,0,0.4884,0,0
4,1,pure,104.6,17.68270643,31.88520982,0.001107566,-1.241646913,19.98575992,2,200,800,1.6,30,3,0.2,0,0.4884,0,0
4,1,pure,104.8,17.68292634,31.63700962,0.001091609,-1.240355687,19.83018718,2,200,800,1.6,30,3,0.2,0,0.4884,0,0
4,1,pure,105,17.68314307,31.38906754,0.001075885,-1.239065772,19.67477622,2,200,800,1.6,30,3,0.2,0,0.4884,0,0
4,1,pure,105.2,17.68335669,31.14138331,0.001060391,-1.237777164,19.51952689,2,200,800,1.6,30,3,0.2,0,0.4884,0,0
4,1,pure,105.4,17.68356723,30.89395668,0.001045124,-1.236489864,19.36443902,2,200,800,1.6,30,3,0.2,0,0.4884,0,0
4,1,pure,105.6,17.68377474,30.64678737,0.001030082,-1.235203869,19.20951244,2,200,800,1.6,30,3,0.2,0,0.4884,0,0
4,1,pure,105.8,17.68397926,30.39987513,0.00101526,-1.233919178,19.05474699,2,200,800,1.6,30,3,0.2,0,0.4884,0,0
4,1,pure,106,17.68418084,30.1532197,0.001000657,-1.232635791,18.90014252,2,200,800,1.6,30,3,0.2,0,0.4884,0,0
4,1,pure,106.2,17.68437953,29.90682081,0.000986268,-1.231353706,18.74569884,2,200,800,1.6,30,3,0.2,0,0.4884,0,0
4,1,pure,106.4,17.68457535,29.66067821,0.000972092,-1.230072921,18.59141581,2,200,800,1.6,30,3,0.2,0,0.4884,0,0
4,1,pure,106.6,17.68476836,29.41479164,0.000958124,-1.228793436,18.43729326,2,200,800,1.6,30,3,0.2,0,0.4884,0,0
4,1,pure,106.8,17.6849586,29.16916084,0.000944362,-1.227515249,18.28333102,2,200,800,1.6,30,3,0.2,0,0.4884,0,0
4,1,pure,107,17.68514611,28.92378554,0.000930803,-1.226238358,18.12952893,2,200,800,1.6,30,3,0.2,0,0.4884,0,0
4,1,pure,107.2,17.68533092,28.6786655,0.000917444,-1.224962763,17.97588684,2,200,800,1.6,30,3,0.2,0,0.4884,0,0
4,1,pure,107.4,17.68551309,28.43380044,0.000904282,-1.223688462,17.82240457,2,200,800,1.6,30,3,0.2,0,0.4884,0,0
4,1,pure,107.6,17.68569263,28.18919011,0.000891313,-1.222415454,17.66908197,2,200,800,1.6,30,3,0.2,0,0.4884,0,0
4,1,pure,107.8,17.68586961,27.94483426,0.000878536,-1.221143737,17.51591888,2,200,800,1.6,30,3,0.2,0,0.4884,0,0
4,1,pure,108,17.68604405,27.70073262,0.000865946,-1.219873311,17.36291512,2,200,800,1.6,30,3,0.2,0,0.4884,0,0
4,1,pure,108.2,17.68621599,27.45688493,0.000853541,-1.218604174,17.21007055,2,200,800,1.6,30,3,0.2,0,0.4884,0,0
4,1,pure,108.4,17.68638547,27.21329095,0.000841317,-1.217336325,17.057385,2,200,800,1.6,30,3,0.2,0,0.4884,0,0
4,1,pure,108.6,17.68655252,26.9699504,0.000829273,-1.216069762,16.9048583,2,200,800,1.6,30,3,0.2,0,0.4884,0,0
4,1,pure,108.8,17.68671717,26.72686304,0.000817403,-1.214804484,16.7524903,2,200,800,1.6,30,3,0.2,0,0.4884,0,0
4,1,pure,109,17.68687948,26.48402861,0.000805707,-1.21354049,16.60028084,2,200,800,1.6,30,3,0.2,0,0.4884,0,0
4,1,pure,109.2,17.68703946,26.24144685,0.00079418,-1.212277779,16.44822975,2,200,800,1.6,30,3,0.2,0,0.4884,0,0
4,1,pure,109.4,17.68719715,25.9991175,0.00078282,-1.211016349,16.29633687,2,200,800,1.6,30,3,0.2,0,0.4884,0,0
4,1,pure,109.6,17.68735259,25.75704031,0.000771623,-1.2097562,16.14460205,2,200,800,1.6,30,3,0.2,0,0.4884,0,0
4,1,pure,109.8,17.6875058,25.51521502,0.000760587,-1.208497329,15.99302512,2,200,800,1.6,30,3,0.2,0,0.4884,0,0
4,1,pure,110,17.68765682,25.27364138,0.000749708,-1.207239735,15.84160593,2,200,800,1.6,30,3,0.2,0,0.4884,0,0
4,1,pure,110.2,17.68780568,25.03231912,0.000738983,-1.205983418,15.6903443,2,200,800,1.6,30,3,0.2,0,0.4884,0,0
4,1,pure,110.4,17.68795241,24.79124801,0.000728411,-1.204728376,15.53924009,2,200,800,1.6,30,3,0.2,0,0.4884,0,0
4,1,pure,110.6,17.68809705,24.55042777,0.000717986,-1.203474607,15.38829314,2,200,800,1.6,30,3,0.2,0,0.4884,0,0
4,1,pure,110.8,17.68823961,24.30985817,0.000707707,-1.202222111,15.23750327,2,200,800,1.6,30,3,0.2,0,0.4884,0,0
4,1,pure,111,17.68838013,24.06953893,0.00069757,-1.200970885,15.08687035,2,200,800,1.6,30,3,0.2,0,0.4884,0,0
4,1,pure,111.2,17.68851864,23.82946981,0.000687573,-1.19972093,14.93639419,2,200,800,1.6,30,3,0.2,0,0.4884,0,0
4,1,pure,111.4,17.68865516,23.58965056,0.000677712,-1.198472243,14.78607465,2,200,800,1.6,30,3,0.2,0,0.4884,0,0
4,1,pure,111.6,17.68878972,23.35008091,0.000667984,-1.197224823,14.63591157,2,200,800,1.6,30,3,0.2,0,0.4884,0,0
4,1,pure,111.8,17.68892235,23.11076063,0.000658387,-1.195978669,14.48590479,2,200,800,1.6,30,3,0.2,0,0.4884,0,0
4,1,pure,112,17.68905308,22.87168945,0.000648917,-1.19473378,14.33605414,2,200,800,1.6,30,3,0.2,0,0.4884,0,0
4,1,pure,112.2,17.68918192,22.63286712,0.000639571,-1.193490155,14.18635948,2,200,800,1.6,30,3,0.2,0,0.4884,0,0
4,1,pure,112.4,17.6893089,22.39429338,0.000630346,-1.192247791,14.03682064,2,200,800,1.6,30,3,0.2,0,0.4884,0,0
4,1,pure,112.6,17.68943406,22.155968,0.000621239,-1.191006688,13.88743746,2,200,800,1.6,30,3,0.2,0,0.4884,0,0
4,1,pure,112.8,17.6895574,21.91789071,0.000612248,-1.189766845,13.73820979,2,200,800,1.6,30,3,0.2,0,0.4884,0,0
4,1,pure,113,17.68967896,21.68006126,0.000603368,-1.188528259,13.58913747,2,200,800,1.6,30,3,0.2,0,0.4884,0,0
4,1,pure,113.2,17.68979875,21.44247941,0.000594598,-1.187290931,13.44022034,2,200,800,1.6,30,3,0.2,0,0.4884,0,0
4,1,pure,113.4,17.68991679,21.20514489,0.000585934,-1.186054859,13.29145824,2,200,800,1.6,30,3,0.2,0,0.4884,0,0
4,1,pure,113.6,17.69003312,20.96805746,0.000577372,-1.184820041,13.14285102,2,200,800,1.6,30,3,0.2,0,0.4884,0,0
4,1,pure,113.8,17.69014774,20.73121687,0.000568911,-1.183586476,12.99439852,2,200,800,1.6,30,3,0.2,0,0.4884,0,0
4,1,pure,114,17.69026068,20.49462287,0.000560547,-1.182354163,12.84610058,2,200,800,1.6,30,3,0.2,0,0.4884,0,0
4,1,pure,114.2,17.69037196,20.25827521,0.000552276,-1.1811231,12.69795705,2,200,800,1.6,30,3,0.2,0,0.4884,0,0
4,1,pure,114.4,17.69048159,20.02217363,0.000544097,-1.179893287,12.54996776,2,200,800,1.6,30,3,0.2,0,0.4884,0,0
4,1,pure,114.6,17.6905896,19.78631789,0.000536006,-1.178664721,12.40213257,2,200,800,1.6,30,3,0.2,0,0.4884,0,0
4,1,pure,114.8,17.690696,19.55070774,0.000527999,-1.177437402,12.25445131,2,200,800,1.6,30,3,0.2,0,0.4884,0,0
4,1,pure,115,17.6908008,19.31534293,0.000520074,-1.176211329,12.10692383,2,200,800,1.6,30,3,0.2,0,0.4884,0,0
4,1,pure,115.2,17.69090403,19.08022321,0.000512228,-1.1749865,11.95954998,2,200,800,1.6,30,3,0.2,0,0.4884,0,0
4,1,pure,115.4,17.69100569,18.84534833,0.000504458,-1.173762914,11.81232959,2,200,800,1.6,30,3,0.2,0,0.4884,0,0
4,1,pure,115.6,17.69110581,18.61071805,0.000496761,-1.172540569,11.66526251,2,200,800,1.6,30,3,0.2,0,0.4884,0,0
4,1,pure,115.8,17.6912044,18.3763321,0.000489133,-1.171319464,11.51834859,2,200,800,1.6,30,3,0.2,0,0.4884,0,0
4,1,pure,116,17.69130146,18.14219026,0.000481573,-1.170099599,11.37158768,2,200,800,1.6,30,3,0.2,0,0.4884,0,0
4,1,pure,116.2,17.69139703,17.90829227,0.000474076,-1.168880971,11.2249796,2,200,800,1.6,30,3,0.2,0,0.4884,0,0
4,1,pure,116.4,17.69149109,17.67463787,0.000466639,-1.167663579,11.07852422,2,200,800,1.6,30,3,0.2,0,0.4884,0,0
4,1,pure,116.6,17.69158368,17.44122683,0.00045926,-1.166447423,10.93222137,2,200,800,1.6,30,3,0.2,0,0.4884,0,0
4,1,pure,116.8,17.6916748,17.2080589,0.000451936,-1.165232501,10.78607091,2,200,800,1.6,30,3,0.2,0,0.4884,0,0
4,1,pure,117,17.69176446,16.97513383,0.000444663,-1.164018811,10.64007267,2,200,800,1.6,30,3,0.2,0,0.4884,0,0
4,1,pure,117.2,17.69185266,16.74245138,0.000437439,-1.162806352,10.4942265,2,200,800,1.6,30,3,0.2,0,0.4884,0,0
4,1,pure,117.4,17.69193943,16.51001129,0.000430261,-1.161595124,10.34853225,2,200,800,1.6,30,3,0.2,0,0.4884,0,0
4,1,pure,117.6,17.69202477,16.27781333,0.000423125,-1.160385124,10.20298976,2,200,800,1.6,30,3,0.2,0,0.4884,0,0
4,1,pure,117.8,17.69210868,16.04585724,0.000416029,-1.159176351,10.05759888,2,200,800,1.6,30,3,0.2,0,0.4884,0,0
4,1,pure,118,17.69219118,15.81414279,0.000408969,-1.157968805,9.912359459,2,200,800,1.6,30,3,0.2,0,0.4884,0,0
4,1,pure,118.2,17.69227227,15.58266972,0.000401942,-1.156762483,9.767271338,2,200,800,1.6,30,3,0.2,0,0.4884,0,0
4,1,pure,118.4,17.69235196,15.3514378,0.000394946,-1.155557386,9.622334367,2,200,800,1.6,30,3,0.2,0,0.4884,0,0
4,1,pure,118.6,17.69243025,15.12044677,0.000387977,-1.15435351,9.47754839,2,200,800,1.6,30,3,0.2,0,0.4884,0,0
4,1,pure,118.8,17.69250715,14.88969639,0.000381033,-1.153150856,9.332913256,2,200,800,1.6,30,3,0.2,0,0.4884,0,0
4,1,pure,119,17.69258266,14.65918642,0.00037411,-1.151949421,9.18842881,2,200,800,1.6,30,3,0.2,0,0.4884,0,0
4,1,pure,119.2,17.69265679,14.42891662,0.000367205,-1.150749204,9.044094901,2,200,800,1.6,30,3,0.2,0,0.4884,0,0
4,1,pure,119.4,17.69272954,14.19888674,0.000360316,-1.149550205,8.899911376,2,200,800,1.6,30,3,0.2,0,0.4884,0,0
4,1,pure,119.6,17.69280092,13.96909654,0.000353438,-1.148352422,8.755878082,2,200,800,1.6,30,3,0.2,0,0.4884,0,0
4,1,pure,119.8,17.69287092,13.73954577,0.000346571,-1.147155853,8.611994866,2,200,800,1.6,30,3,0.2,0,0.4884,0,0
4,1,pure,120,17.69293955,13.5102342,0.000339709,-1.145960498,8.468261577,2,200,800,1.6,30,3,0.2,0,0.4884,0,0
4,1,pure,120.2,17.6930068,13.28116157,0.00033285,-1.144766355,8.324678063,2,200,800,1.6,30,3,0.2,0,0.4884,0,0
4,1,pure,120.4,17.69307269,13.05232766,0.000325992,-1.143573422,8.181244171,2,200,800,1.6,30,3,0.2,0,0.4884,0,0
4,1,pure,120.6,17.6931372,12.82373221,0.000319131,-1.142381699,8.037959751,2,200,800,1.6,30,3,0.2,0,0.4884,0,0
4,1,pure,120.8,17.69320034,12.59537498,0.000312264,-1.141191184,7.89482465,2,200,800,1.6,30,3,0.2,0,0.4884,0,0
4,1,pure,121,17.6932621,12.36725573,0.000305388,-1.140001876,7.751838716,2,200,800,1.6,30,3,0.2,0,0.4884,0,0
4,1,pure,121.2,17.69332249,12.13937423,0.0002985,-1.138813773,7.6090018,2,200,800,1.6,30,3,0.2,0,0.4884,0,0
4,1,pure,121.4,17.6933815,11.91173022,0.000291597,-1.137626875,7.46631375,2,200,800,1.6,30,3,0.2,0,0.4884,0,0
4,1,pure,121.6,17.69343913,11.68432348,0.000284676,-1.13644118,7.323774414,2,200,800,1.6,30,3,0.2,0,0.4884,0,0
4,1,pure,121.8,17.69349537,11.45715375,0.000277734,-1.135256687,7.181383643,2,200,800,1.6,30,3,0.2,0,0.4884,0,0
4,1,pure,122,17.69355022,11.2302208,0.000274257,-1.13466474,7.039141286,2,200,800,1.6,30,3,0.2,0,0.4884,0,0
4,2,raw,0,0.02,148.8058973,0.00589905,-0.010595049,93.27205169,2,200,800,1.6,30,3,0.2,0,0.4884,0,0
4,2,raw,0.2,0.02117981,148.8037783,0.006072823,-0.010907235,93.27072349,2,200,800,1.6,30,3,0.2,0,0.4884,0,0
4,2,raw,0.4,0.022429129,148.8015344,0.006430536,-0.011549877,93.26931701,2,200,800,1.6,30,3,0.2,0,0.4884,0,0
4,2,raw,0.6,0.023752024,148.7991583,0.006809217,-0.01223021,93.26782769,2,200,800,1.6,30,3,0.2,0,0.4884,0,0
4,2,raw,0.8,0.025152816,148.7966423,0.007210159,-0.012950558,93.26625064,2,200,800,1.6,30,3,0.2,0,0.4884,0,0
4,2,raw,1,0.026636088,148.7939781,0.007634671,-0.01371328,93.2645807,2,200,800,1.6,30,3,0.2,0,0.4884,0,0
4,2,raw,1.2,0.028206685,148.791157,0.008084523,-0.014521571,93.26281243,2,200,800,1.6,30,3,0.2,0,0.4884,0,0
4,2,raw,1.4,0.029869897,148.7881695,0.008561703,-0.015379024,93.26093984,2,200,800,1.6,30,3,0.2,0,0.4884,0,0
4,2,raw,1.6,0.031631366,148.7850054,0.009066352,-0.016285872,93.25895658,2,200,800,1.6,30,3,0.2,0,0.4884,0,0
4,2,raw,1.8,0.033496438,148.7816551,0.009598867,-0.017242793,93.25685662,2,200,800,1.6,30,3,0.2,0,0.4884,0,0
4,2,raw,2,0.035470913,148.7781083,0.010161582,-0.018253998,93.25463344,2,200,800,1.6,30,3,0.2,0,0.4884,0,0
4,2,raw,2.2,0.037561071,148.7743535,0.010756916,-0.019323856,93.25227995,2,200,800,1.6,30,3,0.2,0,0.4884,0,0
4,2,raw,2.4,0.039773679,148.7703787,0.011387291,-0.020456735,93.24978853,2,200,800,1.6,30,3,0.2,0,0.4884,0,0
4,2,raw,2.6,0.042115987,148.7661708,0.012055128,-0.021657004,93.24715101,2,200,800,1.6,30,3,0.2,0,0.4884,0,0
4,2,raw,2.8,0.04459573,148.7617159,0.012762847,-0.022929032,93.24435866,2,200,800,1.6,30,3,0.2,0,0.4884,0,0
4,2,raw,3,0.047221126,148.7569992,0.013512869,-0.024277188,93.24140221,2,200,800,1.6,30,3,0.2,0,0.4884,0,0
4,2,raw,3.2,0.050000878,148.7520051,0.014307615,-0.02570584,93.23827185,2,200,800,1.6,30,3,0.2,0,0.4884,0,0
4,2,raw,3.4,0.052944172,148.7467169,0.015149505,-0.027219356,93.23495721,2,200,800,1.6,30,3,0.2,0,0.4884,0,0
4,2,raw,3.6,0.05606068,148.7411173,0.01604096,-0.028822106,93.23144738,2,200,800,1.6,30,3,0.2,0,0.4884,0,0
4,2,raw,3.8,0.059360556,148.7351881,0.016984402,-0.030518459,93.22773089,2,200,800,1.6,30,3,0.2,0,0.4884,0,0
4,2,raw,4,0.06285444,148.7289099,0.01798225,-0.032312782,93.22379575,2,200,800,1.6,30,3,0.2,0,0.4884,0,0
4,2,raw,4.2,0.066553456,148.7222629,0.019036925,-0.034209445,93.21962938,2,200,800,1.6,30,3,0.2,0,0.4884,0,0
4,2,raw,4.4,0.070469211,148.7152262,0.020150849,-0.036212816,93.21521871,2,200,800,1.6,30,3,0.2,0,0.4884,0,0
4,2,raw,4.6,0.074613796,148.7077778,0.021327348,-0.038328977,93.21055006,2,200,800,1.6,30,3,0.2,0,0.4884,0,0
4,2,raw,4.8,0.07900015,148.6998946,0.022576352,-0.040576418,93.20560881,2,200,800,1.6,30,3,0.2,0,0.4884,0,0
4,2,raw,5,0.083644337,148.6915472,0.023900312,-0.042959334,93.20037668,2,200,800,1.6,30,3,0.2,0,0.4884,0,0
4,2,raw,5.2,0.088560275,148.6827108,0.025295028,-0.045469311,93.19483799,2,200,800,1.6,30,3,0.2,0,0.4884,0,0
4,2,raw,5.4,0.093762348,148.6733595,0.026764989,-0.048114411,93.18897655,2,200,800,1.6,30,3,0.2,0,0.4884,0,0
4,2,raw,5.6,0.09926627,148.6634651,0.02831685,-0.050906796,93.18277468,2,200,800,1.6,30,3,0.2,0,0.4884,0,0
4,2,raw,5.8,0.105089088,148.6529968,0.029957266,-0.053858629,93.17621313,2,200,800,1.6,30,3,0.2,0,0.4884,0,0
4,2,raw,6,0.111249177,148.6419216,0.031692892,-0.056982071,93.16927117,2,200,800,1.6,30,3,0.2,0,0.4884,0,0
4,2,raw,6.2,0.117766245,148.630204,0.033530382,-0.060289285,93.16192651,2,200,800,1.6,30,3,0.2,0,0.4884,0,0
4,2,raw,6.4,0.12466133,148.6178059,0.035476391,-0.063792433,93.15415535,2,200,800,1.6,30,3,0.2,0,0.4884,0,0
4,2,raw,6.6,0.131956801,148.604687,0.037537574,-0.067503676,93.14593238,2,200,800,1.6,30,3,0.2,0,0.4884,0,0
4,2,raw,6.8,0.139676359,148.5908044,0.039720585,-0.071435177,93.13723074,2,200,800,1.6,30,3,0.2,0,0.4884,0,0
4,2,raw,7,0.147845035,148.5761129,0.042032079,-0.075599098,93.12802205,2,200,800,1.6,30,3,0.2,0,0.4884,0,0
4,2,raw,7.2,0.156489191,148.5605648,0.044478712,-0.080007601,93.11827643,2,200,800,1.6,30,3,0.2,0,0.4884,0,0
4,2,raw,7.4,0.16563652,148.5441099,0.047067137,-0.084672847,93.10796244,2,200,800,1.6,30,3,0.2,0,0.4884,0,0
4,2,raw,7.6,0.175316046,148.5266957,0.049804009,-0.089607,93.09704713,2,200,800,1.6,30,3,0.2,0,0.4884,0,0
4,2,raw,7.8,0.185558124,148.5082671,0.052695983,-0.09482222,93.08549605,2,200,800,1.6,30,3,0.2,0,0.4884,0,0
4,2,raw,8,0.196394439,148.4887668,0.055749714,-0.100330671,93.07327318,2,200,800,1.6,30,3,0.2,0,0.4884,0,0
4,2,raw,8.2,0.207858009,148.4681348,0.058971857,-0.106144513,93.060341,2,200,800,1.6,30,3,0.2,0,0.4884,0,0
4,2,raw,8.4,0.219983182,148.446309,0.062369065,-0.11227591,93.04666048,2,200,800,1.6,30,3,0.2,0,0.4884,0,0
4,2,raw,8.6,0.232805635,148.4232245,0.065947995,-0.118737023,93.03219103,2,200,800,1.6,30,3,0.2,0,0.4884,0,0
4,2,raw,8.8,0.24636238,148.3988142,0.0697153,-0.125540014,93.01689057,2,200,800,1.6,30,3,0.2,0,0.4884,0,0
4,2,raw,9,0.260691755,148.3730085,0.073677638,-0.132697141,93.00071546,2,200,800,1.6,30,3,0.2,0,0.4884,0,0
4,2,raw,9.2,0.275833435,148.3457353,0.077844424,-0.140234541,92.98362055,2,200,800,1.6,30,3,0.2,0,0.4884,0,0
4,2,raw,9.4,0.291829525,148.3169146,0.082234644,-0.148188843,92.96555567,2,200,800,1.6,30,3,0.2,0,0.4884,0,0
4,2,raw,9.6,0.308727292,148.2864598,0.086869606,-0.156585387,92.94646644,2,200,800,1.6,30,3,0.2,0,0.4884,0,0
4,2,raw,9.8,0.326577367,148.2542805,0.091764891,-0.165447038,92.92629636,2,200,800,1.6,30,3,0.2,0,0.4884,0,0
4,2,raw,10,0.345433249,148.2202809,0.09693484,-0.17480219,92.90498533,2,200,800,1.6,30,3,0.2,0,0.4884,0,0
4,2,raw,10.2,0.365351303,148.1843596,0.102393794,-0.184679235,92.88246971,2,200,800,1.6,30,3,0.2,0,0.4884,0,0
4,2,raw,10.4,0.386390766,148.1464093,0.108156091,-0.195106566,92.8586823,2,200,800,1.6,30,3,0.2,0,0.4884,0,0
4,2,raw,10.6,0.40861374,148.106317,0.114236074,-0.206112575,92.83355232,2,200,800,1.6,30,3,0.2,0,0.4884,0,0
4,2,raw,10.8,0.432085196,148.0639642,0.120648081,-0.217725656,92.80700547,2,200,800,1.6,30,3,0.2,0,0.4884,0,0
4,2,raw,11,0.456872972,148.0192267,0.127406454,-0.2299742,92.77896385,2,200,800,1.6,30,3,0.2,0,0.4884,0,0
4,2,raw,11.2,0.483047777,147.9719745,0.134525532,-0.242886602,92.74934602,2,200,800,1.6,30,3,0.2,0,0.4884,0,0
4,2,raw,11.4,0.510683185,147.9220721,0.142019655,-0.256491253,92.71806698,2,200,800,1.6,30,3,0.2,0,0.4884,0,0
4,2,raw,11.6,0.539855639,147.869378,0.149903165,-0.270816546,92.68503818,2,200,800,1.6,30,3,0.2,0,0.4884,0,0
4,2,raw,11.8,0.570644451,147.8137455,0.158190401,-0.285890874,92.65016748,2,200,800,1.6,30,3,0.2,0,0.4884,0,0
4,2,raw,12,0.603131799,147.7550217,0.166895703,-0.30174263,92.61335922,2,200,800,1.6,30,3,0.2,0,0.4884,0,0
4,2,raw,12.2,0.637402732,147.6930484,0.176033412,-0.318400206,92.57451415,2,200,800,1.6,30,3,0.2,0,0.4884,0,0
4,2,raw,12.4,0.673545164,147.6276616,0.185617868,-0.335891995,92.53352948,2,200,800,1.6,30,3,0.2,0,0.4884,0,0
4,2,raw,12.6,0.711649879,147.5586916,0.195663411,-0.35424639,92.49029885,2,200,800,1.6,30,3,0.2,0,0.4884,0,0
4,2,raw,12.8,0.751810529,147.4859631,0.206184382,-0.373491783,92.44471233,2,200,800,1.6,30,3,0.2,0,0.4884,0,0
4,2,raw,13,0.794123632,147.4092949,0.217195121,-0.393656568,92.39665647,2,200,800,1.6,30,3,0.2,0,0.4884,0,0
4,2,raw,13.2,0.838688577,147.3285004,0.228709967,-0.414769136,92.34601421,2,200,800,1.6,30,3,0.2,0,0.4884,0,0
4,2,raw,13.4,0.885607619,147.2433872,0.240743262,-0.436857881,92.29266498,2,200,800,1.6,30,3,0.2,0,0.4884,0,0
4,2,raw,13.6,0.934985882,147.1537573,0.253309346,-0.459951196,92.2364846,2,200,800,1.6,30,3,0.2,0,0.4884,0,0
4,2,raw,13.8,0.986931357,147.0594068,0.266422558,-0.484077472,92.17734538,2,200,800,1.6,30,3,0.2,0,0.4884,0,0
4,2,raw,14,1.041554905,146.9601263,0.28007684,-0.509233975,92.11511603,2,200,800,1.6,30,3,0.2,0,0.4884,0,0
4,2,raw,14.2,1.098962093,146.8557132,0.293985437,-0.53499405,92.04966953,2,200,800,1.6,30,3,0.2,0,0.4884,0,0
4,2,raw,14.4,1.15914908,146.7461287,0.308220149,-0.561489475,91.98098158,2,200,800,1.6,30,3,0.2,0,0.4884,0,0
4,2,raw,14.6,1.222250153,146.6311174,0.323254545,-0.589464461,91.90889211,2,200,800,1.6,30,3,0.2,0,0.4884,0,0
4,2,raw,14.8,1.288450898,146.5103429,0.339198701,-0.61909976,91.83319023,2,200,800,1.6,30,3,0.2,0,0.4884,0,0
4,2,raw,15,1.357929633,146.3834775,0.35601629,-0.650351472,91.75367056,2,200,800,1.6,30,3,0.2,0,0.4884,0,0
4,2,raw,15.2,1.430857414,146.2502023,0.373670982,-0.683175691,91.67013321,2,200,800,1.6,30,3,0.2,0,0.4884,0,0
4,2,raw,15.4,1.507398026,146.1102072,0.392126448,-0.717528515,91.5823838,2,200,800,1.6,30,3,0.2,0,0.4884,0,0
4,2,raw,15.6,1.587707993,145.9631909,0.41134636,-0.753366041,91.49023347,2,200,800,1.6,30,3,0.2,0,0.4884,0,0
4,2,raw,15.8,1.67193657,145.8088608,0.431294389,-0.790644364,91.39349883,2,200,800,1.6,30,3,0.2,0,0.4884,0,0
4,2,raw,16,1.760225749,145.6469331,0.451934207,-0.829319583,91.29200202,2,200,800,1.6,30,3,0.2,0,0.4884,0,0
4,2,raw,16.2,1.852710253,145.477133,0.473229484,-0.869347793,91.18557067,2,200,800,1.6,30,3,0.2,0,0.4884,0,0
4,2,raw,16.4,1.949517542,145.299194,0.495143892,-0.910685092,91.07403793,2,200,800,1.6,30,3,0.2,0,0.4884,0,0
4,2,raw,16.6,2.05076781,145.1128589,0.517641103,-0.953287576,90.95724244,2,200,800,1.6,30,3,0.2,0,0.4884,0,0
4,2,raw,16.8,2.156573983,144.917879,0.540684786,-0.997111342,90.83502835,2,200,800,1.6,30,3,0.2,0,0.4884,0,0
4,2,raw,17,2.267041724,144.7140144,0.564238614,-1.042112486,90.70724531,2,200,800,1.6,30,3,0.2,0,0.4884,0,0
4,2,raw,17.2,2.382269429,144.501034,0.588266258,-1.088247105,90.57374847,2,200,800,1.6,30,3,0.2,0,0.4884,0,0
4,2,raw,17.4,2.502348228,144.2787155,0.612731389,-1.135471297,90.43439849,2,200,800,1.6,30,3,0.2,0,0.4884,0,0
4,2,raw,17.6,2.627361985,144.0468455,0.637597679,-1.183741157,90.28906153,2,200,800,1.6,30,3,0.2,0,0.4884,0,0
4,2,raw,17.8,2.757387299,143.8052191,0.662828798,-1.233012782,90.13760926,2,200,800,1.6,30,3,0.2,0,0.4884,0,0
4,2,raw,18,2.892493504,143.5536404,0.688388418,-1.28324227,89.97991886,2,200,800,1.6,30,3,0.2,0,0.4884,0,0
4,2,raw,18.2,3.032742667,143.2919222,0.714240211,-1.334385717,89.81587298,2,200,800,1.6,30,3,0.2,0,0.4884,0,0
4,2,raw,18.4,3.178189588,143.0198861,0.740347846,-1.386399219,89.64535982,2,200,800,1.6,30,3,0.2,0,0.4884,0,0
4,2,raw,18.6,3.328881805,142.7373625,0.766674996,-1.439238874,89.46827305,2,200,800,1.6,30,3,0.2,0,0.4884,0,0
4,2,raw,18.8,3.484859587,142.4441905,0.793185333,-1.492860777,89.28451186,2,200,800,1.6,30,3,0.2,0,0.4884,0,0
4,2,raw,19,3.646155938,142.1402182,0.819842526,-1.547221027,89.09398093,2,200,800,1.6,30,3,0.2,0,0.4884,0,0
4,2,raw,19.2,3.812796597,141.8253021,0.846610248,-1.602275718,88.89659046,2,200,800,1.6,30,3,0.2,0,0.4884,0,0
4,2,raw,19.4,3.984800037,141.4993079,0.873482583,-1.658003596,88.69225614,2,200,800,1.6,30,3,0.2,0,0.4884,0,0
4,2,raw,19.6,4.162189631,141.1621007,0.900651474,-1.714481815,88.4808935,2,200,800,1.6,30,3,0.2,0,0.4884,0,0
4,2,raw,19.8,4.345060627,140.8135152,0.927858252,-1.771343307,88.26239889,2,200,800,1.6,30,3,0.2,0,0.4884,0,0
4,2,raw,20,4.533332932,140.4535634,0.954533716,-1.828003469,88.03677985,2,200,800,1.6,30,3,0.2,0,0.4884,0,0
4,2,raw,20.2,4.726874113,140.0823138,0.980520835,-1.88426742,87.80407933,2,200,800,1.6,30,3,0.2,0,0.4884,0,0
4,2,raw,20.4,4.925541266,139.6998564,1.005767233,-1.940027547,87.56435372,2,200,800,1.6,30,3,0.2,0,0.4884,0,0
4,2,raw,20.6,5.129181007,139.3063028,1.030220535,-1.995176237,87.31767293,2,200,800,1.6,30,3,0.2,0,0.4884,0,0
4,2,raw,20.8,5.337629479,138.9017859,1.053828362,-2.049605878,87.06412037,2,200,800,1.6,30,3,0.2,0,0.4884,0,0
4,2,raw,21,5.550712351,138.4864604,1.076538339,-2.103208858,86.80379291,2,200,800,1.6,30,3,0.2,0,0.4884,0,0
4,2,raw,21.2,5.768244815,138.0605024,1.098298089,-2.155877564,86.53680093,2,200,800,1.6,30,3,0.2,0,0.4884,0,0
4,2,raw,21.4,5.990031587,137.6241094,1.119055236,-2.207504384,86.2632683,2,200,800,1.6,30,3,0.2,0,0.4884,0,0
4,2,raw,21.6,6.215866909,137.1775006,1.138757402,-2.257981705,85.98333237,2,200,800,1.6,30,3,0.2,0,0.4884,0,0
4,2,raw,21.8,6.445534548,136.7209167,1.157352211,-2.307201914,85.697144,2,200,800,1.6,30,3,0.2,0,0.4884,0,0
4,2,raw,22,6.678807794,136.2546198,1.174787286,-2.3550574,85.40486751,2,200,800,1.6,30,3,0.2,0,0.4884,0,0
4,2,raw,22.2,6.915449462,135.7788937,1.191010251,-2.401440549,85.10668075,2,200,800,1.6,30,3,0.2,0,0.4884,0,0
4,2,raw,22.4,7.155211894,135.2940436,1.205968729,-2.44624375,84.80277501,2,200,800,1.6,30,3,0.2,0,0.4884,0,0
4,2,raw,22.6,7.397836954,134.8003962,1.219610343,-2.489359389,84.49335512,2,200,800,1.6,30,3,0.2,0,0.4884,0,0
4,2,raw,22.8,7.643056031,134.2982999,1.231882718,-2.530679855,84.17863938,2,200,800,1.6,30,3,0.2,0,0.4884,0,0
4,2,raw,23,7.890590041,133.7881243,1.242733475,-2.570097534,83.85885957,2,200,800,1.6,30,3,0.2,0,0.4884,0,0
4,2,raw,23.2,8.140149421,133.2702608,1.252110239,-2.607504814,83.53426097,2,200,800,1.6,30,3,0.2,0,0.4884,0,0
4,2,raw,23.4,8.391434136,132.7451224,1.259960633,-2.642794083,83.20510235,2,200,800,1.6,30,3,0.2,0,0.4884,0,0
4,2,raw,23.6,8.644133674,132.2131432,1.26623228,-2.675857729,82.87165597,2,200,800,1.6,30,3,0.2,0,0.4884,0,0
4,2,raw,23.8,8.897927048,131.6747793,1.270872803,-2.706588138,82.53420759,2,200,800,1.6,30,3,0.2,0,0.4884,0,0
4,2,raw,24,9.152482796,131.130508,1.273829827,-2.734877699,82.19305645,2,200,800,1.6,30,3,0.2,0,0.4884,0,0
4,2,raw,24.2,9.407458979,130.5808282,1.275050974,-2.760618798,81.84851527,2,200,800,1.6,30,3,0.2,0,0.4884,0,0
4,2,raw,24.4,9.662503185,130.0262604,1.274483867,-2.783703824,81.50091028,2,200,800,1.6,30,3,0.2,0,0.4884,0,0
4,2,raw,24.6,9.917252526,129.4673467,1.272076131,-2.804025163,81.15058119,2,200,800,1.6,30,3,0.2,0,0.4884,0,0
4,2,raw,24.8,10.17133364,128.9046504,1.267775387,-2.821475204,80.7978812,2,200,800,1.6,30,3,0.2,0,0.4884,0,0
4,2,raw,25,10.42436268,128.3387566,1.261529261,-2.835946334,80.44317702,2,200,800,1.6,30,3,0.2,0,0.4884,0,0
4,2,raw,25.2,10.67594534,127.7702718,1.253285375,-2.84733094,80.08684881,2,200,800,1.6,30,3,0.2,0,0.4884,0,0
4,2,raw,25.4,10.92567683,127.1998242,1.242991352,-2.85552141,79.72929026,2,200,800,1.6,30,3,0.2,0,0.4884,0,0
4,2,raw,25.6,11.17314188,126.6280633,1.230594816,-2.860410132,79.37090853,2,200,800,1.6,30,3,0.2,0,0.4884,0,0
4,2,raw,25.8,11.41791476,126.0556602,1.21604339,-2.861889492,79.01212427,2,200,800,1.6,30,3,0.2,0,0.4884,0,0
4,2,raw,26,11.65955924,125.4833075,1.199892577,-2.860817155,78.65337163,2,200,800,1.6,30,3,0.2,0,0.4884,0,0
4,2,raw,26.2,11.89787179,124.9113333,1.183380083,-2.859041565,78.29485623,2,200,800,1.6,30,3,0.2,0,0.4884,0,0
4,2,raw,26.4,12.13291127,124.3396909,1.166656311,-2.856634429,77.93654877,2,200,800,1.6,30,3,0.2,0,0.4884,0,0
4,2,raw,26.6,12.36453431,123.7686795,1.149234164,-2.852757613,77.57863689,2,200,800,1.6,30,3,0.2,0,0.4884,0,0
4,2,raw,26.8,12.59260494,123.1985878,1.131154102,-2.847470999,77.22130143,2,200,800,1.6,30,3,0.2,0,0.4884,0,0
4,2,raw,27,12.81699595,122.6296911,1.112460027,-2.840840077,76.86471502,2,200,800,1.6,30,3,0.2,0,0.4884,0,0
4,2,raw,27.2,13.03758895,122.0622518,1.09319584,-2.83293034,76.50904207,2,200,800,1.6,30,3,0.2,0,0.4884,0,0
4,2,raw,27.4,13.25427429,121.496519,1.07340544,-2.823807282,76.1544388,2,200,800,1.6,30,3,0.2,0,0.4884,0,0
4,2,raw,27.6,13.46695112,120.9327289,1.05313273,-2.813536394,75.8010532,2,200,800,1.6,30,3,0.2,0,0.4884,0,0
4,2,raw,27.8,13.67552738,120.3711044,1.032421609,-2.80218317,75.44902506,2,200,800,1.6,30,3,0.2,0,0.4884,0,0
4,2,raw,28,13.87991977,119.8118556,1.011315979,-2.789813101,75.09848595,2,200,800,1.6,30,3,0.2,0,0.4884,0,0
4,2,raw,28.2,14.08005377,119.2551792,0.98985974,-2.77649168,74.74955925,2,200,800,1.6,30,3,0.2,0,0.4884,0,0
4,2,raw,28.4,14.27586366,118.7012589,0.968096794,-2.762284401,74.40236011,2,200,800,1.6,30,3,0.2,0,0.4884,0,0
4,2,raw,28.6,14.46729249,118.1502654,0.946071042,-2.747256754,74.05699548,2,200,800,1.6,30,3,0.2,0,0.4884,0,0
4,2,raw,28.8,14.65429208,117.6023562,0.923826383,-2.731474234,73.71356409,2,200,800,1.6,30,3,0.2,0,0.4884,0,0
4,2,raw,29,14.83682304,117.0576757,0.901406719,-2.715002332,73.37215648,2,200,800,1.6,30,3,0.2,0,0.4884,0,0
4,2,raw,29.2,15.01485477,116.5163553,0.878855951,-2.697906542,73.03285495,2,200,800,1.6,30,3,0.2,0,0.4884,0,0
4,2,raw,29.4,15.18836542,115.9785131,0.85621798,-2.680252355,72.69573361,2,200,800,1.6,30,3,0.2,0,0.4884,0,0
4,2,raw,29.6,15.35734196,115.4442543,0.833536706,-2.662105264,72.36085837,2,200,800,1.6,30,3,0.2,0,0.4884,0,0
4,2,raw,29.8,15.52178011,114.913671,0.810856031,-2.643530763,72.02828689,2,200,800,1.6,30,3,0.2,0,0.4884,0,0
4,2,raw,30,15.68168437,114.386842,0.788219855,-2.624594342,71.69806867,2,200,800,1.6,30,3,0.2,0,0.4884,0,0
4,2,raw,30.2,15.83706805,113.8638333,0.765672079,-2.605361496,71.37024497,2,200,800,1.6,30,3,0.2,0,0.4884,0,0
4,2,raw,30.4,15.9879532,113.3446974,0.743256603,-2.585897716,71.04484883,2,200,800,1.6,30,3,0.2,0,0.4884,0,0
4,2,raw,30.6,16.13437069,112.8294742,0.72101733,-2.566268495,70.72190511,2,200,800,1.6,30,3,0.2,0,0.4884,0,0
4,2,raw,30.8,16.27636014,112.31819,0.698998159,-2.546539326,70.40143044,2,200,800,1.6,30,3,0.2,0,0.4884,0,0
4,2,raw,31,16.41396995,111.8108585,0.677242992,-2.5267757,70.08343324,2,200,800,1.6,30,3,0.2,0,0.4884,0,0
4,2,raw,31.2,16.54725733,111.3074798,0.655795729,-2.507043112,69.76791373,2,200,800,1.6,30,3,0.2,0,0.4884,0,0
4,2,raw,31.4,16.67628825,110.8080412,0.634700271,-2.487407053,69.45486392,2,200,800,1.6,30,3,0.2,0,0.4884,0,0
4,2,raw,31.6,16.80113744,110.3125169,0.614000519,-2.467933016,69.14426759,2,200,800,1.6,30,3,0.2,0,0.4884,0,0
4,2,raw,31.8,16.92188845,109.820868,0.593740374,-2.448686493,68.83610034,2,200,800,1.6,30,3,0.2,0,0.4884,0,0
4,2,raw,32,17.03863359,109.3330423,0.573963737,-2.429732978,68.53032952,2,200,800,1.6,30,3,0.2,0,0.4884,0,0
4,2,raw,32.2,17.15147395,108.8489748,0.554714508,-2.411137962,68.22691432,2,200,800,1.6,30,3,0.2,0,0.4884,0,0
4,2,raw,32.4,17.26051939,108.3685872,0.536036589,-2.392966938,67.92580567,2,200,800,1.6,30,3,0.2,0,0.4884,0,0
4,2,raw,32.6,17.36588858,107.891788,0.51797388,-2.375285399,67.62694633,2,200,800,1.6,30,3,0.2,0,0.4884,0,0
4,2,raw,32.8,17.46770895,107.418473,0.500570282,-2.358158837,67.33027083,2,200,800,1.6,30,3,0.2,0,0.4884,0,0
4,2,raw,33,17.5661167,106.9485245,0.483869696,-2.341652745,67.03570548,2,200,800,1.6,30,3,0.2,0,0.4884,0,0
4,2,raw,33.2,17.66125682,106.4818119,0.467916023,-2.325832615,66.74316841,2,200,800,1.6,30,3,0.2,0,0.4884,0,0
4,2,raw,33.4,17.75328311,106.0181915,0.452620385,-2.310535693,66.45256951,2,200,800,1.6,30,3,0.2,0,0.4884,0,0
4,2,raw,33.6,17.84230498,105.5575976,0.437573371,-2.295130761,66.1638677,2,200,800,1.6,30,3,0.2,0,0.4884,0,0
4,2,raw,33.8,17.92831245,105.1001392,0.422701129,-2.279647643,65.87713115,2,200,800,1.6,30,3,0.2,0,0.4884,0,0
4,2,raw,34,18.01138543,104.6457386,0.408239648,-2.264574408,65.59231129,2,200,800,1.6,30,3,0.2,0,0.4884,0,0
4,2,raw,34.2,18.09160831,104.1943094,0.394196352,-2.249928244,65.30935391,2,200,800,1.6,30,3,0.2,0,0.4884,0,0
4,2,raw,34.4,18.16906397,103.7457673,0.380563567,-2.235698479,65.02820616,2,200,800,1.6,30,3,0.2,0,0.4884,0,0
4,2,raw,34.6,18.24383374,103.30003,0.367333623,-2.221874437,64.74881649,2,200,800,1.6,30,3,0.2,0,0.4884,0,0
4,2,raw,34.8,18.31599742,102.8570175,0.354498845,-2.208445445,64.47113472,2,200,800,1.6,30,3,0.2,0,0.4884,0,0
4,2,raw,35,18.38563328,102.4166518,0.342051563,-2.19540083,64.19511199,2,200,800,1.6,30,3,0.2,0,0.4884,0,0
4,2,raw,35.2,18.45281805,101.9788572,0.329984103,-2.182729916,63.92070079,2,200,800,1.6,30,3,0.2,0,0.4884,0,0
4,2,raw,35.4,18.51762692,101.5435599,0.318288793,-2.170422031,63.64785493,2,200,800,1.6,30,3,0.2,0,0.4884,0,0
4,2,raw,35.6,18.58013356,101.1106884,0.306957962,-2.158466501,63.37652957,2,200,800,1.6,30,3,0.2,0,0.4884,0,0
4,2,raw,35.8,18.6404101,100.6801733,0.295983936,-2.14685265,63.10668122,2,200,800,1.6,30,3,0.2,0,0.4884,0,0
4,2,raw,36,18.69852714,100.2519473,0.285359043,-2.135569806,62.8382677,2,200,800,1.6,30,3,0.2,0,0.4884,0,0
4,2,raw,36.2,18.75455372,99.82594533,0.275075612,-2.124607294,62.5712482,2,200,800,1.6,30,3,0.2,0,0.4884,0,0
4,2,raw,36.4,18.80855738,99.40210437,0.265125969,-2.113954441,62.30558322,2,200,800,1.6,30,3,0.2,0,0.4884,0,0
4,2,raw,36.6,18.86060411,98.98036355,0.255502442,-2.103600573,62.04123461,2,200,800,1.6,30,3,0.2,0,0.4884,0,0
4,2,raw,36.8,18.91075836,98.56066414,0.24619736,-2.093535015,61.77816557,2,200,800,1.6,30,3,0.2,0,0.4884,0,0
4,2,raw,37,18.95908305,98.14294955,0.237203049,-2.083747094,61.51634061,2,200,800,1.6,30,3,0.2,0,0.4884,0,0
4,2,raw,37.2,19.00563958,97.72716531,0.228511838,-2.074226135,61.25572561,2,200,800,1.6,30,3,0.2,0,0.4884,0,0
4,2,raw,37.4,19.05048779,97.31325909,0.220116053,-2.064961466,60.99628776,2,200,800,1.6,30,3,0.2,0,0.4884,0,0
4,2,raw,37.6,19.093686,96.90118072,0.212008023,-2.055942411,60.73799561,2,200,800,1.6,30,3,0.2,0,0.4884,0,0
4,2,raw,37.8,19.135291,96.49088213,0.204180076,-2.047158297,60.48081903,2,200,800,1.6,30,3,0.2,0,0.4884,0,0
4,2,raw,38,19.17535803,96.0823174,0.196624538,-2.03859845,60.22472925,2,200,800,1.6,30,3,0.2,0,0.4884,0,0
4,2,raw,38.2,19.21394081,95.67544275,0.189333739,-2.030252196,59.96969881,2,200,800,1.6,30,3,0.2,0,0.4884,0,0
4,2,raw,38.4,19.25109153,95.27021652,0.182300004,-2.022108861,59.7157016,2,200,800,1.6,30,3,0.2,0,0.4884,0,0
4,2,raw,38.6,19.28686081,94.86659921,0.175515663,-2.014157772,59.46271287,2,200,800,1.6,30,3,0.2,0,0.4884,0,0
4,2,raw,38.8,19.32129779,94.46455341,0.168973043,-2.006388253,59.21070918,2,200,800,1.6,30,3,0.2,0,0.4884,0,0
4,2,raw,39,19.35445003,94.0640439,0.16266447,-1.998789632,58.95966843,2,200,800,1.6,30,3,0.2,0,0.4884,0,0
4,2,raw,39.2,19.38636358,93.66503756,0.156582274,-1.991351234,58.70956987,2,200,800,1.6,30,3,0.2,0,0.4884,0,0
4,2,raw,39.4,19.41708294,93.26750341,0.150718782,-1.984062386,58.46039409,2,200,800,1.6,30,3,0.2,0,0.4884,0,0
4,2,raw,39.6,19.44665109,92.87141261,0.14506632,-1.976912413,58.212123,2,200,800,1.6,30,3,0.2,0,0.4884,0,0
4,2,raw,39.8,19.47510947,92.47673845,0.139617218,-1.969890641,57.96473987,2,200,800,1.6,30,3,0.2,0,0.4884,0,0
4,2,raw,40,19.50249798,92.08345635,0.134363803,-1.962986397,57.71822929,2,200,800,1.6,30,3,0.2,0,0.4884,0,0
4,2,raw,40.2,19.52885499,91.69154389,0.129298402,-1.956189007,57.4725772,2,200,800,1.6,30,3,0.2,0,0.4884,0,0
4,2,raw,40.4,19.55421734,91.30098075,0.124413343,-1.949487796,57.22777088,2,200,800,1.6,30,3,0.2,0,0.4884,0,0
4,2,raw,40.6,19.57862033,90.91174877,0.119718765,-1.942918366,56.98379892,2,200,800,1.6,30,3,0.2,0,0.4884,0,0
4,2,raw,40.8,19.60210485,90.5238134,0.11534572,-1.936855538,56.74063969,2,200,800,1.6,30,3,0.2,0,0.4884,0,0
4,2,raw,41,19.62475862,90.13700655,0.111286932,-1.931357864,56.49818782,2,200,800,1.6,30,3,0.2,0,0.4884,0,0
4,2,raw,41.2,19.64661962,89.75127026,0.107384536,-1.926068613,56.25640697,2,200,800,1.6,30,3,0.2,0,0.4884,0,0
4,2,raw,41.4,19.66771243,89.36657911,0.10360387,-1.92090502,56.01528123,2,200,800,1.6,30,3,0.2,0,0.4884,0,0
4,2,raw,41.6,19.68806117,88.98290825,0.099942647,-1.915864351,55.77479501,2,200,800,1.6,30,3,0.2,0,0.4884,0,0
4,2,raw,41.8,19.70768949,88.60023337,0.096398581,-1.910943875,55.53493307,2,200,800,1.6,30,3,0.2,0,0.4884,0,0
4,2,raw,42,19.7266206,88.2185307,0.092969388,-1.906140858,55.29568051,2,200,800,1.6,30,3,0.2,0,0.4884,0,0
4,2,raw,42.2,19.74487724,87.83777702,0.08965278,-1.901452569,55.05702279,2,200,800,1.6,30,3,0.2,0,0.4884,0,0
4,2,raw,42.4,19.76248171,87.45794967,0.086446473,-1.896876274,54.81894569,2,200,800,1.6,30,3,0.2,0,0.4884,0,0
4,2,raw,42.6,19.77945583,87.07902651,0.08334818,-1.892409241,54.58143534,2,200,800,1.6,30,3,0.2,0,0.4884,0,0
4,2,raw,42.8,19.79582098,86.70098598,0.080355616,-1.888048738,54.34447822,2,200,800,1.6,30,3,0.2,0,0.4884,0,0
4,2,raw,43,19.81159808,86.32380702,0.077466494,-1.883792032,54.10806115,2,200,800,1.6,30,3,0.2,0,0.4884,0,0
4,2,raw,43.2,19.82680758,85.94746916,0.074678529,-1.87963639,53.87217128,2,200,800,1.6,30,3,0.2,0,0.4884,0,0
4,2,raw,43.4,19.84146949,85.57195246,0.071989435,-1.87557908,53.63679611,2,200,800,1.6,30,3,0.2,0,0.4884,0,0
4,2,raw,43.6,19.85560335,85.19723753,0.069396926,-1.87161737,53.40192349,2,200,800,1.6,30,3,0.2,0,0.4884,0,0
4,2,raw,43.8,19.86922826,84.82330552,0.066898716,-1.867748526,53.16754161,2,200,800,1.6,30,3,0.2,0,0.4884,0,0
4,2,raw,44,19.88236284,84.45013812,0.064492519,-1.863969816,52.93363899,2,200,800,1.6,30,3,0.2,0,0.4884,0,0
4,2,raw,44.2,19.89502527,84.07771759,0.062176051,-1.860278509,52.70020452,2,200,800,1.6,30,3,0.2,0,0.4884,0,0
4,2,raw,44.4,19.90723326,83.70602672,0.059947023,-1.85667187,52.46722739,2,200,800,1.6,30,3,0.2,0,0.4884,0,0
4,2,raw,44.6,19.91900408,83.33504884,0.057803152,-1.853147168,52.23469717,2,200,800,1.6,30,3,0.2,0,0.4884,0,0
4,2,raw,44.8,19.93035452,82.96476785,0.05574215,-1.84970167,52.00260377,2,200,800,1.6,30,3,0.2,0,0.4884,0,0
4,2,raw,45,19.94130094,82.59516817,0.053761733,-1.846332643,51.77093741,2,200,800,1.6,30,3,0.2,0,0.4884,0,0
4,2,raw,45.2,19.95185922,82.22623479,0.051859614,-1.843037356,51.53968869,2,200,800,1.6,30,3,0.2,0,0.4884,0,0
4,2,raw,45.4,19.96204478,81.85795323,0.050033507,-1.839813074,51.30884853,2,200,800,1.6,30,3,0.2,0,0.4884,0,0
4,2,raw,45.6,19.97187262,81.49030956,0.048281127,-1.836657067,51.07840821,2,200,800,1.6,30,3,0.2,0,0.4884,0,0
4,2,raw,45.8,19.98135724,81.1232904,0.046600188,-1.833566601,50.84835933,2,200,800,1.6,30,3,0.2,0,0.4884,0,0
4,2,raw,46,19.99051269,80.75688292,0.044988403,-1.830538943,50.61869385,2,200,800,1.6,30,3,0.2,0,0.4884,0,0
4,2,raw,46.2,19.9993526,80.39107483,0.043443488,-1.827571362,50.38940407,2,200,800,1.6,30,3,0.2,0,0.4884,0,0
4,2,raw,46.4,20.00789009,80.02585438,0.041963156,-1.824661124,50.16048263,2,200,800,1.6,30,3,0.2,0,0.4884,0,0
4,2,raw,46.6,20.01613786,79.66121038,0.040545121,-1.821805498,49.9319225,2,200,800,1.6,30,3,0.2,0,0.4884,0,0
4,2,raw,46.8,20.02410814,79.29713218,0.039187097,-1.81900175,49.70371703,2,200,800,1.6,30,3,0.2,0,0.4884,0,0
4,2,raw,47,20.0318127,78.93360968,0.037886799,-1.816247148,49.47585987,2,200,800,1.6,30,3,0.2,0,0.4884,0,0
4,2,raw,47.2,20.03926286,78.57063332,0.036641941,-1.813538959,49.24834503,2,200,800,1.6,30,3,0.2,0,0.4884,0,0
4,2,raw,47.4,20.04646947,78.20819409,0.035450237,-1.810874451,49.02116687,2,200,800,1.6,30,3,0.2,0,0.4884,0,0
4,2,raw,47.6,20.05344295,77.84628354,0.034309401,-1.808250892,48.79432008,2,200,800,1.6,30,3,0.2,0,0.4884,0,0
4,2,raw,47.8,20.06019323,77.48489374,0.033217326,-1.805665827,48.5677997,2,200,800,1.6,30,3,0.2,0,0.4884,0,0
4,2,raw,48,20.06672988,77.12401721,0.032183492,-1.803137811,48.34160104,2,200,800,1.6,30,3,0.2,0,0.4884,0,0
4,2,raw,48.2,20.07306663,76.76363861,0.031205797,-1.800676161,48.11571449,2,200,800,1.6,30,3,0.2,0,0.4884,0,0
4,2,raw,48.4,20.0792122,76.40374674,0.030261496,-1.798256376,47.89013302,2,200,800,1.6,30,3,0.2,0,0.4884,0,0
4,2,raw,48.6,20.08517123,76.04433606,0.029340242,-1.795864045,47.66485316,2,200,800,1.6,30,3,0.2,0,0.4884,0,0
4,2,raw,48.8,20.0909483,75.68540113,0.028441735,-1.793498703,47.4398715,2,200,800,1.6,30,3,0.2,0,0.4884,0,0
4,2,raw,49,20.09654792,75.32693658,0.027565674,-1.791159881,47.21518468,2,200,800,1.6,30,3,0.2,0,0.4884,0,0
4,2,raw,49.2,20.10197457,74.96893717,0.026711759,-1.788847113,46.99078941,2,200,800,1.6,30,3,0.2,0,0.4884,0,0
4,2,raw,49.4,20.10723263,74.61139774,0.025879689,-1.786559932,46.76668245,2,200,800,1.6,30,3,0.2,0,0.4884,0,0
4,2,raw,49.6,20.11232644,74.2543132,0.025069164,-1.78429787,46.54286063,2,200,800,1.6,30,3,0.2,0,0.4884,0,0
4,2,raw,49.8,20.11726029,73.89767859,0.024279884,-1.782060461,46.31932082,2,200,800,1.6,30,3,0.2,0,0.4884,0,0
4,2,raw,50,20.1220384,73.54148902,0.023511547,-1.779847238,46.09605996,2,200,800,1.6,30,3,0.2,0,0.4884,0,0
4,2,raw,50.2,20.12666491,73.18573969,0.022763855,-1.777657733,45.87307506,2,200,800,1.6,30,3,0.2,0,0.4884,0,0
4,2,raw,50.4,20.13114394,72.83042592,0.022036505,-1.77549148,45.65036315,2,200,800,1.6,30,3,0.2,0,0.4884,0,0
4,2,raw,50.6,20.13547951,72.4755431,0.021329198,-1.773348011,45.42792137,2,200,800,1.6,30,3,0.2,0,0.4884,0,0
4,2,raw,50.8,20.13967562,72.12108672,0.020641634,-1.771226859,45.20574688,2,200,800,1.6,30,3,0.2,0,0.4884,0,0
4,2,raw,51,20.14373617,71.76705236,0.019973512,-1.769127558,44.98383692,2,200,800,1.6,30,3,0.2,0,0.4884,0,0
4,2,raw,51.2,20.14766502,71.4134357,0.019324531,-1.767049639,44.76218877,2,200,800,1.6,30,3,0.2,0,0.4884,0,0
4,2,raw,51.4,20.15146598,71.0602325,0.018694391,-1.764992637,44.54079979,2,200,800,1.6,30,3,0.2,0,0.4884,0,0
4,2,raw,51.6,20.15514278,70.70743864,0.018082792,-1.762956085,44.31966737,2,200,800,1.6,30,3,0.2,0,0.4884,0,0
4,2,raw,51.8,20.1586991,70.35505007,0.017489433,-1.760939514,44.098789,2,200,800,1.6,30,3,0.2,0,0.4884,0,0
4,2,raw,52,20.16213855,70.00306283,0.016914014,-1.758942458,43.87816218,2,200,800,1.6,30,3,0.2,0,0.4884,0,0
4,2,raw,52.2,20.1654647,69.65147308,0.016356234,-1.756964451,43.65778451,2,200,800,1.6,30,3,0.2,0,0.4884,0,0
4,2,raw,52.4,20.16868105,69.30027705,0.015815793,-1.755005024,43.43765362,2,200,800,1.6,30,3,0.2,0,0.4884,0,0
4,2,raw,52.6,20.17179102,68.94947107,0.015292391,-1.753063711,43.21776722,2,200,800,1.6,30,3,0.2,0,0.4884,0,0
4,2,raw,52.8,20.174798,68.59905157,0.014785726,-1.751140045,42.99812306,2,200,800,1.6,30,3,0.2,0,0.4884,0,0
4,2,raw,53,20.17770531,68.24901506,0.0142955,-1.749233559,42.77871896,2,200,800,1.6,30,3,0.2,0,0.4884,0,0
4,2,raw,53.2,20.1805162,67.89935815,0.013821411,-1.747343785,42.5595528,2,200,800,1.6,30,3,0.2,0,0.4884,0,0
4,2,raw,53.4,20.18323387,67.55007754,0.013363158,-1.745470258,42.34062251,2,200,800,1.6,30,3,0.2,0,0.4884,0,0
4,2,raw,53.6,20.18586146,67.20117004,0.012920442,-1.743612508,42.12192608,2,200,800,1.6,30,3,0.2,0,0.4884,0,0
4,2,raw,53.8,20.18840205,66.85263254,0.012492962,-1.741770071,41.90346156,2,200,800,1.6,30,3,0.2,0,0.4884,0,0
4,2,raw,54,20.19085865,66.50446201,0.012080417,-1.739942478,41.68522707,2,200,800,1.6,30,3,0.2,0,0.4884,0,0
4,2,raw,54.2,20.19323422,66.15665555,0.011682508,-1.738129262,41.46722077,2,200,800,1.6,30,3,0.2,0,0.4884,0,0
4,2,raw,54.4,20.19553165,65.80921031,0.011298933,-1.736329957,41.2494409,2,200,800,1.6,30,3,0.2,0,0.4884,0,0
4,2,raw,54.6,20.19775379,65.46212357,0.010929393,-1.734544096,41.03188572,2,200,800,1.6,30,3,0.2,0,0.4884,0,0
4,2,raw,54.8,20.19990341,65.11539267,0.010573586,-1.73277121,40.8145536,2,200,800,1.6,30,3,0.2,0,0.4884,0,0
4,2,raw,55,20.20198323,64.76901508,0.010231213,-1.731010834,40.59744293,2,200,800,1.6,30,3,0.2,0,0.4884,0,0
4,2,raw,55.2,20.20399589,64.42298834,0.009901972,-1.7292625,40.38055216,2,200,800,1.6,30,3,0.2,0,0.4884,0,0
4,2,raw,55.4,20.20594401,64.07731008,0.009585564,-1.727525742,40.16387984,2,200,800,1.6,30,3,0.2,0,0.4884,0,0
4,2,raw,55.6,20.20783012,63.73197804,0.009281689,-1.725800091,39.94742452,2,200,800,1.6,30,3,0.2,0,0.4884,0,0
4,2,raw,55.8,20.20965669,63.38699004,0.008990045,-1.724085082,39.73118485,2,200,800,1.6,30,3,0.2,0,0.4884,0,0
4,2,raw,56,20.21142614,63.04234401,0.008710332,-1.722380247,39.51515952,2,200,800,1.6,30,3,0.2,0,0.4884,0,0
4,2,raw,56.2,20.21314082,62.69803795,0.00844225,-1.720685118,39.29934729,2,200,800,1.6,30,3,0.2,0,0.4884,0,0
4,2,raw,56.4,20.21480304,62.35406996,0.008185499,-1.71899923,39.08374696,2,200,800,1.6,30,3,0.2,0,0.4884,0,0
4,2,raw,56.6,20.21641502,62.01043825,0.007939777,-1.717322114,38.86835742,2,200,800,1.6,30,3,0.2,0,0.4884,0,0
4,2,raw,56.8,20.21797895,61.66714112,0.007704786,-1.715653304,38.65317758,2,200,800,1.6,30,3,0.2,0,0.4884,0,0
4,2,raw,57,20.21949694,61.32417693,0.007480223,-1.713992333,38.43820645,2,200,800,1.6,30,3,0.2,0,0.4884,0,0
4,2,raw,57.2,20.22097104,60.98154418,0.007265789,-1.712338734,38.22344305,2,200,800,1.6,30,3,0.2,0,0.4884,0,0
4,2,raw,57.4,20.22240325,60.63924144,0.007061183,-1.710692039,38.00888651,2,200,800,1.6,30,3,0.2,0,0.4884,0,0
4,2,raw,57.6,20.22379551,60.29726737,0.006866105,-1.709051783,37.79453597,2,200,800,1.6,30,3,0.2,0,0.4884,0,0
4,2,raw,57.8,20.22514969,59.95562073,0.006680255,-1.707417496,37.58039068,2,200,800,1.6,30,3,0.2,0,0.4884,0,0
4,2,raw,58,20.22646761,59.61430037,0.006503331,-1.705788713,37.36644989,2,200,800,1.6,30,3,0.2,0,0.4884,0,0
4,2,raw,58.2,20.22775103,59.27330524,0.006335034,-1.704164967,37.15271297,2,200,800,1.6,30,3,0.2,0,0.4884,0,0
4,2,raw,58.4,20.22900163,58.93263438,0.006175064,-1.70254579,36.93917929,2,200,800,1.6,30,3,0.2,0,0.4884,0,0
4,2,raw,58.6,20.23022105,58.59228692,0.006023119,-1.700930715,36.72584833,2,200,800,1.6,30,3,0.2,0,0.4884,0,0
4,2,raw,58.8,20.23141087,58.2522621,0.005878899,-1.699319276,36.51271959,2,200,800,1.6,30,3,0.2,0,0.4884,0,0
4,2,raw,59,20.23257261,57.91255921,0.005742104,-1.697711005,36.29979265,2,200,800,1.6,30,3,0.2,0,0.4884,0,0
4,2,raw,59.2,20.23370772,57.57317769,0.005612434,-1.696105436,36.08706713,2,200,800,1.6,30,3,0.2,0,0.4884,0,0
4,2,raw,59.4,20.23481759,57.23411704,0.005489588,-1.6945021,35.87454274,2,200,800,1.6,30,3,0.2,0,0.4884,0,0
4,2,raw,59.6,20.23590355,56.89537685,0.005373265,-1.692900532,35.66221922,2,200,800,1.6,30,3,0.2,0,0.4884,0,0
4,2,raw,59.8,20.23696689,56.55695683,0.005255911,-1.691306676,35.45009638,2,200,800,1.6,30,3,0.2,0,0.4884,0,0
4,2,raw,60,20.23800592,56.21885418,0.005127891,-1.68972882,35.23817247,2,200,800,1.6,30,3,0.2,0,0.4884,0,0
4,2,raw,60.2,20.23901805,55.8810653,0.004994957,-1.688162165,35.02644523,2,200,800,1.6,30,3,0.2,0,0.4884,0,0
4,2,raw,60.4,20.2400039,55.54358932,0.004865081,-1.686599777,34.81491411,2,200,800,1.6,30,3,0.2,0,0.4884,0,0
4,2,raw,60.6,20.24096408,55.20642539,0.004738235,-1.685041596,34.60357859,2,200,800,1.6,30,3,0.2,0,0.4884,0,0
4,2,raw,60.8,20.24189919,54.86957268,0.004614376,-1.683487576,34.39243815,2,200,800,1.6,30,3,0.2,0,0.4884,0,0
4,2,raw,61,20.24280983,54.53303036,0.004493463,-1.681937672,34.18149226,2,200,800,1.6,30,3,0.2,0,0.4884,0,0
4,2,raw,61.2,20.24369658,54.19679761,0.004375455,-1.680391835,33.97074041,2,200,800,1.6,30,3,0.2,0,0.4884,0,0
4,2,raw,61.4,20.24456001,53.86087362,0.00426031,-1.678850021,33.76018209,2,200,800,1.6,30,3,0.2,0,0.4884,0,0
4,2,raw,61.6,20.2454007,53.5252576,0.004147986,-1.677312183,33.5498168,2,200,800,1.6,30,3,0.2,0,0.4884,0,0
4,2,raw,61.8,20.24621921,53.18994875,0.004038443,-1.675778273,33.33964405,2,200,800,1.6,30,3,0.2,0,0.4884,0,0
4,2,raw,62,20.24701608,52.85494629,0.003931637,-1.674248246,33.12966335,2,200,800,1.6,30,3,0.2,0,0.4884,0,0
4,2,raw,62.2,20.24779186,52.52024945,0.003827529,-1.672722054,32.91987422,2,200,800,1.6,30,3,0.2,0,0.4884,0,0
4,2,raw,62.4,20.24854709,52.18585747,0.003726076,-1.671199653,32.71027616,2,200,800,1.6,30,3,0.2,0,0.4884,0,0
4,2,raw,62.6,20.24928229,51.85176959,0.003627237,-1.669680994,32.50086872,2,200,800,1.6,30,3,0.2,0,0.4884,0,0
4,2,raw,62.8,20.24999799,51.51798507,0.00353097,-1.668166032,32.29165143,2,200,800,1.6,30,3,0.2,0,0.4884,0,0
4,2,raw,63,20.25069468,51.18450318,0.003437234,-1.666654719,32.08262383,2,200,800,1.6,30,3,0.2,0,0.4884,0,0
4,2,raw,63.2,20.25137288,50.85132318,0.003345987,-1.665147011,31.87378545,2,200,800,1.6,30,3,0.2,0,0.4884,0,0
4,2,raw,63.4,20.25203307,50.51844437,0.003257187,-1.663642859,31.66513586,2,200,800,1.6,30,3,0.2,0,0.4884,0,0
4,2,raw,63.6,20.25267575,50.18586604,0.003170793,-1.662142218,31.45667461,2,200,800,1.6,30,3,0.2,0,0.4884,0,0
4,2,raw,63.8,20.25330139,49.85358749,0.003086764,-1.660645041,31.24840126,2,200,800,1.6,30,3,0.2,0,0.4884,0,0
4,2,raw,64,20.25391046,49.52160802,0.003005058,-1.659151281,31.04031539,2,200,800,1.6,30,3,0.2,0,0.4884,0,0
4,2,raw,64.2,20.25450342,49.18992697,0.002925633,-1.657660893,30.83241656,2,200,800,1.6,30,3,0.2,0,0.4884,0,0
4,2,raw,64.4,20.25508071,48.85854367,0.002848448,-1.656173829,30.62470435,2,200,800,1.6,30,3,0.2,0,0.4884,0,0
4,2,raw,64.6,20.25564279,48.52745744,0.002773461,-1.654690043,30.41717836,2,200,800,1.6,30,3,0.2,0,0.4884,0,0
4,2,raw,64.8,20.2561901,48.19666765,0.002700631,-1.653209489,30.20983817,2,200,800,1.6,30,3,0.2,0,0.4884,0,0
4,2,raw,65,20.25672305,47.86617365,0.002629916,-1.65173212,30.00268339,2,200,800,1.6,30,3,0.2,0,0.4884,0,0
4,2,raw,65.2,20.25724206,47.5359748,0.002561275,-1.65025789,29.79571361,2,200,800,1.6,30,3,0.2,0,0.4884,0,0
4,2,raw,65.4,20.25774756,47.20607049,0.002494665,-1.648786752,29.58892844,2,200,800,1.6,30,3,0.2,0,0.4884,0,0
4,2,raw,65.6,20.25823993,46.8764601,0.002430046,-1.647318659,29.38232751,2,200,800,1.6,30,3,0.2,0,0.4884,0,0
4,2,raw,65.8,20.25871958,46.54714303,0.002367377,-1.645853565,29.17591043,2,200,800,1.6,30,3,0.2,0,0.4884,0,0
4,2,raw,66,20.25918688,46.21811868,0.002306614,-1.644391425,28.96967682,2,200,800,1.6,30,3,0.2,0,0.4884,0,0
4,2,raw,66.2,20.25964222,45.88938646,0.002247718,-1.64293219,28.76362633,2,200,800,1.6,30,3,0.2,0,0.4884,0,0
4,2,raw,66.4,20.26008597,45.5609458,0.002190645,-1.641475815,28.55775859,2,200,800,1.6,30,3,0.2,0,0.4884,0,0
4,2,raw,66.6,20.26051848,45.23279613,0.002135356,-1.640022253,28.35207324,2,200,800,1.6,30,3,0.2,0,0.4884,0,0
4,2,raw,66.8,20.26094011,44.9049369,0.002081807,-1.638571458,28.14656994,2,200,800,1.6,30,3,0.2,0,0.4884,0,0
4,2,raw,67,20.2613512,44.57736755,0.002029959,-1.637123383,27.94124834,2,200,800,1.6,30,3,0.2,0,0.4884,0,0
4,2,raw,67.2,20.26175209,44.25008754,0.001979768,-1.635677982,27.7361081,2,200,800,1.6,30,3,0.2,0,0.4884,0,0
4,2,raw,67.4,20.26214311,43.92309636,0.001931194,-1.634235208,27.53114889,2,200,800,1.6,30,3,0.2,0,0.4884,0,0
4,2,raw,67.6,20.26252457,43.59639346,0.001884195,-1.632795015,27.32637038,2,200,800,1.6,30,3,0.2,0,0.4884,0,0
4,2,raw,67.8,20.26289679,43.26997835,0.001838729,-1.631357356,27.12177226,2,200,800,1.6,30,3,0.2,0,0.4884,0,0
4,2,raw,68,20.26326006,42.94385052,0.001794755,-1.629922185,26.9173542,2,200,800,1.6,30,3,0.2,0,0.4884,0,0
4,2,raw,68.2,20.26361469,42.61800948,0.001752232,-1.628489455,26.71311591,2,200,800,1.6,30,3,0.2,0,0.4884,0,0
4,2,raw,68.4,20.26396095,42.29245474,0.001711117,-1.627059119,26.50905707,2,200,800,1.6,30,3,0.2,0,0.4884,0,0
4,2,raw,68.6,20.26429914,41.96718583,0.00167137,-1.625631132,26.30517739,2,200,800,1.6,30,3,0.2,0,0.4884,0,0
4,2,raw,68.8,20.2646295,41.64220228,0.001632948,-1.624205447,26.10147658,2,200,800,1.6,30,3,0.2,0,0.4884,0,0
4,2,raw,69,20.26495232,41.31750365,0.001595811,-1.622782017,25.89795436,2,200,800,1.6,30,3,0.2,0,0.4884,0,0
4,2,raw,69.2,20.26526783,40.99308948,0.001559916,-1.621360796,25.69461043,2,200,800,1.6,30,3,0.2,0,0.4884,0,0
4,2,raw,69.4,20.26557628,40.66895933,0.001525222,-1.619941737,25.49144453,2,200,800,1.6,30,3,0.2,0,0.4884,0,0
4,2,raw,69.6,20.26587792,40.34511278,0.001491687,-1.618524795,25.28845639,2,200,800,1.6,30,3,0.2,0,0.4884,0,0
4,2,raw,69.8,20.26617296,40.02154941,0.001459271,-1.617109921,25.08564575,2,200,800,1.6,30,3,0.2,0,0.4884,0,0
4,2,raw,70,20.26646162,39.69826881,0.00142793,-1.61569707,24.88301235,2,200,800,1.6,30,3,0.2,0,0.4884,0,0
4,2,raw,70.2,20.26674413,39.37527059,0.001397625,-1.614286196,24.68055595,2,200,800,1.6,30,3,0.2,0,0.4884,0,0
4,2,raw,70.4,20.26702067,39.05255434,0.001368313,-1.612877251,24.47827628,2,200,800,1.6,30,3,0.2,0,0.4884,0,0
4,2,raw,70.6,20.26729145,38.73011968,0.001339953,-1.61147019,24.27617313,2,200,800,1.6,30,3,0.2,0,0.4884,0,0
4,2,raw,70.8,20.26755665,38.40796626,0.001312502,-1.610064966,24.07424625,2,200,800,1.6,30,3,0.2,0,0.4884,0,0
4,2,raw,71,20.26781645,38.0860937,0.001285921,-1.608661532,23.87249541,2,200,800,1.6,30,3,0.2,0,0.4884,0,0
4,2,raw,71.2,20.26807102,37.76450165,0.001260166,-1.607259842,23.6709204,2,200,800,1.6,30,3,0.2,0,0.4884,0,0
4,2,raw,71.4,20.26832052,37.44318976,0.001235197,-1.605859849,23.469521,2,200,800,1.6,30,3,0.2,0,0.4884,0,0
4,2,raw,71.6,20.2685651,37.12215771,0.001210972,-1.604461507,23.26829699,2,200,800,1.6,30,3,0.2,0,0.4884,0,0
4,2,raw,71.8,20.26880491,36.80140516,0.00118745,-1.60306477,23.06724818,2,200,800,1.6,30,3,0.2,0,0.4884,0,0
4,2,raw,72,20.26904008,36.4809318,0.001164588,-1.60166959,22.86637437,2,200,800,1.6,30,3,0.2,0,0.4884,0,0
4,2,raw,72.2,20.26927075,36.16073732,0.001142346,-1.600275923,22.66567537,2,200,800,1.6,30,3,0.2,0,0.4884,0,0
4,2,raw,72.4,20.26949702,35.84082143,0.001120681,-1.59888372,22.46515098,2,200,800,1.6,30,3,0.2,0,0.4884,0,0
4,2,raw,72.6,20.26971902,35.52118384,0.001099553,-1.597492935,22.26480103,2,200,800,1.6,30,3,0.2,0,0.4884,0,0
4,2,raw,72.8,20.26993684,35.20182426,0.001078919,-1.596103522,22.06462534,2,200,800,1.6,30,3,0.2,0,0.4884,0,0
4,2,raw,73,20.27015059,34.88274243,0.001058738,-1.594715435,21.86462374,2,200,800,1.6,30,3,0.2,0,0.4884,0,0
4,2,raw,73.2,20.27036034,34.56393808,0.001038969,-1.593328627,21.66479607,2,200,800,1.6,30,3,0.2,0,0.4884,0,0
4,2,raw,73.4,20.27056617,34.24541098,0.00101957,-1.591943051,21.46514218,2,200,800,1.6,30,3,0.2,0,0.4884,0,0
4,2,raw,73.6,20.27076816,33.92716086,0.0010005,-1.590558662,21.26566191,2,200,800,1.6,30,3,0.2,0,0.4884,0,0
4,2,raw,73.8,20.27096637,33.60918751,0.000981716,-1.589175412,21.06635511,2,200,800,1.6,30,3,0.2,0,0.4884,0,0
4,2,raw,74,20.27116085,33.2914907,0.000963178,-1.587793255,20.86722165,2,200,800,1.6,30,3,0.2,0,0.4884,0,0
4,2,raw,74.2,20.27135164,32.97407021,0.000944843,-1.586412144,20.66826138,2,200,800,1.6,30,3,0.2,0,0.4884,0,0
4,2,raw,74.4,20.27153879,32.65692584,0.000926671,-1.585032033,20.4694742,2,200,800,1.6,30,3,0.2,0,0.4884,0,0
4,2,raw,74.6,20.27172231,32.3400574,0.000908619,-1.583652876,20.27085996,2,200,800,1.6,30,3,0.2,0,0.4884,0,0
4,2,raw,74.8,20.27190224,32.02346469,0.000890647,-1.582274626,20.07241855,2,200,800,1.6,30,3,0.2,0,0.4884,0,0
4,2,raw,75,20.27207857,31.70714754,0.000872712,-1.580897237,19.87414987,2,200,800,1.6,30,3,0.2,0,0.4884,0,0
4,2,raw,75.2,20.27225132,31.39110579,0.000854773,-1.579520662,19.67605381,2,200,800,1.6,30,3,0.2,0,0.4884,0,0
4,2,raw,75.4,20.27242048,31.07533928,0.000836789,-1.578144854,19.47813026,2,200,800,1.6,30,3,0.2,0,0.4884,0,0
4,2,raw,75.6,20.27258604,30.75984785,0.000818718,-1.576769767,19.28037914,2,200,800,1.6,30,3,0.2,0,0.4884,0,0
4,2,raw,75.8,20.27274797,30.44463137,0.000800518,-1.575395355,19.08280036,2,200,800,1.6,30,3,0.2,0,0.4884,0,0
4,2,raw,76,20.27290624,30.12968971,0.000782148,-1.574021571,18.88539384,2,200,800,1.6,30,3,0.2,0,0.4884,0,0
4,2,raw,76.2,20.27306083,29.81502274,0.000763566,-1.572648369,18.6881595,2,200,800,1.6,30,3,0.2,0,0.4884,0,0
4,2,raw,76.4,20.27321167,29.50063036,0.000744731,-1.571275702,18.49109726,2,200,800,1.6,30,3,0.2,0,0.4884,0,0
4,2,raw,76.6,20.27335872,29.18651246,0.000725601,-1.569903523,18.29420707,2,200,800,1.6,30,3,0.2,0,0.4884,0,0
4,2,raw,76.8,20.27350191,28.87266895,0.000706135,-1.568531787,18.09748888,2,200,800,1.6,30,3,0.2,0,0.4884,0,0
4,2,raw,77,20.27364117,28.55909975,0.000686291,-1.567160446,17.90094261,2,200,800,1.6,30,3,0.2,0,0.4884,0,0
4,2,raw,77.2,20.27377643,28.24580478,0.000666027,-1.565789455,17.70456824,2,200,800,1.6,30,3,0.2,0,0.4884,0,0
4,2,raw,77.4,20.27390758,27.93278397,0.000645303,-1.564418766,17.50836571,2,200,800,1.6,30,3,0.2,0,0.4884,0,0
4,2,raw,77.6,20.27403455,27.62003727,0.000624075,-1.563048333,17.312335,2,200,800,1.6,30,3,0.2,0,0.4884,0,0
4,2,raw,77.8,20.27415721,27.30756463,0.000602304,-1.56167811,17.11647607,2,200,800,1.6,30,3,0.2,0,0.4884,0,0
4,2,raw,78,20.27427547,26.99536603,0.000581108,-1.560309798,16.9207889,2,200,800,1.6,30,3,0.2,0,0.4884,0,0
4,2,raw,78.2,20.27438966,26.68344071,0.000564614,-1.558949602,16.72527304,2,200,800,1.6,30,3,0.2,0,0.4884,0,0
4,2,raw,78.4,20.27450131,26.37178618,0.000552388,-1.557596829,16.5299269,2,200,800,1.6,30,3,0.2,0,0.4884,0,0
4,2,raw,78.6,20.27461061,26.06040198,0.000540687,-1.556245813,16.3347502,2,200,800,1.6,30,3,0.2,0,0.4884,0,0
4,2,raw,78.8,20.27471759,25.74928786,0.000529186,-1.554896066,16.13974279,2,200,800,1.6,30,3,0.2,0,0.4884,0,0
4,2,raw,79,20.27482229,25.43844356,0.000517881,-1.553547585,15.94490451,2,200,800,1.6,30,3,0.2,0,0.4884,0,0
4,2,raw,79.2,20.27492474,25.12786882,0.000506771,-1.552200367,15.75023519,2,200,800,1.6,30,3,0.2,0,0.4884,0,0
4,2,raw,79.4,20.27502499,24.81756341,0.000495852,-1.550854408,15.55573468,2,200,800,1.6,30,3,0.2,0,0.4884,0,0
4,2,raw,79.6,20.27512308,24.50752706,0.000485123,-1.549509708,15.36140282,2,200,800,1.6,30,3,0.2,0,0.4884,0,0
4,2,raw,79.8,20.27521904,24.19775953,0.00047458,-1.548166261,15.16723946,2,200,800,1.6,30,3,0.2,0,0.4884,0,0
4,2,raw,80,20.27531292,23.88826056,0.000464221,-1.546824067,14.97324443,2,200,800,1.6,30,3,0.2,0,0.4884,0,0
4,2,raw,80.2,20.27540473,23.5790299,0.000454044,-1.545483121,14.77941759,2,200,800,1.6,30,3,0.2,0,0.4884,0,0
4,2,raw,80.4,20.27549453,23.27006731,0.000444045,-1.544143421,14.58575877,2,200,800,1.6,30,3,0.2,0,0.4884,0,0
4,2,raw,80.6,20.27558235,22.96137253,0.000434222,-1.542804964,14.39226781,2,200,800,1.6,30,3,0.2,0,0.4884,0,0
4,2,raw,80.8,20.27566822,22.65294532,0.000424572,-1.541467748,14.19894457,2,200,800,1.6,30,3,0.2,0,0.4884,0,0
4,2,raw,81,20.27575218,22.34478543,0.000415093,-1.540131769,14.00578888,2,200,800,1.6,30,3,0.2,0,0.4884,0,0
4,2,raw,81.2,20.27583426,22.03689262,0.000405783,-1.538797025,13.8128006,2,200,800,1.6,30,3,0.2,0,0.4884,0,0
4,2,raw,81.4,20.27591449,21.72926662,0.000396638,-1.537463513,13.61997956,2,200,800,1.6,30,3,0.2,0,0.4884,0,0
4,2,raw,81.6,20.27599291,21.42190721,0.000387656,-1.536131229,13.42732562,2,200,800,1.6,30,3,0.2,0,0.4884,0,0
4,2,raw,81.8,20.27606955,21.11481413,0.000378835,-1.534800172,13.23483861,2,200,800,1.6,30,3,0.2,0,0.4884,0,0
4,2,raw,82,20.27614445,20.80798714,0.000370171,-1.533470338,13.04251839,2,200,800,1.6,30,3,0.2,0,0.4884,0,0
4,2,raw,82.2,20.27621762,20.501426,0.000361662,-1.532141725,12.8503648,2,200,800,1.6,30,3,0.2,0,0.4884,0,0
4,2,raw,82.4,20.27628911,20.19513045,0.000353306,-1.53081433,12.6583777,2,200,800,1.6,30,3,0.2,0,0.4884,0,0
4,2,raw,82.6,20.27635895,19.88910026,0.0003451,-1.529488149,12.46655691,2,200,800,1.6,30,3,0.2,0,0.4884,0,0
4,2,raw,82.8,20.27642715,19.58333519,0.000337041,-1.528163181,12.27490231,2,200,800,1.6,30,3,0.2,0,0.4884,0,0
4,2,raw,83,20.27649376,19.27783499,0.000329127,-1.526839421,12.08341373,2,200,800,1.6,30,3,0.2,0,0.4884,0,0
4,2,raw,83.2,20.2765588,18.97259942,0.000321355,-1.525516868,11.89209101,2,200,800,1.6,30,3,0.2,0,0.4884,0,0
4,2,raw,83.4,20.2766223,18.66762824,0.000313723,-1.524195519,11.70093402,2,200,800,1.6,30,3,0.2,0,0.4884,0,0
4,2,raw,83.6,20.27668429,18.36292122,0.000306227,-1.52287537,11.5099426,2,200,800,1.6,30,3,0.2,0,0.4884,0,0
4,2,raw,83.8,20.2767448,18.0584781,0.000298866,-1.52155642,11.3191166,2,200,800,1.6,30,3,0.2,0,0.4884,0,0
4,2,raw,84,20.27680384,17.75429865,0.000291636,-1.520238664,11.12845587,2,200,800,1.6,30,3,0.2,0,0.4884,0,0
4,2,raw,84.2,20.27686145,17.45038263,0.000284536,-1.518922101,10.93796026,2,200,800,1.6,30,3,0.2,0,0.4884,0,0
4,2,raw,84.4,20.27691765,17.14672981,0.000277561,-1.517606727,10.74762962,2,200,800,1.6,30,3,0.2,0,0.4884,0,0
4,2,raw,84.6,20.27697247,16.84333994,0.000270711,-1.516292539,10.5574638,2,200,800,1.6,30,3,0.2,0,0.4884,0,0
4,2,raw,84.8,20.27702594,16.54021279,0.000263982,-1.514979536,10.36746265,2,200,800,1.6,30,3,0.2,0,0.4884,0,0
4,2,raw,85,20.27707807,16.23734813,0.000257371,-1.513667713,10.17762603,2,200,800,1.6,30,3,0.2,0,0.4884,0,0
4,2,raw,85.2,20.27712889,15.93474571,0.000250877,-1.512357068,9.987953785,2,200,800,1.6,30,3,0.2,0,0.4884,0,0
4,2,raw,85.4,20.27717842,15.6324053,0.000244495,-1.511047599,9.798445771,2,200,800,1.6,30,3,0.2,0,0.4884,0,0
4,2,raw,85.6,20.27722668,15.33032667,0.000238225,-1.509739302,9.609101839,2,200,800,1.6,30,3,0.2,0,0.4884,0,0
4,2,raw,85.8,20.27727371,15.02850958,0.000232062,-1.508432175,9.419921842,2,200,800,1.6,30,3,0.2,0,0.4884,0,0
4,2,raw,86,20.27731951,14.7269538,0.000226006,-1.507126214,9.230905634,2,200,800,1.6,30,3,0.2,0,0.4884,0,0
4,2,raw,86.2,20.27736411,14.42565909,0.000220052,-1.505821418,9.04205307,2,200,800,1.6,30,3,0.2,0,0.4884,0,0
4,2,raw,86.4,20.27740753,14.12462523,0.000214198,-1.504517782,8.853364003,2,200,800,1.6,30,3,0.2,0,0.4884,0,0
4,2,raw,86.6,20.27744979,13.82385198,0.000208442,-1.503215305,8.664838288,2,200,800,1.6,30,3,0.2,0,0.4884,0,0
4,2,raw,86.8,20.27749091,13.52333911,0.000202781,-1.501913984,8.47647578,2,200,800,1.6,30,3,0.2,0,0.4884,0,0
4,2,raw,87,20.2775309,13.22308639,0.000197213,-1.500613815,8.288276334,2,200,800,1.6,30,3,0.2,0,0.4884,0,0
4,2,raw,87.2,20.27756979,12.92309358,0.000191734,-1.499314795,8.100239805,2,200,800,1.6,30,3,0.2,0,0.4884,0,0
4,2,raw,87.4,20.2776076,12.62336047,0.000186343,-1.498016923,7.912366051,2,200,800,1.6,30,3,0.2,0,0.4884,0,0
4,2,raw,87.6,20.27764433,12.32388681,0.000181037,-1.496720195,7.724654928,2,200,800,1.6,30,3,0.2,0,0.4884,0,0
4,2,raw,87.8,20.27768001,12.02467239,0.000175812,-1.495424608,7.537106291,2,200,800,1.6,30,3,0.2,0,0.4884,0,0
4,2,raw,88,20.27771465,11.72571697,0.000170667,-1.49413016,7.349719999,2,200,800,1.6,30,3,0.2,0,0.4884,0,0
4,2,raw,88.2,20.27774828,11.42702033,0.000165599,-1.492836848,7.162495908,2,200,800,1.6,30,3,0.2,0,0.4884,0,0
4,2,raw,88.4,20.27778089,11.12858223,0.000160604,-1.491544668,6.975433877,2,200,800,1.6,30,3,0.2,0,0.4884,0,0
4,2,raw,88.6,20.27781252,10.83040246,0.000155682,-1.490253618,6.788533763,2,200,800,1.6,30,3,0.2,0,0.4884,0,0
4,2,raw,88.8,20.27784317,10.53248078,0.000150828,-1.488963696,6.601795425,2,200,800,1.6,30,3,0.2,0,0.4884,0,0
4,2,raw,89,20.27787285,10.23481698,0.000146041,-1.487674897,6.415218723,2,200,800,1.6,30,3,0.2,0,0.4884,0,0
4,2,raw,89.2,20.27790158,9.937410824,0.000141317,-1.486387221,6.228803515,2,200,800,1.6,30,3,0.2,0,0.4884,0,0
4,2,raw,89.4,20.27792938,9.640262092,0.000136655,-1.485100663,6.04254966,2,200,800,1.6,30,3,0.2,0,0.4884,0,0
4,2,raw,89.6,20.27795624,9.343370559,0.000132051,-1.48381522,5.856457019,2,200,800,1.6,30,3,0.2,0,0.4884,0,0
4,2,raw,89.8,20.2779822,9.046736004,0.000127503,-1.482530891,5.670525453,2,200,800,1.6,30,3,0.2,0,0.4884,0,0
4,2,raw,90,20.27800725,8.750358203,0.000123008,-1.481247672,5.484754821,2,200,800,1.6,30,3,0.2,0,0.4884,0,0
4,2,raw,90.2,20.2780314,8.454236935,0.000118564,-1.479965561,5.299144985,2,200,800,1.6,30,3,0.2,0,0.4884,0,0
4,2,raw,90.4,20.27805467,8.158371978,0.000114168,-1.478684554,5.113695806,2,200,800,1.6,30,3,0.2,0,0.4884,0,0
4,2,raw,90.6,20.27807707,7.862763113,0.000109818,-1.477404649,4.928407145,2,200,800,1.6,30,3,0.2,0,0.4884,0,0
4,2,raw,90.8,20.2780986,7.567410119,0.00010551,-1.476125842,4.743278866,2,200,800,1.6,30,3,0.2,0,0.4884,0,0
4,2,raw,91,20.27811927,7.272312776,0.000101243,-1.474848132,4.55831083,2,200,800,1.6,30,3,0.2,0,0.4884,0,0
4,2,raw,91.2,20.2781391,6.977470866,9.70132E-05,-1.473571515,4.373502899,2,200,800,1.6,30,3,0.2,0,0.4884,0,0
4,2,raw,91.4,20.27815808,6.68288417,9.28185E-05,-1.472295988,4.188854938,2,200,800,1.6,30,3,0.2,0,0.4884,0,0
4,2,raw,91.6,20.27817622,6.388552471,8.86562E-05,-1.471021549,4.00436681,2,200,800,1.6,30,3,0.2,0,0.4884,0,0
4,2,raw,91.8,20.27819354,6.094475551,8.45236E-05,-1.469748195,3.820038378,2,200,800,1.6,30,3,0.2,0,0.4884,0,0
4,2,raw,92,20.27821003,5.800653193,8.04182E-05,-1.468475922,3.635869507,2,200,800,1.6,30,3,0.2,0,0.4884,0,0
4,2,raw,92.2,20.27822571,5.507085182,7.63374E-05,-1.467204729,3.451860061,2,200,800,1.6,30,3,0.2,0,0.4884,0,0
4,2,raw,92.4,20.27824057,5.213771301,7.22785E-05,-1.465934612,3.268009905,2,200,800,1.6,30,3,0.2,0,0.4884,0,0
4,2,raw,92.6,20.27825462,4.920711337,6.8239E-05,-1.464665568,3.084318905,2,200,800,1.6,30,3,0.2,0,0.4884,0,0
4,2,raw,92.8,20.27826786,4.627905074,6.42162E-05,-1.463397595,2.900786925,2,200,800,1.6,30,3,0.2,0,0.4884,0,0
4,2,raw,93,20.2782803,4.335352299,6.02075E-05,-1.46213069,2.717413833,2,200,800,1.6,30,3,0.2,0,0.4884,0,0
4,2,raw,93.2,20.27829195,4.043052798,5.62104E-05,-1.460864849,2.534199493,2,200,800,1.6,30,3,0.2,0,0.4884,0,0
4,2,raw,93.4,20.27830279,3.751006359,5.22221E-05,-1.459600071,2.351143774,2,200,800,1.6,30,3,0.2,0,0.4884,0,0
4,2,raw,93.6,20.27831283,3.45921277,4.82401E-05,-1.458336352,2.168246542,2,200,800,1.6,30,3,0.2,0,0.4884,0,0
4,2,raw,93.8,20.27832209,3.167671818,4.42618E-05,-1.45707369,1.985507664,2,200,800,1.6,30,3,0.2,0,0.4884,0,0
4,2,raw,94,20.27833054,2.876383294,4.02845E-05,-1.455812081,1.802927008,2,200,800,1.6,30,3,0.2,0,0.4884,0,0
4,2,raw,94.2,20.2783382,2.585346986,3.63057E-05,-1.454551523,1.620504443,2,200,800,1.6,30,3,0.2,0,0.4884,0,0
4,2,raw,94.4,20.27834506,2.294562685,3.23227E-05,-1.453292013,1.438239836,2,200,800,1.6,30,3,0.2,0,0.4884,0,0
4,2,raw,94.6,20.27835113,2.004030181,2.83329E-05,-1.452033548,1.256133057,2,200,800,1.6,30,3,0.2,0,0.4884,0,0
4,2,raw,94.8,20.2783564,1.713749266,2.43338E-05,-1.450776125,1.074183974,2,200,800,1.6,30,3,0.2,0,0.4884,0,0
4,2,raw,95,20.27836086,1.423719731,2.03226E-05,-1.449519742,0.892392457,2,200,800,1.6,30,3,0.2,0,0.4884,0,0
4,2,raw,95.2,20.27836452,1.133941369,1.62968E-05,-1.448264395,0.710758377,2,200,800,1.6,30,3,0.2,0,0.4884,0,0
4,2,raw,95.4,20.27836738,0.844413973,1.22538E-05,-1.447010082,0.529281602,2,200,800,1.6,30,3,0.2,0,0.4884,0,0
4,2,raw,95.6,20.27836943,0.555137336,8.19101E-06,-1.4457568,0.347962005,2,200,800,1.6,30,3,0.2,0,0.4884,0,0
4,2,raw,95.8,20.27837066,0.266111253,4.10573E-06,-1.444504547,0.166799455,2,200,800,1.6,30,3,0.2,0,0.4884,0,0
4,2,raw,96,20.27837107,-0.022664483,2.05715E-06,-1.443878677,-0.014206176,2,200,800,1.6,30,3,0.2,0,0.4884,0,0
4,3,pure,0,0.134831461,163.4157303,0.032625069,-0.080317579,102.4295456,2,200,800,1.6,30,3,0.2,0,0.4884,0,0
4,3,pure,0.2,0.141356475,163.3996668,0.033406893,-0.082244489,102.419477,2,200,800,1.6,30,3,0.2,0,0.4884,0,0
4,3,pure,0.4,0.148194218,163.3828325,0.035007079,-0.086188573,102.4089252,2,200,800,1.6,30,3,0.2,0,0.4884,0,0
4,3,pure,0.6,0.155359306,163.3651914,0.036682046,-0.090317418,102.3978676,2,200,800,1.6,30,3,0.2,0,0.4884,0,0
4,3,pure,0.8,0.162867036,163.3467056,0.038435338,-0.094639834,102.3862807,2,200,800,1.6,30,3,0.2,0,0.4884,0,0
4,3,pure,1,0.170733441,163.3273355,0.040270633,-0.099164976,102.3741394,2,200,800,1.6,30,3,0.2,0,0.4884,0,0
4,3,pure,1.2,0.17897529,163.3070396,0.04219161,-0.103901995,102.3614179,2,200,800,1.6,30,3,0.2,0,0.4884,0,0
4,3,pure,1.4,0.187610086,163.2857747,0.04420195,-0.108860044,102.348089,2,200,800,1.6,30,3,0.2,0,0.4884,0,0
4,3,pure,1.6,0.19665607,163.2634956,0.046305644,-0.114049854,102.3341243,2,200,800,1.6,30,3,0.2,0,0.4884,0,0
4,3,pure,1.8,0.206132343,163.2401547,0.048506059,-0.119480924,102.3194942,2,200,800,1.6,30,3,0.2,0,0.4884,0,0
4,3,pure,2,0.216058493,163.2157032,0.050805553,-0.125157542,102.3041679,2,200,800,1.6,30,3,0.2,0,0.4884,0,0
4,3,pure,2.2,0.226454564,163.1900917,0.053208148,-0.131087931,102.2881145,2,200,800,1.6,30,3,0.2,0,0.4884,0,0
4,3,pure,2.4,0.237341753,163.163268,0.05571964,-0.137286786,102.2713014,2,200,800,1.6,30,3,0.2,0,0.4884,0,0
4,3,pure,2.6,0.24874242,163.135177,0.058345858,-0.143768939,102.2536938,2,200,800,1.6,30,3,0.2,0,0.4884,0,0
4,3,pure,2.8,0.260680096,163.1057604,0.061092632,-0.15054922,102.2352554,2,200,800,1.6,30,3,0.2,0,0.4884,0,0
4,3,pure,3,0.273179473,163.0749573,0.063965791,-0.157642463,102.2159479,2,200,800,1.6,30,3,0.2,0,0.4884,0,0
4,3,pure,3.2,0.286266412,163.0427035,0.066971165,-0.165063497,102.1957311,2,200,800,1.6,30,3,0.2,0,0.4884,0,0
4,3,pure,3.4,0.299967939,163.0089319,0.070114582,-0.172827156,102.174563,2,200,800,1.6,30,3,0.2,0,0.4884,0,0
4,3,pure,3.6,0.314312245,162.9735726,0.073401873,-0.18094827,102.1523996,2,200,800,1.6,30,3,0.2,0,0.4884,0,0
4,3,pure,3.8,0.329328688,162.9365526,0.076838866,-0.189441671,102.1291954,2,200,800,1.6,30,3,0.2,0,0.4884,0,0
4,3,pure,4,0.345047792,162.8977959,0.080431391,-0.198322192,102.1049025,2,200,800,1.6,30,3,0.2,0,0.4884,0,0
4,3,pure,4.2,0.361501245,162.8572237,0.084185277,-0.207604663,102.0794717,2,200,800,1.6,30,3,0.2,0,0.4884,0,0
4,3,pure,4.4,0.378721902,162.8147541,0.088106353,-0.217303916,102.0528516,2,200,800,1.6,30,3,0.2,0,0.4884,0,0
4,3,pure,4.6,0.396743786,162.7703021,0.092200449,-0.227434783,102.024989,2,200,800,1.6,30,3,0.2,0,0.4884,0,0
4,3,pure,4.8,0.415602082,162.7237802,0.096473394,-0.238012095,101.9958289,2,200,800,1.6,30,3,0.2,0,0.4884,0,0
4,3,pure,5,0.435333143,162.6750973,0.100931018,-0.249050685,101.9653143,2,200,800,1.6,30,3,0.2,0,0.4884,0,0
4,3,pure,5.2,0.455974489,162.6241599,0.105579149,-0.260565383,101.9333865,2,200,800,1.6,30,3,0.2,0,0.4884,0,0
4,3,pure,5.4,0.477564803,162.5708712,0.110423618,-0.272571021,101.899985,2,200,800,1.6,30,3,0.2,0,0.4884,0,0
4,3,pure,5.6,0.500143936,162.5151315,0.115470253,-0.285082432,101.8650471,2,200,800,1.6,30,3,0.2,0,0.4884,0,0
4,3,pure,5.8,0.523752904,162.4568382,0.120724883,-0.298114446,101.8285087,2,200,800,1.6,30,3,0.2,0,0.4884,0,0
4,3,pure,6,0.548433889,162.3958857,0.126193339,-0.311681895,101.7903035,2,200,800,1.6,30,3,0.2,0,0.4884,0,0
4,3,pure,6.2,0.57423024,162.3321654,0.131881449,-0.325799611,101.7503634,2,200,800,1.6,30,3,0.2,0,0.4884,0,0
4,3,pure,6.4,0.601186469,162.2655658,0.137793715,-0.340479547,101.7086185,2,200,800,1.6,30,3,0.2,0,0.4884,0,0
4,3,pure,6.6,0.629347726,162.1959736,0.1438562,-0.355564362,101.6649979,2,200,800,1.6,30,3,0.2,0,0.4884,0,0
4,3,pure,6.8,0.658728949,162.1233401,0.150063405,-0.371047455,101.619471,2,200,800,1.6,30,3,0.2,0,0.4884,0,0
4,3,pure,7,0.689373088,162.0475546,0.156546401,-0.387218882,101.5719684,2,200,800,1.6,30,3,0.2,0,0.4884,0,0
4,3,pure,7.2,0.72134751,161.9684526,0.163365981,-0.404215018,101.5223869,2,200,800,1.6,30,3,0.2,0,0.4884,0,0
4,3,pure,7.4,0.75471948,161.8858686,0.17052162,-0.422039053,101.470623,2,200,800,1.6,30,3,0.2,0,0.4884,0,0
4,3,pure,7.6,0.789556158,161.7996369,0.178012794,-0.440694175,101.4165727,2,200,800,1.6,30,3,0.2,0,0.4884,0,0
4,3,pure,7.8,0.825924597,161.7095909,0.185838976,-0.460183572,101.3601316,2,200,800,1.6,30,3,0.2,0,0.4884,0,0
4,3,pure,8,0.863891748,161.6155635,0.193999642,-0.480510435,101.3011948,2,200,800,1.6,30,3,0.2,0,0.4884,0,0
4,3,pure,8.2,0.903524454,161.5173868,0.202494268,-0.501677952,101.2396573,2,200,800,1.6,30,3,0.2,0,0.4884,0,0
4,3,pure,8.4,0.944889455,161.4148923,0.211322327,-0.523689311,101.1754134,2,200,800,1.6,30,3,0.2,0,0.4884,0,0
4,3,pure,8.6,0.988053385,161.3079111,0.220483295,-0.546547702,101.1083572,2,200,800,1.6,30,3,0.2,0,0.4884,0,0
4,3,pure,8.8,1.033082773,161.1962732,0.229976648,-0.570256314,101.0383822,2,200,800,1.6,30,3,0.2,0,0.4884,0,0
4,3,pure,9,1.080044044,161.0798085,0.239801859,-0.594818334,100.9653817,2,200,800,1.6,30,3,0.2,0,0.4884,0,0
4,3,pure,9.2,1.129003517,160.9583459,0.249958404,-0.620236953,100.8892486,2,200,800,1.6,30,3,0.2,0,0.4884,0,0
4,3,pure,9.4,1.180027406,160.8317137,0.260445759,-0.646515359,100.8098751,2,200,800,1.6,30,3,0.2,0,0.4884,0,0
4,3,pure,9.6,1.23318182,160.6997398,0.271263397,-0.673656741,100.7271533,2,200,800,1.6,30,3,0.2,0,0.4884,0,0
4,3,pure,9.8,1.288532765,160.562251,0.282410794,-0.701664287,100.6409749,2,200,800,1.6,30,3,0.2,0,0.4884,0,0
4,3,pure,10,1.346146138,160.419074,0.293887425,-0.730541187,100.5512311,2,200,800,1.6,30,3,0.2,0,0.4884,0,0
4,3,pure,10.2,1.406087735,160.2700346,0.305692765,-0.76029063,100.4578126,2,200,800,1.6,30,3,0.2,0,0.4884,0,0
4,3,pure,10.4,1.468423244,160.1149578,0.317826289,-0.790915803,100.36061,2,200,800,1.6,30,3,0.2,0,0.4884,0,0
4,3,pure,10.6,1.53321825,159.9536683,0.330287472,-0.822419898,100.2595131,2,200,800,1.6,30,3,0.2,0,0.4884,0,0
4,3,pure,10.8,1.600538233,159.7859898,0.343075788,-0.854806101,100.1544117,2,200,800,1.6,30,3,0.2,0,0.4884,0,0
4,3,pure,11,1.670448566,159.6117458,0.356190714,-0.888077602,100.045195,2,200,800,1.6,30,3,0.2,0,0.4884,0,0
4,3,pure,11.2,1.743014518,159.4307588,0.369631723,-0.92223759,99.93175167,2,200,800,1.6,30,3,0.2,0,0.4884,0,0
4,3,pure,11.4,1.818301255,159.2428508,0.383398292,-0.957289253,99.81397027,2,200,800,1.6,30,3,0.2,0,0.4884,0,0
4,3,pure,11.6,1.896373835,159.0478431,0.397489894,-0.993235782,99.69173878,2,200,800,1.6,30,3,0.2,0,0.4884,0,0
4,3,pure,11.8,1.977297212,158.8455565,0.411906005,-1.030080363,99.56494482,2,200,800,1.6,30,3,0.2,0,0.4884,0,0
4,3,pure,12,2.061136237,158.635811,0.426646099,-1.067826187,99.4334756,2,200,800,1.6,30,3,0.2,0,0.4884,0,0
4,3,pure,12.2,2.147955652,158.418426,0.441709653,-1.106476442,99.29721796,2,200,800,1.6,30,3,0.2,0,0.4884,0,0
4,3,pure,12.4,2.237820098,158.1932204,0.45709614,-1.146034317,99.1560583,2,200,800,1.6,30,3,0.2,0,0.4884,0,0
4,3,pure,12.6,2.330794108,157.9600123,0.472805037,-1.186503001,99.00988265,2,200,800,1.6,30,3,0.2,0,0.4884,0,0
4,3,pure,12.8,2.426942113,157.7186192,0.488721874,-1.227604159,98.85857662,2,200,800,1.6,30,3,0.2,0,0.4884,0,0
4,3,pure,13,2.526282858,157.4689706,0.504524983,-1.268555457,98.70209603,2,200,800,1.6,30,3,0.2,0,0.4884,0,0
4,3,pure,13.2,2.628752106,157.211197,0.520364932,-1.309751296,98.54052264,2,200,800,1.6,30,3,0.2,0,0.4884,0,0
4,3,pure,13.4,2.734428831,156.9450701,0.536603143,-1.352101409,98.37371337,2,200,800,1.6,30,3,0.2,0,0.4884,0,0
4,3,pure,13.6,2.843393363,156.6703564,0.553218713,-1.39556298,98.2015219,2,200,800,1.6,30,3,0.2,0,0.4884,0,0
4,3,pure,13.8,2.955716316,156.3868449,0.570163057,-1.440024529,98.02381589,2,200,800,1.6,30,3,0.2,0,0.4884,0,0
4,3,pure,14,3.071458586,156.0943466,0.587387591,-1.485374573,97.84047696,2,200,800,1.6,30,3,0.2,0,0.4884,0,0
4,3,pure,14.2,3.190671352,155.7926951,0.604843732,-1.531501632,97.65140072,2,200,800,1.6,30,3,0.2,0,0.4884,0,0
4,3,pure,14.4,3.313396079,155.481746,0.622482896,-1.578294223,97.45649675,2,200,800,1.6,30,3,0.2,0,0.4884,0,0
4,3,pure,14.6,3.439664511,155.1613774,0.640256499,-1.625640864,97.2556886,2,200,800,1.6,30,3,0.2,0,0.4884,0,0
4,3,pure,14.8,3.569498678,154.8314896,0.658115957,-1.673430075,97.04891382,2,200,800,1.6,30,3,0.2,0,0.4884,0,0
4,3,pure,15,3.702910894,154.4920053,0.676012686,-1.721550373,96.8361239,2,200,800,1.6,30,3,0.2,0,0.4884,0,0
4,3,pure,15.2,3.839903753,154.1428695,0.693898103,-1.769890277,96.61728432,2,200,800,1.6,30,3,0.2,0,0.4884,0,0
4,3,pure,15.4,3.980470135,153.7840492,0.711723624,-1.818338305,96.39237456,2,200,800,1.6,30,3,0.2,0,0.4884,0,0
4,3,pure,15.6,4.124593202,153.4155341,0.729440664,-1.866782976,96.16138803,2,200,800,1.6,30,3,0.2,0,0.4884,0,0
4,3,pure,15.8,4.2722464,153.037336,0.74700064,-1.915112809,95.92433214,2,200,800,1.6,30,3,0.2,0,0.4884,0,0
4,3,pure,16,4.423393458,152.649489,0.764354969,-1.96321632,95.68122829,2,200,800,1.6,30,3,0.2,0,0.4884,0,0
4,3,pure,16.2,4.577988388,152.2520495,0.781455065,-2.010982029,95.43211183,2,200,800,1.6,30,3,0.2,0,0.4884,0,0
4,3,pure,16.4,4.735975484,151.8450962,0.798252346,-2.058298455,95.17703209,2,200,800,1.6,30,3,0.2,0,0.4884,0,0
4,3,pure,16.6,4.897289326,151.4287301,0.814698228,-2.105054115,94.91605239,2,200,800,1.6,30,3,0.2,0,0.4884,0,0
4,3,pure,16.8,5.061854776,151.0030746,0.830744127,-2.151137528,94.64925001,2,200,800,1.6,30,3,0.2,0,0.4884,0,0
4,3,pure,17,5.229586977,150.5682751,0.846341458,-2.196437212,94.37671621,2,200,800,1.6,30,3,0.2,0,0.4884,0,0
4,3,pure,17.2,5.400391359,150.1244997,0.861441639,-2.240841686,94.09855623,2,200,800,1.6,30,3,0.2,0,0.4884,0,0
4,3,pure,17.4,5.574163632,149.6719384,0.875996084,-2.284239468,93.81488928,2,200,800,1.6,30,3,0.2,0,0.4884,0,0
4,3,pure,17.6,5.750789793,149.2108039,0.889956212,-2.326519077,93.52584854,2,200,800,1.6,30,3,0.2,0,0.4884,0,0
4,3,pure,17.8,5.930146117,148.7413308,0.903273437,-2.36756903,93.23158119,2,200,800,1.6,30,3,0.2,0,0.4884,0,0
4,3,pure,18,6.112099167,148.2637763,0.915899175,-2.407277847,92.93224836,2,200,800,1.6,30,3,0.2,0,0.4884,0,0
4,3,pure,18.2,6.296505787,147.7784197,0.927784844,-2.445534045,92.62802516,2,200,800,1.6,30,3,0.2,0,0.4884,0,0
4,3,pure,18.4,6.483213105,147.2855627,0.938881859,-2.482226143,92.31910067,2,200,800,1.6,30,3,0.2,0,0.4884,0,0
4,3,pure,18.6,6.672058531,146.7855292,0.949141636,-2.517242659,92.00567798,2,200,800,1.6,30,3,0.2,0,0.4884,0,0
4,3,pure,18.8,6.862869759,146.2786656,0.958515591,-2.550472113,91.68797411,2,200,800,1.6,30,3,0.2,0,0.4884,0,0
4,3,pure,19,7.055464767,145.7653404,0.966955141,-2.581803021,91.36622008,2,200,800,1.6,30,3,0.2,0,0.4884,0,0
4,3,pure,19.2,7.249651815,145.2459444,0.974411702,-2.611123903,91.04066088,2,200,800,1.6,30,3,0.2,0,0.4884,0,0
4,3,pure,19.4,7.445229448,144.7208908,0.98083669,-2.638323276,90.71155548,2,200,800,1.6,30,3,0.2,0,0.4884,0,0
4,3,pure,19.6,7.641986491,144.1906151,0.98618152,-2.66328966,90.37917681,2,200,800,1.6,30,3,0.2,0,0.4884,0,0
4,3,pure,19.8,7.839702056,143.6555749,0.99039761,-2.685911573,90.0438118,2,200,800,1.6,30,3,0.2,0,0.4884,0,0
4,3,pure,20,8.038145535,143.1162505,0.993441231,-2.706088561,89.70576134,2,200,800,1.6,30,3,0.2,0,0.4884,0,0
4,3,pure,20.2,8.237078548,142.5731395,0.995852144,-2.725027954,89.36533753,2,200,800,1.6,30,3,0.2,0,0.4884,0,0
4,3,pure,20.4,8.436486393,142.0262393,0.998094628,-2.743706942,89.02253856,2,200,800,1.6,30,3,0.2,0,0.4884,0,0
4,3,pure,20.6,8.6363164,141.4756567,0.999721475,-2.761035323,88.67743153,2,200,800,1.6,30,3,0.2,0,0.4884,0,0
4,3,pure,20.8,8.836374983,140.9218251,1.00039478,-2.776226765,88.33028796,2,200,800,1.6,30,3,0.2,0,0.4884,0,0
4,3,pure,21,9.036474312,140.365166,1.000143333,-2.789339298,87.98137211,2,200,800,1.6,30,3,0.2,0,0.4884,0,0
4,3,pure,21.2,9.236432316,139.8060894,0.99899592,-2.800430949,87.63094095,2,200,800,1.6,30,3,0.2,0,0.4884,0,0
4,3,pure,21.4,9.43607268,139.2449937,0.996981329,-2.809559748,87.27924418,2,200,800,1.6,30,3,0.2,0,0.4884,0,0
4,3,pure,21.6,9.635224847,138.6822655,0.994128346,-2.816783722,86.92652424,2,200,800,1.6,30,3,0.2,0,0.4884,0,0
4,3,pure,21.8,9.833724018,138.1182802,0.990465758,-2.822160901,86.57301627,2,200,800,1.6,30,3,0.2,0,0.4884,0,0
4,3,pure,22,10.03141115,137.5534012,0.986022354,-2.825749313,86.21894815,2,200,800,1.6,30,3,0.2,0,0.4884,0,0
4,3,pure,22.2,10.22813296,136.9879804,0.98082692,-2.827606987,85.86454048,2,200,800,1.6,30,3,0.2,0,0.4884,0,0
4,3,pure,22.4,10.42374192,136.4223584,0.974908243,-2.827791952,85.51000661,2,200,800,1.6,30,3,0.2,0,0.4884,0,0
4,3,pure,22.6,10.61809626,135.8568637,0.968295111,-2.826362235,85.15555257,2,200,800,1.6,30,3,0.2,0,0.4884,0,0
4,3,pure,22.8,10.81105996,135.2918135,0.961016311,-2.823375866,84.80137715,2,200,800,1.6,30,3,0.2,0,0.4884,0,0
4,3,pure,23,11.00250278,134.7275133,0.953100629,-2.818890873,84.44767186,2,200,800,1.6,30,3,0.2,0,0.4884,0,0
4,3,pure,23.2,11.19230021,134.1642571,0.944576854,-2.812965285,84.09462093,2,200,800,1.6,30,3,0.2,0,0.4884,0,0
4,3,pure,23.4,11.38033352,133.6023272,0.935473772,-2.80565713,83.74240131,2,200,800,1.6,30,3,0.2,0,0.4884,0,0
4,3,pure,23.6,11.56648972,133.0419943,0.925820171,-2.797024438,83.39118269,2,200,800,1.6,30,3,0.2,0,0.4884,0,0
4,3,pure,23.8,11.75066159,132.4835174,0.915644837,-2.787125236,83.04112747,2,200,800,1.6,30,3,0.2,0,0.4884,0,0
4,3,pure,24,11.93274766,131.9271442,0.904976559,-2.776017553,82.69239079,2,200,800,1.6,30,3,0.2,0,0.4884,0,0
4,3,pure,24.2,12.11265221,131.3731104,0.893844122,-2.763759419,82.3451205,2,200,800,1.6,30,3,0.2,0,0.4884,0,0
4,3,pure,24.4,12.29028531,130.8216404,0.882276315,-2.750408861,81.9994572,2,200,800,1.6,30,3,0.2,0,0.4884,0,0
4,3,pure,24.6,12.46556274,130.2729469,0.870301925,-2.736023908,81.65553418,2,200,800,1.6,30,3,0.2,0,0.4884,0,0
4,3,pure,24.8,12.63840608,129.7272308,0.857949739,-2.720662589,81.31347749,2,200,800,1.6,30,3,0.2,0,0.4884,0,0
4,3,pure,25,12.80874264,129.1846818,0.845248543,-2.704382932,80.97340589,2,200,800,1.6,30,3,0.2,0,0.4884,0,0
4,3,pure,25.2,12.97650549,128.6454777,0.832227125,-2.687242966,80.63543086,2,200,800,1.6,30,3,0.2,0,0.4884,0,0
4,3,pure,25.4,13.14163349,128.1097846,0.818914273,-2.66930072,80.29965661,2,200,800,1.6,30,3,0.2,0,0.4884,0,0
4,3,pure,25.6,13.3040712,127.5777574,0.805338774,-2.650614222,79.96618009,2,200,800,1.6,30,3,0.2,0,0.4884,0,0
4,3,pure,25.8,13.463769,127.049539,0.791529414,-2.631241501,79.63509094,2,200,800,1.6,30,3,0.2,0,0.4884,0,0
4,3,pure,26,13.62068297,126.5252608,0.777514982,-2.611240586,79.30647157,2,200,800,1.6,30,3,0.2,0,0.4884,0,0
4,3,pure,26.2,13.77477499,126.0050427,0.763324263,-2.590669504,78.98039709,2,200,800,1.6,30,3,0.2,0,0.4884,0,0
4,3,pure,26.4,13.92601267,125.488993,0.748986046,-2.569586285,78.65693533,2,200,800,1.6,30,3,0.2,0,0.4884,0,0
4,3,pure,26.6,14.07436941,124.9772082,0.734529117,-2.548048958,78.33614685,2,200,800,1.6,30,3,0.2,0,0.4884,0,0
4,3,pure,26.8,14.21982432,124.4697734,0.719982265,-2.526115551,78.01808496,2,200,800,1.6,30,3,0.2,0,0.4884,0,0
4,3,pure,27,14.36236231,123.966762,0.705374275,-2.503844092,77.70279566,2,200,800,1.6,30,3,0.2,0,0.4884,0,0
4,3,pure,27.2,14.50197403,123.4682358,0.690733935,-2.48129261,77.3903177,2,200,800,1.6,30,3,0.2,0,0.4884,0,0
4,3,pure,27.4,14.63865589,122.9742449,0.676090033,-2.458519134,77.08068254,2,200,800,1.6,30,3,0.2,0,0.4884,0,0
4,3,pure,27.6,14.77241005,122.4848281,0.661471355,-2.435581692,76.77391438,2,200,800,1.6,30,3,0.2,0,0.4884,0,0
4,3,pure,27.8,14.90324443,122.0000123,0.64690669,-2.412538314,76.47003013,2,200,800,1.6,30,3,0.2,0,0.4884,0,0
4,3,pure,28,15.03117272,121.5198128,0.632424823,-2.389447027,76.16903943,2,200,800,1.6,30,3,0.2,0,0.4884,0,0
4,3,pure,28.2,15.15621436,121.0442335,0.618054542,-2.36636586,75.87094466,2,200,800,1.6,30,3,0.2,0,0.4884,0,0
4,3,pure,28.4,15.27839454,120.5732664,0.603824635,-2.343352842,75.57574091,2,200,800,1.6,30,3,0.2,0,0.4884,0,0
4,3,pure,28.6,15.39774421,120.1068923,0.589772004,-2.320461325,75.28341599,2,200,800,1.6,30,3,0.2,0,0.4884,0,0
4,3,pure,28.8,15.51430334,119.6450819,0.576014003,-2.297713524,74.99395163,2,200,800,1.6,30,3,0.2,0,0.4884,0,0
4,3,pure,29,15.62814981,119.1878069,0.562580177,-2.275194943,74.70733007,2,200,800,1.6,30,3,0.2,0,0.4884,0,0
4,3,pure,29.2,15.73933541,118.7350039,0.549378688,-2.253011385,74.4235116,2,200,800,1.6,30,3,0.2,0,0.4884,0,0
4,3,pure,29.4,15.84790129,118.2866024,0.536382536,-2.231179449,74.14245194,2,200,800,1.6,30,3,0.2,0,0.4884,0,0
4,3,pure,29.6,15.95388842,117.8425322,0.523590801,-2.209695983,73.8641072,2,200,800,1.6,30,3,0.2,0,0.4884,0,0
4,3,pure,29.8,16.05733761,117.402724,0.511002561,-2.188557834,73.5884339,2,200,800,1.6,30,3,0.2,0,0.4884,0,0
4,3,pure,30,16.15828945,116.967109,0.498616895,-2.167761848,73.31538895,2,200,800,1.6,30,3,0.2,0,0.4884,0,0
4,3,pure,30.2,16.25678437,116.5356192,0.486432884,-2.147304873,73.04492965,2,200,800,1.6,30,3,0.2,0,0.4884,0,0
4,3,pure,30.4,16.3528626,116.1081871,0.474449607,-2.127183755,72.7770137,2,200,800,1.6,30,3,0.2,0,0.4884,0,0
4,3,pure,30.6,16.44656421,115.6847457,0.462666142,-2.107395342,72.51159919,2,200,800,1.6,30,3,0.2,0,0.4884,0,0
4,3,pure,30.8,16.53792906,115.2652289,0.45108157,-2.08793648,72.24864462,2,200,800,1.6,30,3,0.2,0,0.4884,0,0
4,3,pure,31,16.62699684,114.8495711,0.439694969,-2.068804015,71.98810887,2,200,800,1.6,30,3,0.2,0,0.4884,0,0
4,3,pure,31.2,16.71380705,114.4377073,0.428505419,-2.049994796,71.72995121,2,200,800,1.6,30,3,0.2,0,0.4884,0,0
4,3,pure,31.4,16.79839901,114.0295732,0.417511999,-2.031505668,71.47413133,2,200,800,1.6,30,3,0.2,0,0.4884,0,0
4,3,pure,31.6,16.88081185,113.6251051,0.406713789,-2.013333479,71.2206093,2,200,800,1.6,30,3,0.2,0,0.4884,0,0
4,3,pure,31.8,16.96108452,113.2242398,0.396109867,-1.995475075,70.96934557,2,200,800,1.6,30,3,0.2,0,0.4884,0,0
4,3,pure,32,17.03925579,112.826915,0.385699314,-1.977927303,70.72030102,2,200,800,1.6,30,3,0.2,0,0.4884,0,0
4,3,pure,32.2,17.11536425,112.4330689,0.375481208,-1.960687011,70.4734369,2,200,800,1.6,30,3,0.2,0,0.4884,0,0
4,3,pure,32.4,17.18944828,112.0426402,0.365454629,-1.943751044,70.22871486,2,200,800,1.6,30,3,0.2,0,0.4884,0,0
4,3,pure,32.6,17.2615461,111.6555685,0.355618656,-1.927116251,69.98609695,2,200,800,1.6,30,3,0.2,0,0.4884,0,0
4,3,pure,32.8,17.33169574,111.2717937,0.345972368,-1.910779477,69.7455456,2,200,800,1.6,30,3,0.2,0,0.4884,0,0
4,3,pure,33,17.39993505,110.8912567,0.336514846,-1.89473757,69.50702367,2,200,800,1.6,30,3,0.2,0,0.4884,0,0
4,3,pure,33.2,17.46630168,110.5138987,0.327245167,-1.878987376,69.27049437,2,200,800,1.6,30,3,0.2,0,0.4884,0,0
4,3,pure,33.4,17.53083311,110.1396617,0.318162412,-1.863525742,69.03592135,2,200,800,1.6,30,3,0.2,0,0.4884,0,0
4,3,pure,33.6,17.59356664,109.7684884,0.309265659,-1.848349516,68.80326862,2,200,800,1.6,30,3,0.2,0,0.4884,0,0
4,3,pure,33.8,17.65453938,109.4003219,0.300553989,-1.833455544,68.5725006,2,200,800,1.6,30,3,0.2,0,0.4884,0,0
4,3,pure,34,17.71378824,109.0351062,0.292026479,-1.818840672,68.34358211,2,200,800,1.6,30,3,0.2,0,0.4884,0,0
4,3,pure,34.2,17.77134997,108.6727857,0.283682211,-1.804501749,68.11647835,2,200,800,1.6,30,3,0.2,0,0.4884,0,0
4,3,pure,34.4,17.82726112,108.3133055,0.275520263,-1.79043562,67.89115493,2,200,800,1.6,30,3,0.2,0,0.4884,0,0
4,3,pure,34.6,17.88155807,107.9566114,0.267539714,-1.776639133,67.66757785,2,200,800,1.6,30,3,0.2,0,0.4884,0,0
4,3,pure,34.8,17.93427701,107.6026498,0.259739643,-1.763109134,67.4457135,2,200,800,1.6,30,3,0.2,0,0.4884,0,0
4,3,pure,35,17.98545393,107.2513678,0.252119131,-1.74984247,67.22552869,2,200,800,1.6,30,3,0.2,0,0.4884,0,0
4,3,pure,35.2,18.03512466,106.9027128,0.244677256,-1.736835988,67.00699058,2,200,800,1.6,30,3,0.2,0,0.4884,0,0
4,3,pure,35.4,18.08332483,106.5566334,0.237413098,-1.724086535,66.79006676,2,200,800,1.6,30,3,0.2,0,0.4884,0,0
4,3,pure,35.6,18.1300899,106.2130782,0.230325735,-1.711590959,66.57472521,2,200,800,1.6,30,3,0.2,0,0.4884,0,0
4,3,pure,35.8,18.17545513,105.871997,0.223414248,-1.699346104,66.3609343,2,200,800,1.6,30,3,0.2,0,0.4884,0,0
4,3,pure,36,18.2194556,105.5333398,0.216677716,-1.68734882,66.1486628,2,200,800,1.6,30,3,0.2,0,0.4884,0,0
4,3,pure,36.2,18.26212621,105.1970575,0.210115218,-1.675595951,65.93787987,2,200,800,1.6,30,3,0.2,0,0.4884,0,0
4,3,pure,36.4,18.30350169,104.8631014,0.203725833,-1.664084346,65.72855507,2,200,800,1.6,30,3,0.2,0,0.4884,0,0
4,3,pure,36.6,18.34361655,104.5314237,0.19750864,-1.652810852,65.52065834,2,200,800,1.6,30,3,0.2,0,0.4884,0,0
4,3,pure,36.8,18.38250514,104.2019771,0.191462719,-1.641772314,65.31416004,2,200,800,1.6,30,3,0.2,0,0.4884,0,0
4,3,pure,37,18.42020163,103.8747148,0.18558715,-1.63096558,65.10903091,2,200,800,1.6,30,3,0.2,0,0.4884,0,0
4,3,pure,37.2,18.45674,103.5495908,0.179881011,-1.620387496,64.90524209,2,200,800,1.6,30,3,0.2,0,0.4884,0,0
4,3,pure,37.4,18.49215404,103.2265598,0.174343383,-1.610034911,64.70276511,2,200,800,1.6,30,3,0.2,0,0.4884,0,0
4,3,pure,37.6,18.52647736,102.9055769,0.168973343,-1.59990467,64.50157191,2,200,800,1.6,30,3,0.2,0,0.4884,0,0
4,3,pure,37.8,18.55974338,102.5865979,0.163769972,-1.58999362,64.3016348,2,200,800,1.6,30,3,0.2,0,0.4884,0,0
4,3,pure,38,18.59198534,102.2695794,0.158732349,-1.580298608,64.10292651,2,200,800,1.6,30,3,0.2,0,0.4884,0,0
4,3,pure,38.2,18.62323632,101.9544785,0.153859553,-1.570816481,63.90542014,2,200,800,1.6,30,3,0.2,0,0.4884,0,0
4,3,pure,38.4,18.65352917,101.6412528,0.149150664,-1.561544087,63.70908922,2,200,800,1.6,30,3,0.2,0,0.4884,0,0
4,3,pure,38.6,18.68289658,101.3298608,0.14460476,-1.552478271,63.51390765,2,200,800,1.6,30,3,0.2,0,0.4884,0,0
4,3,pure,38.8,18.71137107,101.0202615,0.140220922,-1.54361588,63.31984972,2,200,800,1.6,30,3,0.2,0,0.4884,0,0
4,3,pure,39,18.73898495,100.7124145,0.136068784,-1.53527201,63.12689014,2,200,800,1.6,30,3,0.2,0,0.4884,0,0
4,3,pure,39.2,18.76579858,100.4061527,0.13220993,-1.527818077,62.93492419,2,200,800,1.6,30,3,0.2,0,0.4884,0,0
4,3,pure,39.4,18.79186892,100.1012873,0.12853621,-1.520914063,62.74383347,2,200,800,1.6,30,3,0.2,0,0.4884,0,0
4,3,pure,39.6,18.81721307,99.79778709,0.124947255,-1.514163223,62.55359851,2,200,800,1.6,30,3,0.2,0,0.4884,0,0
4,3,pure,39.8,18.84184782,99.49562197,0.121441816,-1.507562516,62.36420037,2,200,800,1.6,30,3,0.2,0,0.4884,0,0
4,3,pure,40,18.86578979,99.19476209,0.11801886,-1.501109816,62.17562035,2,200,800,1.6,30,3,0.2,0,0.4884,0,0
4,3,pure,40.2,18.88905537,98.89517805,0.114677355,-1.494803,61.98784004,2,200,800,1.6,30,3,0.2,0,0.4884,0,0
4,3,pure,40.4,18.91166074,98.59684089,0.111416269,-1.488639941,61.80084127,2,200,800,1.6,30,3,0.2,0,0.4884,0,0
4,3,pure,40.6,18.93362188,98.29972207,0.108234569,-1.482618516,61.61460617,2,200,800,1.6,30,3,0.2,0,0.4884,0,0
4,3,pure,40.8,18.95495456,98.00379348,0.105131224,-1.476736599,61.42911711,2,200,800,1.6,30,3,0.2,0,0.4884,0,0
4,3,pure,41,18.97567437,97.70902743,0.1021052,-1.470992066,61.24435672,2,200,800,1.6,30,3,0.2,0,0.4884,0,0
4,3,pure,41.2,18.99579664,97.41539665,0.099155467,-1.465382791,61.06030794,2,200,800,1.6,30,3,0.2,0,0.4884,0,0
4,3,pure,41.4,19.01533655,97.12287431,0.09628099,-1.459906651,60.87695392,2,200,800,1.6,30,3,0.2,0,0.4884,0,0
4,3,pure,41.6,19.03430904,96.83143399,0.093480739,-1.454561519,60.69427812,2,200,800,1.6,30,3,0.2,0,0.4884,0,0
4,3,pure,41.8,19.05272885,96.54104971,0.090753681,-1.449345272,60.51226424,2,200,800,1.6,30,3,0.2,0,0.4884,0,0
4,3,pure,42,19.07061051,96.25169588,0.088098784,-1.444255785,60.33089627,2,200,800,1.6,30,3,0.2,0,0.4884,0,0
4,3,pure,42.2,19.08796836,95.96334739,0.085515015,-1.439290933,60.15015843,2,200,800,1.6,30,3,0.2,0,0.4884,0,0
4,3,pure,42.4,19.10481652,95.67597951,0.083001342,-1.43444859,59.97003525,2,200,800,1.6,30,3,0.2,0,0.4884,0,0
4,3,pure,42.6,19.1211689,95.38956796,0.080556732,-1.429726633,59.7905115,2,200,800,1.6,30,3,0.2,0,0.4884,0,0
4,3,pure,42.8,19.13703921,95.10408886,0.078180155,-1.425122935,59.61157221,2,200,800,1.6,30,3,0.2,0,0.4884,0,0
4,3,pure,43,19.15244096,94.81951878,0.075870577,-1.420635374,59.4332027,2,200,800,1.6,30,3,0.2,0,0.4884,0,0
4,3,pure,43.2,19.16738744,94.53583471,0.073626965,-1.416261823,59.25538854,2,200,800,1.6,30,3,0.2,0,0.4884,0,0
4,3,pure,43.4,19.18189175,94.25301405,0.071448289,-1.412000158,59.07811557,2,200,800,1.6,30,3,0.2,0,0.4884,0,0
4,3,pure,43.6,19.19596676,93.97103465,0.069333515,-1.407848254,58.9013699,2,200,800,1.6,30,3,0.2,0,0.4884,0,0
4,3,pure,43.8,19.20962515,93.68987475,0.067281611,-1.403803987,58.72513791,2,200,800,1.6,30,3,0.2,0,0.4884,0,0
4,3,pure,44,19.2228794,93.40951305,0.065291545,-1.399865231,58.54940622,2,200,800,1.6,30,3,0.2,0,0.4884,0,0
4,3,pure,44.2,19.23574177,93.12992866,0.063362284,-1.396029861,58.37416176,2,200,800,1.6,30,3,0.2,0,0.4884,0,0
4,3,pure,44.4,19.24822431,92.85110111,0.061492798,-1.392295754,58.19939168,2,200,800,1.6,30,3,0.2,0,0.4884,0,0
4,3,pure,44.6,19.26033889,92.57301036,0.059682052,-1.388660783,58.02508344,2,200,800,1.6,30,3,0.2,0,0.4884,0,0
4,3,pure,44.8,19.27209714,92.29563679,0.057929015,-1.385122825,57.85122473,2,200,800,1.6,30,3,0.2,0,0.4884,0,0
4,3,pure,45,19.28351049,92.01896123,0.056232655,-1.381679754,57.67780353,2,200,800,1.6,30,3,0.2,0,0.4884,0,0
4,3,pure,45.2,19.2945902,91.74296489,0.054591939,-1.378329446,57.50480807,2,200,800,1.6,30,3,0.2,0,0.4884,0,0
4,3,pure,45.4,19.30534727,91.46762945,0.053005835,-1.375069776,57.33222686,2,200,800,1.6,30,3,0.2,0,0.4884,0,0
4,3,pure,45.6,19.31579253,91.19293698,0.05147331,-1.371898618,57.16004867,2,200,800,1.6,30,3,0.2,0,0.4884,0,0
4,3,pure,45.8,19.32593659,90.91887,0.049993334,-1.368813849,56.98826254,2,200,800,1.6,30,3,0.2,0,0.4884,0,0
4,3,pure,46,19.33578986,90.64541144,0.048564872,-1.365813344,56.81685776,2,200,800,1.6,30,3,0.2,0,0.4884,0,0
4,3,pure,46.2,19.34536254,90.37254466,0.047186894,-1.362894976,56.64582392,2,200,800,1.6,30,3,0.2,0,0.4884,0,0
4,3,pure,46.4,19.35466462,90.10025345,0.045858366,-1.360056623,56.47515085,2,200,800,1.6,30,3,0.2,0,0.4884,0,0
4,3,pure,46.6,19.36370589,89.82852201,0.044578256,-1.357296159,56.30482864,2,200,800,1.6,30,3,0.2,0,0.4884,0,0
4,3,pure,46.8,19.37249592,89.55733499,0.043345533,-1.354611458,56.13484768,2,200,800,1.6,30,3,0.2,0,0.4884,0,0
4,3,pure,47,19.3810441,89.28667743,0.042159164,-1.352000397,55.96519858,2,200,800,1.6,30,3,0.2,0,0.4884,0,0
4,3,pure,47.2,19.38935959,89.01653483,0.041018116,-1.349460851,55.79587226,2,200,800,1.6,30,3,0.2,0,0.4884,0,0
4,3,pure,47.4,19.39745135,88.74689309,0.039921358,-1.346990694,55.62685989,2,200,800,1.6,30,3,0.2,0,0.4884,0,0
4,3,pure,47.6,19.40532813,88.47773855,0.038867856,-1.344587802,55.45815289,2,200,800,1.6,30,3,0.2,0,0.4884,0,0
4,3,pure,47.8,19.41299849,88.20905797,0.03785658,-1.342250051,55.28974297,2,200,800,1.6,30,3,0.2,0,0.4884,0,0
4,3,pure,48,19.42047076,87.94083853,0.036886496,-1.339975314,55.1216221,2,200,800,1.6,30,3,0.2,0,0.4884,0,0
4,3,pure,48.2,19.42775309,87.67306784,0.035956572,-1.337761468,54.95378251,2,200,800,1.6,30,3,0.2,0,0.4884,0,0
4,3,pure,48.4,19.43485339,87.40573394,0.035064132,-1.335617472,54.78621669,2,200,800,1.6,30,3,0.2,0,0.4884,0,0
4,3,pure,48.6,19.44177874,87.13882085,0.034199316,-1.333546416,54.61891464,2,200,800,1.6,30,3,0.2,0,0.4884,0,0
4,3,pure,48.8,19.44853312,86.87231538,0.033352287,-1.331523122,54.45186809,2,200,800,1.6,30,3,0.2,0,0.4884,0,0
4,3,pure,49,19.45511966,86.60621161,0.032520848,-1.329529166,54.28507332,2,200,800,1.6,30,3,0.2,0,0.4884,0,0
4,3,pure,49.2,19.46154146,86.34050371,0.031704882,-1.32756423,54.11852669,2,200,800,1.6,30,3,0.2,0,0.4884,0,0
4,3,pure,49.4,19.46780161,86.07518591,0.030904274,-1.325628026,53.95222458,2,200,800,1.6,30,3,0.2,0,0.4884,0,0
4,3,pure,49.6,19.47390317,85.8102525,0.030118906,-1.323720267,53.7861634,2,200,800,1.6,30,3,0.2,0,0.4884,0,0
4,3,pure,49.8,19.47984917,85.54569781,0.029348664,-1.321840665,53.6203396,2,200,800,1.6,30,3,0.2,0,0.4884,0,0
4,3,pure,50,19.48564263,85.28151623,0.028593431,-1.319988932,53.45474968,2,200,800,1.6,30,3,0.2,0,0.4884,0,0
4,3,pure,50.2,19.49128654,85.01770223,0.027853091,-1.318164782,53.28939015,2,200,800,1.6,30,3,0.2,0,0.4884,0,0
4,3,pure,50.4,19.49678387,84.75425032,0.027127527,-1.316367925,53.12425758,2,200,800,1.6,30,3,0.2,0,0.4884,0,0
4,3,pure,50.6,19.50213756,84.49115506,0.026416625,-1.314598076,52.95934856,2,200,800,1.6,30,3,0.2,0,0.4884,0,0
4,3,pure,50.8,19.50735052,84.22841109,0.025720267,-1.312854946,52.79465973,2,200,800,1.6,30,3,0.2,0,0.4884,0,0
4,3,pure,51,19.51242566,83.96601309,0.025038337,-1.311138248,52.63018775,2,200,800,1.6,30,3,0.2,0,0.4884,0,0
4,3,pure,51.2,19.51736586,83.70395579,0.024370721,-1.309447694,52.46592933,2,200,800,1.6,30,3,0.2,0,0.4884,0,0
4,3,pure,51.4,19.52217395,83.44223401,0.0237173,-1.307782996,52.30188121,2,200,800,1.6,30,3,0.2,0,0.4884,0,0
4,3,pure,51.6,19.52685278,83.18084259,0.02307796,-1.306143867,52.13804016,2,200,800,1.6,30,3,0.2,0,0.4884,0,0
4,3,pure,51.8,19.53140513,82.91977646,0.022452584,-1.30453002,51.97440301,2,200,800,1.6,30,3,0.2,0,0.4884,0,0
4,3,pure,52,19.53583381,82.65903059,0.021841057,-1.302941167,51.81096659,2,200,800,1.6,30,3,0.2,0,0.4884,0,0
4,3,pure,52.2,19.54014156,82.39859999,0.021243261,-1.30137702,51.64772779,2,200,800,1.6,30,3,0.2,0,0.4884,0,0
4,3,pure,52.4,19.54433111,82.13847978,0.020659081,-1.299837292,51.48468354,2,200,800,1.6,30,3,0.2,0,0.4884,0,0
4,3,pure,52.6,19.54840519,81.87866508,0.020088402,-1.298321695,51.32183079,2,200,800,1.6,30,3,0.2,0,0.4884,0,0
4,3,pure,52.8,19.55236647,81.6191511,0.019531106,-1.296829941,51.15916653,2,200,800,1.6,30,3,0.2,0,0.4884,0,0
4,3,pure,53,19.55621763,81.3599331,0.018987077,-1.295361744,50.99668779,2,200,800,1.6,30,3,0.2,0,0.4884,0,0
4,3,pure,53.2,19.55996131,81.1010064,0.018456201,-1.293916815,50.83439164,2,200,800,1.6,30,3,0.2,0,0.4884,0,0
4,3,pure,53.4,19.56360011,80.84236638,0.01793836,-1.292494867,50.67227517,2,200,800,1.6,30,3,0.2,0,0.4884,0,0
4,3,pure,53.6,19.56713665,80.58400846,0.017433438,-1.291095612,50.51033553,2,200,800,1.6,30,3,0.2,0,0.4884,0,0
4,3,pure,53.8,19.57057349,80.32592813,0.01694132,-1.289718763,50.34856989,2,200,800,1.6,30,3,0.2,0,0.4884,0,0
4,3,pure,54,19.57391318,80.06812095,0.016461889,-1.288364032,50.18697546,2,200,800,1.6,30,3,0.2,0,0.4884,0,0
4,3,pure,54.2,19.57715824,79.81058252,0.015995029,-1.287031132,50.02554948,2,200,800,1.6,30,3,0.2,0,0.4884,0,0
4,3,pure,54.4,19.58031119,79.5533085,0.015540624,-1.285719775,49.86428923,2,200,800,1.6,30,3,0.2,0,0.4884,0,0
4,3,pure,54.6,19.58337449,79.29629461,0.015098558,-1.284429673,49.70319204,2,200,800,1.6,30,3,0.2,0,0.4884,0,0
4,3,pure,54.8,19.58635061,79.03953663,0.014668715,-1.28316054,49.54225524,2,200,800,1.6,30,3,0.2,0,0.4884,0,0
4,3,pure,55,19.58924198,78.78303039,0.014250979,-1.281912086,49.38147625,2,200,800,1.6,30,3,0.2,0,0.4884,0,0
4,3,pure,55.2,19.592051,78.52677179,0.013845233,-1.280684026,49.22085247,2,200,800,1.6,30,3,0.2,0,0.4884,0,0
4,3,pure,55.4,19.59478007,78.27075678,0.013451363,-1.279476071,49.06038138,2,200,800,1.6,30,3,0.2,0,0.4884,0,0
4,3,pure,55.6,19.59743155,78.01498137,0.01306925,-1.278287933,48.90006046,2,200,800,1.6,30,3,0.2,0,0.4884,0,0
4,3,pure,55.8,19.60000777,77.75944161,0.012698781,-1.277119326,48.73988725,2,200,800,1.6,30,3,0.2,0,0.4884,0,0
4,3,pure,56,19.60251106,77.50413364,0.012339837,-1.275969961,48.57985933,2,200,800,1.6,30,3,0.2,0,0.4884,0,0
4,3,pure,56.2,19.60494371,77.24905362,0.011992304,-1.274839551,48.4199743,2,200,800,1.6,30,3,0.2,0,0.4884,0,0
4,3,pure,56.4,19.60730798,76.99419782,0.011656065,-1.273727808,48.26022979,2,200,800,1.6,30,3,0.2,0,0.4884,0,0
4,3,pure,56.6,19.60960613,76.7395625,0.011331004,-1.272634445,48.1006235,2,200,800,1.6,30,3,0.2,0,0.4884,0,0
4,3,pure,56.8,19.61184038,76.48514404,0.011017005,-1.271559175,47.94115312,2,200,800,1.6,30,3,0.2,0,0.4884,0,0
4,3,pure,57,19.61401294,76.23093883,0.010713952,-1.270501709,47.78181642,2,200,800,1.6,30,3,0.2,0,0.4884,0,0
4,3,pure,57.2,19.61612596,75.97694335,0.010421729,-1.26946176,47.62261118,2,200,800,1.6,30,3,0.2,0,0.4884,0,0
4,3,pure,57.4,19.61818163,75.72315413,0.01014022,-1.268439041,47.46353521,2,200,800,1.6,30,3,0.2,0,0.4884,0,0
4,3,pure,57.6,19.62018205,75.46956774,0.009869308,-1.267433264,47.30458638,2,200,800,1.6,30,3,0.2,0,0.4884,0,0
4,3,pure,57.8,19.62212935,75.21618082,0.009608878,-1.266444142,47.14576259,2,200,800,1.6,30,3,0.2,0,0.4884,0,0
4,3,pure,58,19.6240256,74.96299008,0.009358813,-1.265471386,46.98706175,2,200,800,1.6,30,3,0.2,0,0.4884,0,0
4,3,pure,58.2,19.62587288,74.70999227,0.009118998,-1.264514709,46.82848185,2,200,800,1.6,30,3,0.2,0,0.4884,0,0
4,3,pure,58.4,19.6276732,74.4571842,0.008889316,-1.263573824,46.67002087,2,200,800,1.6,30,3,0.2,0,0.4884,0,0
4,3,pure,58.6,19.6294286,74.20456274,0.008669651,-1.262648444,46.51167687,2,200,800,1.6,30,3,0.2,0,0.4884,0,0
4,3,pure,58.8,19.63114106,73.95212482,0.008459887,-1.26173828,46.35344791,2,200,800,1.6,30,3,0.2,0,0.4884,0,0
4,3,pure,59,19.63281256,73.69986743,0.008259908,-1.260843045,46.1953321,2,200,800,1.6,30,3,0.2,0,0.4884,0,0
4,3,pure,59.2,19.63444503,73.4477876,0.008069599,-1.259962451,46.03732759,2,200,800,1.6,30,3,0.2,0,0.4884,0,0
4,3,pure,59.4,19.6360404,73.19588245,0.007888842,-1.259096212,45.87943257,2,200,800,1.6,30,3,0.2,0,0.4884,0,0
4,3,pure,59.6,19.63760056,72.94414912,0.007717521,-1.258244038,45.72164525,2,200,800,1.6,30,3,0.2,0,0.4884,0,0
4,3,pure,59.8,19.6391274,72.69258483,0.007555522,-1.257405644,45.56396388,2,200,800,1.6,30,3,0.2,0,0.4884,0,0
4,3,pure,60,19.64062277,72.44118686,0.007402727,-1.25658074,45.40638676,2,200,800,1.6,30,3,0.2,0,0.4884,0,0
4,3,pure,60.2,19.6420885,72.18995253,0.00725902,-1.255769041,45.24891222,2,200,800,1.6,30,3,0.2,0,0.4884,0,0
4,3,pure,60.4,19.64352638,71.93887924,0.007124286,-1.254970257,45.09153861,2,200,800,1.6,30,3,0.2,0,0.4884,0,0
4,3,pure,60.6,19.64493821,71.68796443,0.006998409,-1.254184102,44.93426434,2,200,800,1.6,30,3,0.2,0,0.4884,0,0
4,3,pure,60.8,19.64632574,71.4372056,0.006881271,-1.253410288,44.77708783,2,200,800,1.6,30,3,0.2,0,0.4884,0,0
4,3,pure,61,19.64769072,71.18660032,0.006772758,-1.252648527,44.62000757,2,200,800,1.6,30,3,0.2,0,0.4884,0,0
4,3,pure,61.2,19.64903485,70.93614619,0.006671712,-1.251897327,44.46302206,2,200,800,1.6,30,3,0.2,0,0.4884,0,0
4,3,pure,61.4,19.6503594,70.68584139,0.006559577,-1.251135079,44.30613014,2,200,800,1.6,30,3,0.2,0,0.4884,0,0
4,3,pure,61.6,19.65165868,70.43569216,0.006428221,-1.250352396,44.14933574,2,200,800,1.6,30,3,0.2,0,0.4884,0,0
4,3,pure,61.8,19.65293069,70.18570043,0.006293028,-1.249567159,43.99264006,2,200,800,1.6,30,3,0.2,0,0.4884,0,0
4,3,pure,62,19.65417589,69.9358653,0.006160037,-1.248786359,43.83604253,2,200,800,1.6,30,3,0.2,0,0.4884,0,0
4,3,pure,62.2,19.65539471,69.68618588,0.006029231,-1.248009951,43.67954261,2,200,800,1.6,30,3,0.2,0,0.4884,0,0
4,3,pure,62.4,19.65658758,69.43666132,0.005900591,-1.247237893,43.52313975,2,200,800,1.6,30,3,0.2,0,0.4884,0,0
4,3,pure,62.6,19.65775494,69.18729073,0.0057741,-1.246470139,43.3668334,2,200,800,1.6,30,3,0.2,0,0.4884,0,0
4,3,pure,62.8,19.65889722,68.93807326,0.005649737,-1.245706647,43.21062303,2,200,800,1.6,30,3,0.2,0,0.4884,0,0
4,3,pure,63,19.66001484,68.68900807,0.005527486,-1.244947372,43.0545081,2,200,800,1.6,30,3,0.2,0,0.4884,0,0
4,3,pure,63.2,19.66110821,68.44009431,0.005407327,-1.244192271,42.8984881,2,200,800,1.6,30,3,0.2,0,0.4884,0,0
4,3,pure,63.4,19.66217777,68.19133116,0.005289242,-1.2434413,42.74256249,2,200,800,1.6,30,3,0.2,0,0.4884,0,0
4,3,pure,63.6,19.66322391,67.94271779,0.005173213,-1.242694416,42.58673077,2,200,800,1.6,30,3,0.2,0,0.4884,0,0
4,3,pure,63.8,19.66424705,67.69425339,0.005059221,-1.241951574,42.43099243,2,200,800,1.6,30,3,0.2,0,0.4884,0,0
4,3,pure,64,19.6652476,67.44593716,0.004947248,-1.241212731,42.27534695,2,200,800,1.6,30,3,0.2,0,0.4884,0,0
4,3,pure,64.2,19.66622595,67.1977683,0.004837276,-1.240477842,42.11979385,2,200,800,1.6,30,3,0.2,0,0.4884,0,0
4,3,pure,64.4,19.66718251,66.94974602,0.004729285,-1.239746865,41.96433263,2,200,800,1.6,30,3,0.2,0,0.4884,0,0
4,3,pure,64.6,19.66811767,66.70186955,0.004623258,-1.239019756,41.8089628,2,200,800,1.6,30,3,0.2,0,0.4884,0,0
4,3,pure,64.8,19.66903181,66.45413812,0.004519177,-1.23829647,41.65368388,2,200,800,1.6,30,3,0.2,0,0.4884,0,0
4,3,pure,65,19.66992534,66.20655097,0.004417021,-1.237576965,41.4984954,2,200,800,1.6,30,3,0.2,0,0.4884,0,0
4,3,pure,65.2,19.67079862,65.95910734,0.004316774,-1.236861195,41.34339687,2,200,800,1.6,30,3,0.2,0,0.4884,0,0
4,3,pure,65.4,19.67165205,65.71180649,0.004218417,-1.236149118,41.18838784,2,200,800,1.6,30,3,0.2,0,0.4884,0,0
4,3,pure,65.6,19.67248599,65.46464769,0.004121932,-1.23544069,41.03346785,2,200,800,1.6,30,3,0.2,0,0.4884,0,0
4,3,pure,65.8,19.67330082,65.21763021,0.004027299,-1.234735867,40.87863644,2,200,800,1.6,30,3,0.2,0,0.4884,0,0
4,3,pure,66,19.67409691,64.97075334,0.003934501,-1.234034605,40.72389317,2,200,800,1.6,30,3,0.2,0,0.4884,0,0
4,3,pure,66.2,19.67487462,64.72401637,0.003843519,-1.233336861,40.56923758,2,200,800,1.6,30,3,0.2,0,0.4884,0,0
4,3,pure,66.4,19.67563432,64.4774186,0.003754335,-1.23264259,40.41466924,2,200,800,1.6,30,3,0.2,0,0.4884,0,0
4,3,pure,66.6,19.67637635,64.23095933,0.00366693,-1.231951749,40.26018772,2,200,800,1.6,30,3,0.2,0,0.4884,0,0
4,3,pure,66.8,19.67710109,63.9846379,0.003581286,-1.231264294,40.10579259,2,200,800,1.6,30,3,0.2,0,0.4884,0,0
4,3,pure,67,19.67780887,63.73845362,0.003497384,-1.230580182,39.95148343,2,200,800,1.6,30,3,0.2,0,0.4884,0,0
4,3,pure,67.2,19.67850004,63.49240583,0.003415206,-1.229899369,39.79725982,2,200,800,1.6,30,3,0.2,0,0.4884,0,0
4,3,pure,67.4,19.67917495,63.24649387,0.003334734,-1.22922181,39.64312136,2,200,800,1.6,30,3,0.2,0,0.4884,0,0
4,3,pure,67.6,19.67983394,63.0007171,0.003255949,-1.228547462,39.48906763,2,200,800,1.6,30,3,0.2,0,0.4884,0,0
4,3,pure,67.8,19.68047733,62.75507488,0.003178832,-1.227876282,39.33509824,2,200,800,1.6,30,3,0.2,0,0.4884,0,0
4,3,pure,68,19.68110547,62.50956659,0.003103366,-1.227208226,39.18121279,2,200,800,1.6,30,3,0.2,0,0.4884,0,0
4,3,pure,68.2,19.68171868,62.26419159,0.003029531,-1.22654325,39.02741089,2,200,800,1.6,30,3,0.2,0,0.4884,0,0
4,3,pure,68.4,19.68231728,62.01894929,0.00295731,-1.225881309,38.87369216,2,200,800,1.6,30,3,0.2,0,0.4884,0,0
4,3,pure,68.6,19.6829016,61.77383907,0.002886684,-1.225222361,38.72005623,2,200,800,1.6,30,3,0.2,0,0.4884,0,0
4,3,pure,68.8,19.68347195,61.52886034,0.002817635,-1.224566362,38.56650272,2,200,800,1.6,30,3,0.2,0,0.4884,0,0
4,3,pure,69,19.68402866,61.28401253,0.002750144,-1.223913268,38.41303126,2,200,800,1.6,30,3,0.2,0,0.4884,0,0
4,3,pure,69.2,19.68457201,61.03929504,0.002684192,-1.223263034,38.25964149,2,200,800,1.6,30,3,0.2,0,0.4884,0,0
4,3,pure,69.4,19.68510233,60.79470731,0.002619761,-1.222615618,38.10633305,2,200,800,1.6,30,3,0.2,0,0.4884,0,0
4,3,pure,69.6,19.68561992,60.55024879,0.002556834,-1.221970976,37.95310561,2,200,800,1.6,30,3,0.2,0,0.4884,0,0
4,3,pure,69.8,19.68612507,60.30591892,0.002495391,-1.221329064,37.7999588,2,200,800,1.6,30,3,0.2,0,0.4884,0,0
4,3,pure,70,19.68661807,60.06171716,0.002435413,-1.220689837,37.64689229,2,200,800,1.6,30,3,0.2,0,0.4884,0,0
4,3,pure,70.2,19.68709923,59.81764299,0.002376884,-1.220053253,37.49390575,2,200,800,1.6,30,3,0.2,0,0.4884,0,0
4,3,pure,70.4,19.68756883,59.57369586,0.002319783,-1.219419268,37.34099885,2,200,800,1.6,30,3,0.2,0,0.4884,0,0
4,3,pure,70.6,19.68802714,59.32987528,0.002264093,-1.218787837,37.18817126,2,200,800,1.6,30,3,0.2,0,0.4884,0,0
4,3,pure,70.8,19.68847446,59.08618073,0.002209795,-1.218158917,37.03542267,2,200,800,1.6,30,3,0.2,0,0.4884,0,0
4,3,pure,71,19.68891106,58.84261171,0.002156871,-1.217532465,36.88275277,2,200,800,1.6,30,3,0.2,0,0.4884,0,0
4,3,pure,71.2,19.68933721,58.59916774,0.002105303,-1.216908436,36.73016125,2,200,800,1.6,30,3,0.2,0,0.4884,0,0
4,3,pure,71.4,19.68975318,58.35584834,0.002055071,-1.216286787,36.5776478,2,200,800,1.6,30,3,0.2,0,0.4884,0,0
4,3,pure,71.6,19.69015924,58.11265303,0.002006158,-1.215667475,36.42521214,2,200,800,1.6,30,3,0.2,0,0.4884,0,0
4,3,pure,71.8,19.69055565,57.86958135,0.001958545,-1.215050454,36.27285397,2,200,800,1.6,30,3,0.2,0,0.4884,0,0
4,3,pure,72,19.69094266,57.62663285,0.001912214,-1.214435682,36.12057301,2,200,800,1.6,30,3,0.2,0,0.4884,0,0
4,3,pure,72.2,19.69132053,57.38380707,0.001867146,-1.213823115,35.96836897,2,200,800,1.6,30,3,0.2,0,0.4884,0,0
4,3,pure,72.4,19.69168952,57.1411036,0.001823323,-1.213212708,35.8162416,2,200,800,1.6,30,3,0.2,0,0.4884,0,0
4,3,pure,72.6,19.69204986,56.89852199,0.001780726,-1.212604419,35.6641906,2,200,800,1.6,30,3,0.2,0,0.4884,0,0
4,3,pure,72.8,19.69240181,56.65606183,0.001739337,-1.211998204,35.51221574,2,200,800,1.6,30,3,0.2,0,0.4884,0,0
4,3,pure,73,19.6927456,56.41372271,0.001699138,-1.211394018,35.36031674,2,200,800,1.6,30,3,0.2,0,0.4884,0,0
4,3,pure,73.2,19.69308146,56.17150422,0.00166011,-1.210791818,35.20849335,2,200,800,1.6,30,3,0.2,0,0.4884,0,0
4,3,pure,73.4,19.69340964,55.92940598,0.001622234,-1.210191561,35.05674533,2,200,800,1.6,30,3,0.2,0,0.4884,0,0
4,3,pure,73.6,19.69373036,55.6874276,0.001585493,-1.209593201,34.90507245,2,200,800,1.6,30,3,0.2,0,0.4884,0,0
4,3,pure,73.8,19.69404384,55.4455687,0.001549867,-1.208996697,34.75347445,2,200,800,1.6,30,3,0.2,0,0.4884,0,0
4,3,pure,74,19.6943503,55.20382892,0.001515339,-1.208402004,34.60195112,2,200,800,1.6,30,3,0.2,0,0.4884,0,0
4,3,pure,74.2,19.69464997,54.9622079,0.00148189,-1.207809077,34.45050223,2,200,800,1.6,30,3,0.2,0,0.4884,0,0
4,3,pure,74.4,19.69494306,54.72070529,0.001449501,-1.207217875,34.29912755,2,200,800,1.6,30,3,0.2,0,0.4884,0,0
4,3,pure,74.6,19.69522977,54.47932075,0.001418154,-1.206628352,34.14782689,2,200,800,1.6,30,3,0.2,0,0.4884,0,0
4,3,pure,74.8,19.69551032,54.23805395,0.001387831,-1.206040465,33.99660002,2,200,800,1.6,30,3,0.2,0,0.4884,0,0
4,3,pure,75,19.69578491,53.99690457,0.001358514,-1.20545417,33.84544675,2,200,800,1.6,30,3,0.2,0,0.4884,0,0
4,3,pure,75.2,19.69605373,53.75587228,0.001330183,-1.204869423,33.69436688,2,200,800,1.6,30,3,0.2,0,0.4884,0,0
4,3,pure,75.4,19.69631698,53.5149568,0.00130282,-1.204286181,33.54336022,2,200,800,1.6,30,3,0.2,0,0.4884,0,0
4,3,pure,75.6,19.69657485,53.27415781,0.001276407,-1.2037044,33.39242658,2,200,800,1.6,30,3,0.2,0,0.4884,0,0
4,3,pure,75.8,19.69682754,53.03347504,0.001250926,-1.203124037,33.24156579,2,200,800,1.6,30,3,0.2,0,0.4884,0,0
4,3,pure,76,19.69707522,52.79290819,0.001226358,-1.202545046,33.09077766,2,200,800,1.6,30,3,0.2,0,0.4884,0,0
4,3,pure,76.2,19.69731808,52.55245702,0.001202685,-1.201967385,32.94006203,2,200,800,1.6,30,3,0.2,0,0.4884,0,0
4,3,pure,76.4,19.6975563,52.31212124,0.001179888,-1.201391011,32.78941873,2,200,800,1.6,30,3,0.2,0,0.4884,0,0
4,3,pure,76.6,19.69779004,52.07190061,0.001157948,-1.200815878,32.63884761,2,200,800,1.6,30,3,0.2,0,0.4884,0,0
4,3,pure,76.8,19.69801948,51.83179489,0.001136848,-1.200241944,32.48834851,2,200,800,1.6,30,3,0.2,0,0.4884,0,0
4,3,pure,77,19.69824478,51.59180384,0.001116569,-1.199669164,32.33792129,2,200,800,1.6,30,3,0.2,0,0.4884,0,0
4,3,pure,77.2,19.69846611,51.35192722,0.001097093,-1.199097495,32.1875658,2,200,800,1.6,30,3,0.2,0,0.4884,0,0
4,3,pure,77.4,19.69868362,51.11216484,0.0010784,-1.198526893,32.0372819,2,200,800,1.6,30,3,0.2,0,0.4884,0,0
4,3,pure,77.6,19.69889747,50.87251647,0.001060473,-1.197957315,31.88706948,2,200,800,1.6,30,3,0.2,0,0.4884,0,0
4,3,pure,77.8,19.69910781,50.63298191,0.001043294,-1.197388716,31.73692839,2,200,800,1.6,30,3,0.2,0,0.4884,0,0
4,3,pure,78,19.69931478,50.39356098,0.001026843,-1.196821053,31.58685852,2,200,800,1.6,30,3,0.2,0,0.4884,0,0
4,3,pure,78.2,19.69951854,50.15425349,0.001011103,-1.196254282,31.43685975,2,200,800,1.6,30,3,0.2,0,0.4884,0,0
4,3,pure,78.4,19.69971922,49.91505927,0.000996054,-1.195688359,31.28693199,2,200,800,1.6,30,3,0.2,0,0.4884,0,0
4,3,pure,78.6,19.69991696,49.67597815,0.000981679,-1.195123241,31.13707511,2,200,800,1.6,30,3,0.2,0,0.4884,0,0
4,3,pure,78.8,19.7001119,49.43700997,0.000967959,-1.194558884,30.98728903,2,200,800,1.6,30,3,0.2,0,0.4884,0,0
4,3,pure,79,19.70030415,49.19815459,0.000954876,-1.193995244,30.83757365,2,200,800,1.6,30,3,0.2,0,0.4884,0,0
4,3,pure,79.2,19.70049385,48.95941187,0.000942411,-1.193432277,30.68792889,2,200,800,1.6,30,3,0.2,0,0.4884,0,0
4,3,pure,79.4,19.70068111,48.72078168,0.000930545,-1.19286994,30.53835466,2,200,800,1.6,30,3,0.2,0,0.4884,0,0
4,3,pure,79.6,19.70086606,48.4822639,0.000919261,-1.192308188,30.38885089,2,200,800,1.6,30,3,0.2,0,0.4884,0,0
4,3,pure,79.8,19.70104882,48.24385841,0.00090854,-1.191746979,30.2394175,2,200,800,1.6,30,3,0.2,0,0.4884,0,0
4,3,pure,80,19.70122948,48.00556511,0.000898364,-1.191186268,30.09005443,2,200,800,1.6,30,3,0.2,0,0.4884,0,0
4,3,pure,80.2,19.70140816,47.7673839,0.000888706,-1.190626012,29.94076163,2,200,800,1.6,30,3,0.2,0,0.4884,0,0
4,3,pure,80.4,19.70158496,47.5293147,0.0008776,-1.19006642,29.79153903,2,200,800,1.6,30,3,0.2,0,0.4884,0,0
4,3,pure,80.6,19.7017592,47.29135733,0.000863427,-1.189507721,29.64238653,2,200,800,1.6,30,3,0.2,0,0.4884,0,0
4,3,pure,80.8,19.70193033,47.05351161,0.000848,-1.188949741,29.49330401,2,200,800,1.6,30,3,0.2,0,0.4884,0,0
4,3,pure,81,19.7020984,46.81577744,0.0008328,-1.188392308,29.3442914,2,200,800,1.6,30,3,0.2,0,0.4884,0,0
4,3,pure,81.2,19.70226345,46.57815469,0.000817826,-1.187835419,29.19534864,2,200,800,1.6,30,3,0.2,0,0.4884,0,0
4,3,pure,81.4,19.70242553,46.34064327,0.000803075,-1.187279073,29.04647566,2,200,800,1.6,30,3,0.2,0,0.4884,0,0
4,3,pure,81.6,19.70258468,46.10324306,0.000788545,-1.186723267,28.89767239,2,200,800,1.6,30,3,0.2,0,0.4884,0,0
4,3,pure,81.8,19.70274095,45.86595396,0.000774235,-1.186167997,28.74893876,2,200,800,1.6,30,3,0.2,0,0.4884,0,0
4,3,pure,82,19.70289438,45.62877586,0.000760143,-1.185613263,28.60027471,2,200,800,1.6,30,3,0.2,0,0.4884,0,0
4,3,pure,82.2,19.70304501,45.39170866,0.000746267,-1.185059062,28.45168016,2,200,800,1.6,30,3,0.2,0,0.4884,0,0
4,3,pure,82.4,19.70319288,45.15475224,0.000732605,-1.18450539,28.30315506,2,200,800,1.6,30,3,0.2,0,0.4884,0,0
4,3,pure,82.6,19.70333805,44.9179065,0.000719156,-1.183952246,28.15469933,2,200,800,1.6,30,3,0.2,0,0.4884,0,0
4,3,pure,82.8,19.70348055,44.68117134,0.000705917,-1.183399628,28.00631291,2,200,800,1.6,30,3,0.2,0,0.4884,0,0
4,3,pure,83,19.70362042,44.44454665,0.000692887,-1.182847532,27.85799574,2,200,800,1.6,30,3,0.2,0,0.4884,0,0
4,3,pure,83.2,19.7037577,44.20803233,0.000680064,-1.182295957,27.70974774,2,200,800,1.6,30,3,0.2,0,0.4884,0,0
4,3,pure,83.4,19.70389244,43.97162827,0.000667447,-1.1817449,27.56156886,2,200,800,1.6,30,3,0.2,0,0.4884,0,0
4,3,pure,83.6,19.70402468,43.73533437,0.000655033,-1.181194359,27.41345902,2,200,800,1.6,30,3,0.2,0,0.4884,0,0
4,3,pure,83.8,19.70415445,43.49915052,0.000642821,-1.180644331,27.26541817,2,200,800,1.6,30,3,0.2,0,0.4884,0,0
4,3,pure,84,19.70428181,43.26307663,0.000630808,-1.180094814,27.11744624,2,200,800,1.6,30,3,0.2,0,0.4884,0,0
4,3,pure,84.2,19.70440678,43.0271126,0.000618993,-1.179545806,26.96954316,2,200,800,1.6,30,3,0.2,0,0.4884,0,0
4,3,pure,84.4,19.70452941,42.79125831,0.000607375,-1.178997304,26.82170888,2,200,800,1.6,30,3,0.2,0,0.4884,0,0
4,3,pure,84.6,19.70464973,42.55551367,0.000595951,-1.178449305,26.67394333,2,200,800,1.6,30,3,0.2,0,0.4884,0,0
4,3,pure,84.8,19.70476779,42.31987859,0.00058472,-1.177901808,26.52624644,2,200,800,1.6,30,3,0.2,0,0.4884,0,0
4,3,pure,85,19.70488362,42.08435295,0.000573679,-1.177354809,26.37861815,2,200,800,1.6,30,3,0.2,0,0.4884,0,0
4,3,pure,85.2,19.70499726,41.84893666,0.000562828,-1.176808308,26.23105841,2,200,800,1.6,30,3,0.2,0,0.4884,0,0
4,3,pure,85.4,19.70510875,41.61362963,0.000552163,-1.1762623,26.08356714,2,200,800,1.6,30,3,0.2,0,0.4884,0,0
4,3,pure,85.6,19.70521812,41.37843174,0.000541684,-1.175716784,25.9361443,2,200,800,1.6,30,3,0.2,0,0.4884,0,0
4,3,pure,85.8,19.70532542,41.14334292,0.000531389,-1.175171757,25.7887898,2,200,800,1.6,30,3,0.2,0,0.4884,0,0
4,3,pure,86,19.70543068,40.90836304,0.000521275,-1.174627217,25.64150361,2,200,800,1.6,30,3,0.2,0,0.4884,0,0
4,3,pure,86.2,19.70553393,40.67349203,0.000511342,-1.174083162,25.49428564,2,200,800,1.6,30,3,0.2,0,0.4884,0,0
4,3,pure,86.4,19.70563521,40.43872978,0.000501586,-1.173539588,25.34713585,2,200,800,1.6,30,3,0.2,0,0.4884,0,0
4,3,pure,86.6,19.70573457,40.20407619,0.000492007,-1.172996495,25.20005417,2,200,800,1.6,30,3,0.2,0,0.4884,0,0
4,3,pure,86.8,19.70583202,39.96953118,0.000482602,-1.172453878,25.05304054,2,200,800,1.6,30,3,0.2,0,0.4884,0,0
4,3,pure,87,19.70592761,39.73509464,0.00047337,-1.171911737,24.90609491,2,200,800,1.6,30,3,0.2,0,0.4884,0,0
4,3,pure,87.2,19.70602137,39.50076648,0.000464309,-1.171370068,24.75921721,2,200,800,1.6,30,3,0.2,0,0.4884,0,0
4,3,pure,87.4,19.70611333,39.26654661,0.000455417,-1.170828869,24.61240738,2,200,800,1.6,30,3,0.2,0,0.4884,0,0
4,3,pure,87.6,19.70620353,39.03243494,0.000446692,-1.170288138,24.46566537,2,200,800,1.6,30,3,0.2,0,0.4884,0,0
4,3,pure,87.8,19.70629201,38.79843136,0.000438133,-1.169747872,24.31899112,2,200,800,1.6,30,3,0.2,0,0.4884,0,0
4,3,pure,88,19.70637879,38.56453579,0.000429738,-1.169208069,24.17238457,2,200,800,1.6,30,3,0.2,0,0.4884,0,0
4,3,pure,88.2,19.7064639,38.33074813,0.000421504,-1.168668726,24.02584565,2,200,800,1.6,30,3,0.2,0,0.4884,0,0
4,3,pure,88.4,19.70654739,38.0970683,0.000413431,-1.168129841,23.87937433,2,200,800,1.6,30,3,0.2,0,0.4884,0,0
4,3,pure,88.6,19.70662927,37.8634962,0.000405516,-1.167591412,23.73297052,2,200,800,1.6,30,3,0.2,0,0.4884,0,0
4,3,pure,88.8,19.70670959,37.63003173,0.000397757,-1.167053437,23.58663419,2,200,800,1.6,30,3,0.2,0,0.4884,0,0
4,3,pure,89,19.70678838,37.39667482,0.000390153,-1.166515912,23.44036527,2,200,800,1.6,30,3,0.2,0,0.4884,0,0
4,3,pure,89.2,19.70686565,37.16342537,0.000382702,-1.165978835,23.2941637,2,200,800,1.6,30,3,0.2,0,0.4884,0,0
4,3,pure,89.4,19.70694146,36.93028329,0.000375402,-1.165442205,23.14802944,2,200,800,1.6,30,3,0.2,0,0.4884,0,0
4,3,pure,89.6,19.70701582,36.69724849,0.000368251,-1.164906018,23.00196242,2,200,800,1.6,30,3,0.2,0,0.4884,0,0
4,3,pure,89.8,19.70708876,36.46432088,0.000361247,-1.164370273,22.85596259,2,200,800,1.6,30,3,0.2,0,0.4884,0,0
4,3,pure,90,19.70716031,36.23150038,0.000354389,-1.163834966,22.71002989,2,200,800,1.6,30,3,0.2,0,0.4884,0,0
4,3,pure,90.2,19.70723051,35.99878689,0.000347675,-1.163300096,22.56416428,2,200,800,1.6,30,3,0.2,0,0.4884,0,0
4,3,pure,90.4,19.70729938,35.76618034,0.000341103,-1.16276566,22.41836568,2,200,800,1.6,30,3,0.2,0,0.4884,0,0
4,3,pure,90.6,19.70736695,35.53368063,0.000334671,-1.162231655,22.27263406,2,200,800,1.6,30,3,0.2,0,0.4884,0,0
4,3,pure,90.8,19.70743325,35.30128768,0.000328378,-1.16169808,22.12696935,2,200,800,1.6,30,3,0.2,0,0.4884,0,0
4,3,pure,91,19.70749831,35.0690014,0.000322221,-1.161164931,21.98137151,2,200,800,1.6,30,3,0.2,0,0.4884,0,0
4,3,pure,91.2,19.70756214,34.8368217,0.000316199,-1.160632207,21.83584047,2,200,800,1.6,30,3,0.2,0,0.4884,0,0
4,3,pure,91.4,19.70762479,34.60474851,0.00031031,-1.160099905,21.69037619,2,200,800,1.6,30,3,0.2,0,0.4884,0,0
4,3,pure,91.6,19.70768627,34.37278174,0.000304552,-1.159568023,21.54497862,2,200,800,1.6,30,3,0.2,0,0.4884,0,0
4,3,pure,91.8,19.70774661,34.1409213,0.000298924,-1.159036558,21.39964769,2,200,800,1.6,30,3,0.2,0,0.4884,0,0
4,3,pure,92,19.70780583,33.90916712,0.000293423,-1.158505507,21.25438337,2,200,800,1.6,30,3,0.2,0,0.4884,0,0
4,3,pure,92.2,19.70786398,33.6775191,0.000288048,-1.157974869,21.10918559,2,200,800,1.6,30,3,0.2,0,0.4884,0,0
4,3,pure,92.4,19.70792105,33.44597717,0.000282796,-1.157444641,20.9640543,2,200,800,1.6,30,3,0.2,0,0.4884,0,0
4,3,pure,92.6,19.70797709,33.21454125,0.000277667,-1.156914821,20.81898946,2,200,800,1.6,30,3,0.2,0,0.4884,0,0
4,3,pure,92.8,19.70803212,32.98321124,0.000272659,-1.156385406,20.67399102,2,200,800,1.6,30,3,0.2,0,0.4884,0,0
4,3,pure,93,19.70808616,32.75198708,0.000267768,-1.155856393,20.52905891,2,200,800,1.6,30,3,0.2,0,0.4884,0,0
4,3,pure,93.2,19.70813923,32.52086869,0.000262995,-1.155327781,20.3841931,2,200,800,1.6,30,3,0.2,0,0.4884,0,0
4,3,pure,93.4,19.70819136,32.28985597,0.000258336,-1.154799567,20.23939353,2,200,800,1.6,30,3,0.2,0,0.4884,0,0
4,3,pure,93.6,19.70824256,32.05894886,0.000253791,-1.154271749,20.09466015,2,200,800,1.6,30,3,0.2,0,0.4884,0,0
4,3,pure,93.8,19.70829287,31.82814727,0.000249356,-1.153744323,19.94999292,2,200,800,1.6,30,3,0.2,0,0.4884,0,0
4,3,pure,94,19.70834231,31.59745113,0.000245032,-1.153217289,19.80539178,2,200,800,1.6,30,3,0.2,0,0.4884,0,0
4,3,pure,94.2,19.70839088,31.36686036,0.000240815,-1.152690643,19.66085668,2,200,800,1.6,30,3,0.2,0,0.4884,0,0
4,3,pure,94.4,19.70843863,31.13637487,0.000236704,-1.152164383,19.51638758,2,200,800,1.6,30,3,0.2,0,0.4884,0,0
4,3,pure,94.6,19.70848557,30.9059946,0.000232697,-1.151638506,19.37198443,2,200,800,1.6,30,3,0.2,0,0.4884,0,0
4,3,pure,94.8,19.70853171,30.67571947,0.000228792,-1.151113011,19.22764718,2,200,800,1.6,30,3,0.2,0,0.4884,0,0
4,3,pure,95,19.70857708,30.4455494,0.000224988,-1.150587894,19.08337578,2,200,800,1.6,30,3,0.2,0,0.4884,0,0
4,3,pure,95.2,19.7086217,30.21548431,0.000221282,-1.150063154,18.93917019,2,200,800,1.6,30,3,0.2,0,0.4884,0,0
4,3,pure,95.4,19.7086656,29.98552414,0.000217673,-1.149538788,18.79503036,2,200,800,1.6,30,3,0.2,0,0.4884,0,0
4,3,pure,95.6,19.70870877,29.7556688,0.000214159,-1.149014793,18.65095624,2,200,800,1.6,30,3,0.2,0,0.4884,0,0
4,3,pure,95.8,19.70875126,29.52591822,0.000210739,-1.148491168,18.50694778,2,200,800,1.6,30,3,0.2,0,0.4884,0,0
4,3,pure,96,19.70879307,29.29627233,0.00020741,-1.147967909,18.36300494,2,200,800,1.6,30,3,0.2,0,0.4884,0,0
4,3,pure,96.2,19.70883422,29.06673106,0.00020417,-1.147445014,18.21912767,2,200,800,1.6,30,3,0.2,0,0.4884,0,0
4,3,pure,96.4,19.70887474,28.83729432,0.000201018,-1.146922482,18.07531594,2,200,800,1.6,30,3,0.2,0,0.4884,0,0
4,3,pure,96.6,19.70891463,28.60796206,0.000197953,-1.146400309,17.93156968,2,200,800,1.6,30,3,0.2,0,0.4884,0,0
4,3,pure,96.8,19.70895392,28.3787342,0.000194971,-1.145878493,17.78788886,2,200,800,1.6,30,3,0.2,0,0.4884,0,0
4,3,pure,97,19.70899262,28.14961067,0.000192072,-1.145357032,17.64427344,2,200,800,1.6,30,3,0.2,0,0.4884,0,0
4,3,pure,97.2,19.70903075,27.92059139,0.000189254,-1.144835923,17.50072336,2,200,800,1.6,30,3,0.2,0,0.4884,0,0
4,3,pure,97.4,19.70906832,27.6916763,0.000186514,-1.144315165,17.35723859,2,200,800,1.6,30,3,0.2,0,0.4884,0,0
4,3,pure,97.6,19.70910535,27.46286532,0.000183851,-1.143794753,17.21381908,2,200,800,1.6,30,3,0.2,0,0.4884,0,0
4,3,pure,97.8,19.70914186,27.23415839,0.000181264,-1.143274687,17.07046478,2,200,800,1.6,30,3,0.2,0,0.4884,0,0
4,3,pure,98,19.70917786,27.00555545,0.00017875,-1.142754964,16.92717566,2,200,800,1.6,30,3,0.2,0,0.4884,0,0
4,3,pure,98.2,19.70921336,26.77705641,0.000176307,-1.142235581,16.78395168,2,200,800,1.6,30,3,0.2,0,0.4884,0,0
4,3,pure,98.4,19.70924838,26.54866121,0.000173934,-1.141716536,16.64079278,2,200,800,1.6,30,3,0.2,0,0.4884,0,0
4,3,pure,98.6,19.70928293,26.32036979,0.000171629,-1.141197826,16.49769893,2,200,800,1.6,30,3,0.2,0,0.4884,0,0
4,3,pure,98.8,19.70931703,26.09218208,0.00016939,-1.14067945,16.35467008,2,200,800,1.6,30,3,0.2,0,0.4884,0,0
4,3,pure,99,19.70935069,25.86409801,0.000167216,-1.140161404,16.21170619,2,200,800,1.6,30,3,0.2,0,0.4884,0,0
4,3,pure,99.2,19.70938392,25.63611752,0.000165104,-1.139643687,16.06880723,2,200,800,1.6,30,3,0.2,0,0.4884,0,0
4,3,pure,99.4,19.70941673,25.40824054,0.000163053,-1.139126295,15.92597315,2,200,800,1.6,30,3,0.2,0,0.4884,0,0
4,3,pure,99.6,19.70944914,25.180467,0.000161061,-1.138609227,15.78320391,2,200,800,1.6,30,3,0.2,0,0.4884,0,0
4,3,pure,99.8,19.70948116,24.95279685,0.000159125,-1.13809248,15.64049947,2,200,800,1.6,30,3,0.2,0,0.4884,0,0
4,3,pure,100,19.70951279,24.72523001,0.000157245,-1.137576052,15.49785979,2,200,800,1.6,30,3,0.2,0,0.4884,0,0
4,3,pure,100.2,19.70954405,24.49776643,0.000155419,-1.13705994,15.35528482,2,200,800,1.6,30,3,0.2,0,0.4884,0,0
4,3,pure,100.4,19.70957496,24.27040604,0.000153644,-1.136544142,15.21277454,2,200,800,1.6,30,3,0.2,0,0.4884,0,0
4,3,pure,100.6,19.70960551,24.04314877,0.000151919,-1.136028655,15.0703289,2,200,800,1.6,30,3,0.2,0,0.4884,0,0
4,3,pure,100.8,19.70963573,23.81599457,0.000150243,-1.135513478,14.92794787,2,200,800,1.6,30,3,0.2,0,0.4884,0,0
4,3,pure,101,19.70966561,23.58894338,0.000148612,-1.134998607,14.78563139,2,200,800,1.6,30,3,0.2,0,0.4884,0,0
4,3,pure,101.2,19.70969517,23.36199513,0.000147026,-1.134484041,14.64337944,2,200,800,1.6,30,3,0.2,0,0.4884,0,0
4,3,pure,101.4,19.70972442,23.13514976,0.000145482,-1.133969776,14.50119198,2,200,800,1.6,30,3,0.2,0,0.4884,0,0
4,3,pure,101.6,19.70975336,22.90840722,0.00014398,-1.133455811,14.35906897,2,200,800,1.6,30,3,0.2,0,0.4884,0,0
4,3,pure,101.8,19.70978201,22.68176744,0.000142516,-1.132942143,14.21701037,2,200,800,1.6,30,3,0.2,0,0.4884,0,0
4,3,pure,102,19.70981037,22.45523036,0.00014109,-1.13242877,14.07501615,2,200,800,1.6,30,3,0.2,0,0.4884,0,0
4,3,pure,102.2,19.70983845,22.22879593,0.000139699,-1.131915689,13.93308626,2,200,800,1.6,30,3,0.2,0,0.4884,0,0
4,3,pure,102.4,19.70986625,22.00246409,0.000138342,-1.131402898,13.79122068,2,200,800,1.6,30,3,0.2,0,0.4884,0,0
4,3,pure,102.6,19.70989378,21.77623477,0.000137016,-1.130890394,13.64941936,2,200,800,1.6,30,3,0.2,0,0.4884,0,0
4,3,pure,102.8,19.70992106,21.55010793,0.000135721,-1.130378175,13.50768227,2,200,800,1.6,30,3,0.2,0,0.4884,0,0
4,3,pure,103,19.70994807,21.3240835,0.000134454,-1.129866239,13.36600938,2,200,800,1.6,30,3,0.2,0,0.4884,0,0
4,3,pure,103.2,19.70997484,21.09816143,0.000133213,-1.129354583,13.22440064,2,200,800,1.6,30,3,0.2,0,0.4884,0,0
4,3,pure,103.4,19.71000136,20.87234167,0.000131996,-1.128843205,13.08285603,2,200,800,1.6,30,3,0.2,0,0.4884,0,0
4,3,pure,103.6,19.71002764,20.64662415,0.000130803,-1.128332103,12.94137551,2,200,800,1.6,30,3,0.2,0,0.4884,0,0
4,3,pure,103.8,19.71005368,20.42100883,0.00012963,-1.127821274,12.79995904,2,200,800,1.6,30,3,0.2,0,0.4884,0,0
4,3,pure,104,19.71007949,20.19549564,0.000128477,-1.127310715,12.6586066,2,200,800,1.6,30,3,0.2,0,0.4884,0,0
4,3,pure,104.2,19.71010507,19.97008454,0.000127341,-1.126800424,12.51731814,2,200,800,1.6,30,3,0.2,0,0.4884,0,0
4,3,pure,104.4,19.71013043,19.74477547,0.00012622,-1.1262904,12.37609364,2,200,800,1.6,30,3,0.2,0,0.4884,0,0
4,3,pure,104.6,19.71015556,19.51956838,0.000125114,-1.125780639,12.23493305,2,200,800,1.6,30,3,0.2,0,0.4884,0,0
4,3,pure,104.8,19.71018047,19.29446322,0.000124019,-1.125271138,12.09383635,2,200,800,1.6,30,3,0.2,0,0.4884,0,0
4,3,pure,105,19.71020517,19.06945993,0.000122934,-1.124761897,11.95280351,2,200,800,1.6,30,3,0.2,0,0.4884,0,0
4,3,pure,105.2,19.71022964,18.84455846,0.000121858,-1.124252912,11.81183449,2,200,800,1.6,30,3,0.2,0,0.4884,0,0
4,3,pure,105.4,19.71025391,18.61975876,0.000120788,-1.12374418,11.67092927,2,200,800,1.6,30,3,0.2,0,0.4884,0,0
4,3,pure,105.6,19.71027796,18.39506079,0.000119723,-1.1232357,11.5300878,2,200,800,1.6,30,3,0.2,0,0.4884,0,0
4,3,pure,105.8,19.7103018,18.17046448,0.000118661,-1.122727469,11.38931006,2,200,800,1.6,30,3,0.2,0,0.4884,0,0
4,3,pure,106,19.71032542,17.9459698,0.0001176,-1.122219485,11.24859601,2,200,800,1.6,30,3,0.2,0,0.4884,0,0
4,3,pure,106.2,19.71034884,17.72157669,0.000116538,-1.121711745,11.10794563,2,200,800,1.6,30,3,0.2,0,0.4884,0,0
4,3,pure,106.4,19.71037204,17.4972851,0.000115473,-1.121204246,10.96735889,2,200,800,1.6,30,3,0.2,0,0.4884,0,0
4,3,pure,106.6,19.71039503,17.27309499,0.000114405,-1.120696987,10.82683575,2,200,800,1.6,30,3,0.2,0,0.4884,0,0
4,3,pure,106.8,19.7104178,17.04900631,0.00011333,-1.120189965,10.68637619,2,200,800,1.6,30,3,0.2,0,0.4884,0,0
4,3,pure,107,19.71044036,16.825019,0.000112247,-1.119683178,10.54598017,2,200,800,1.6,30,3,0.2,0,0.4884,0,0
4,3,pure,107.2,19.7104627,16.60113304,0.000111155,-1.119176623,10.40564767,2,200,800,1.6,30,3,0.2,0,0.4884,0,0
4,3,pure,107.4,19.71048482,16.37734835,0.000110051,-1.118670298,10.26537866,2,200,800,1.6,30,3,0.2,0,0.4884,0,0
4,3,pure,107.6,19.71050672,16.15366492,0.000108933,-1.1181642,10.1251731,2,200,800,1.6,30,3,0.2,0,0.4884,0,0
4,3,pure,107.8,19.71052839,15.93008267,0.000107801,-1.117658327,9.985030981,2,200,800,1.6,30,3,0.2,0,0.4884,0,0
4,3,pure,108,19.71054984,15.70660159,0.000106651,-1.117152676,9.84495226,2,200,800,1.6,30,3,0.2,0,0.4884,0,0
4,3,pure,108.2,19.71057106,15.4832216,0.000105483,-1.116647246,9.704936915,2,200,800,1.6,30,3,0.2,0,0.4884,0,0
4,3,pure,108.4,19.71059203,15.25994269,0.000104294,-1.116142034,9.564984916,2,200,800,1.6,30,3,0.2,0,0.4884,0,0
4,3,pure,108.6,19.71061277,15.03676479,0.000103083,-1.115637037,9.425096238,2,200,800,1.6,30,3,0.2,0,0.4884,0,0
4,3,pure,108.8,19.71063327,14.81368787,0.000101848,-1.115132253,9.285270853,2,200,800,1.6,30,3,0.2,0,0.4884,0,0
4,3,pure,109,19.71065351,14.59071189,0.000100586,-1.11462768,9.145508735,2,200,800,1.6,30,3,0.2,0,0.4884,0,0
4,3,pure,109.2,19.7106735,14.3678368,9.92968E-05,-1.114123314,9.005809857,2,200,800,1.6,30,3,0.2,0,0.4884,0,0
4,3,pure,109.4,19.71069323,14.14506256,9.7978E-05,-1.113619155,8.866174194,2,200,800,1.6,30,3,0.2,0,0.4884,0,0
4,3,pure,109.6,19.71071269,13.92238914,9.66277E-05,-1.113115199,8.72660172,2,200,800,1.6,30,3,0.2,0,0.4884,0,0
4,3,pure,109.8,19.71073188,13.69981648,9.52441E-05,-1.112611444,8.58709241,2,200,800,1.6,30,3,0.2,0,0.4884,0,0
4,3,pure,110,19.71075079,13.47734456,9.38256E-05,-1.112107887,8.447646238,2,200,800,1.6,30,3,0.2,0,0.4884,0,0
4,3,pure,110.2,19.71076941,13.25497333,9.23702E-05,-1.111604527,8.30826318,2,200,800,1.6,30,3,0.2,0,0.4884,0,0
4,3,pure,110.4,19.71078774,13.03270275,9.08761E-05,-1.11110136,8.168943211,2,200,800,1.6,30,3,0.2,0,0.4884,0,0
4,3,pure,110.6,19.71080576,12.81053279,8.93416E-05,-1.110598385,8.029686308,2,200,800,1.6,30,3,0.2,0,0.4884,0,0
4,3,pure,110.8,19.71082348,12.5884634,8.77649E-05,-1.110095599,7.890492446,2,200,800,1.6,30,3,0.2,0,0.4884,0,0
4,3,pure,111,19.71084087,12.36649455,8.6144E-05,-1.109592999,7.751361602,2,200,800,1.6,30,3,0.2,0,0.4884,0,0
4,3,pure,111.2,19.71085793,12.1446262,8.44773E-05,-1.109090584,7.612293752,2,200,800,1.6,30,3,0.2,0,0.4884,0,0
4,3,pure,111.4,19.71087466,11.92285831,8.27629E-05,-1.10858835,7.473288875,2,200,800,1.6,30,3,0.2,0,0.4884,0,0
4,3,pure,111.6,19.71089104,11.70119086,8.0999E-05,-1.108086295,7.334346946,2,200,800,1.6,30,3,0.2,0,0.4884,0,0
4,3,pure,111.8,19.71090706,11.47962379,7.91839E-05,-1.107584418,7.195467944,2,200,800,1.6,30,3,0.2,0,0.4884,0,0
4,3,pure,112,19.71092271,11.25815709,7.73156E-05,-1.107082715,7.056651847,2,200,800,1.6,30,3,0.2,0,0.4884,0,0
4,3,pure,112.2,19.71093799,11.03679071,7.53924E-05,-1.106581184,6.917898632,2,200,800,1.6,30,3,0.2,0,0.4884,0,0
4,3,pure,112.4,19.71095287,10.81552462,7.34125E-05,-1.106079823,6.779208279,2,200,800,1.6,30,3,0.2,0,0.4884,0,0
4,3,pure,112.6,19.71096735,10.59435878,7.13741E-05,-1.105578629,6.640580767,2,200,800,1.6,30,3,0.2,0,0.4884,0,0
4,3,pure,112.8,19.71098142,10.37329316,6.92753E-05,-1.1050776,6.502016074,2,200,800,1.6,30,3,0.2,0,0.4884,0,0
4,3,pure,113,19.71099506,10.15232774,6.71145E-05,-1.104576734,6.363514181,2,200,800,1.6,30,3,0.2,0,0.4884,0,0
4,3,pure,113.2,19.71100826,9.93146247,6.48896E-05,-1.104076028,6.225075066,2,200,800,1.6,30,3,0.2,0,0.4884,0,0
4,3,pure,113.4,19.71102102,9.710697328,6.25991E-05,-1.103575479,6.08669871,2,200,800,1.6,30,3,0.2,0,0.4884,0,0
4,3,pure,113.6,19.7110333,9.490032279,6.02409E-05,-1.103075086,5.948385093,2,200,800,1.6,30,3,0.2,0,0.4884,0,0
4,3,pure,113.8,19.71104511,9.269467293,5.78135E-05,-1.102574846,5.810134196,2,200,800,1.6,30,3,0.2,0,0.4884,0,0
4,3,pure,114,19.71105643,9.04900234,5.53148E-05,-1.102074756,5.671946,2,200,800,1.6,30,3,0.2,0,0.4884,0,0
4,3,pure,114.2,19.71106724,8.828637391,5.27432E-05,-1.101574815,5.533820487,2,200,800,1.6,30,3,0.2,0,0.4884,0,0
4,3,pure,114.4,19.71107753,8.608372415,5.00968E-05,-1.101075019,5.395757637,2,200,800,1.6,30,3,0.2,0,0.4884,0,0
4,3,pure,114.6,19.71108728,8.388207383,4.73738E-05,-1.100575366,5.257757433,2,200,800,1.6,30,3,0.2,0,0.4884,0,0
4,3,pure,114.8,19.71109648,8.168142268,4.45724E-05,-1.100075854,5.119819857,2,200,800,1.6,30,3,0.2,0,0.4884,0,0
4,3,pure,115,19.71110511,7.948177041,4.16908E-05,-1.099576481,4.981944891,2,200,800,1.6,30,3,0.2,0,0.4884,0,0
4,3,pure,115.2,19.71111315,7.728311676,3.87272E-05,-1.099077244,4.844132519,2,200,800,1.6,30,3,0.2,0,0.4884,0,0
4,3,pure,115.4,19.7111206,7.508546144,3.58075E-05,-1.098578236,4.706382722,2,200,800,1.6,30,3,0.2,0,0.4884,0,0
4,3,pure,115.6,19.71112747,7.288880381,3.37205E-05,-1.098080045,4.568695462,2,200,800,1.6,30,3,0.2,0,0.4884,0,0
4,3,pure,115.8,19.71113409,7.069314126,3.25118E-05,-1.097582716,4.431070573,2,200,800,1.6,30,3,0.2,0,0.4884,0,0
4,3,pure,116,19.71114048,6.849847295,3.14369E-05,-1.097085705,4.293508003,2,200,800,1.6,30,3,0.2,0,0.4884,0,0
4,3,pure,116.2,19.71114666,6.630479844,3.03676E-05,-1.096588917,4.156007725,2,200,800,1.6,30,3,0.2,0,0.4884,0,0
4,3,pure,116.4,19.71115263,6.411211728,2.93039E-05,-1.096092352,4.018569711,2,200,800,1.6,30,3,0.2,0,0.4884,0,0
4,3,pure,116.6,19.71115838,6.192042903,2.82459E-05,-1.09559601,3.881193933,2,200,800,1.6,30,3,0.2,0,0.4884,0,0
4,3,pure,116.8,19.71116393,5.972973324,2.71935E-05,-1.09509989,3.743880362,2,200,800,1.6,30,3,0.2,0,0.4884,0,0
4,3,pure,117,19.71116926,5.754002947,2.61468E-05,-1.094603994,3.606628971,2,200,800,1.6,30,3,0.2,0,0.4884,0,0
4,3,pure,117.2,19.71117438,5.535131727,2.51056E-05,-1.09410832,3.469439733,2,200,800,1.6,30,3,0.2,0,0.4884,0,0
4,3,pure,117.4,19.7111793,5.316359619,2.40701E-05,-1.093612869,3.332312618,2,200,800,1.6,30,3,0.2,0,0.4884,0,0
4,3,pure,117.6,19.71118401,5.097686579,2.30403E-05,-1.093117641,3.195247599,2,200,800,1.6,30,3,0.2,0,0.4884,0,0
4,3,pure,117.8,19.71118852,4.879112562,2.2016E-05,-1.092622636,3.058244649,2,200,800,1.6,30,3,0.2,0,0.4884,0,0
4,3,pure,118,19.71119282,4.660637525,2.09974E-05,-1.092127854,2.921303739,2,200,800,1.6,30,3,0.2,0,0.4884,0,0
4,3,pure,118.2,19.71119692,4.442261421,1.99843E-05,-1.091633295,2.784424841,2,200,800,1.6,30,3,0.2,0,0.4884,0,0
4,3,pure,118.4,19.71120081,4.223984207,1.89769E-05,-1.091138958,2.647607927,2,200,800,1.6,30,3,0.2,0,0.4884,0,0
4,3,pure,118.6,19.71120451,4.005805838,1.79751E-05,-1.090644844,2.51085297,2,200,800,1.6,30,3,0.2,0,0.4884,0,0
4,3,pure,118.8,19.711208,3.787726269,1.69789E-05,-1.090150953,2.374159941,2,200,800,1.6,30,3,0.2,0,0.4884,0,0
4,3,pure,119,19.7112113,3.569745456,1.59883E-05,-1.089657285,2.237528813,2,200,800,1.6,30,3,0.2,0,0.4884,0,0
4,3,pure,119.2,19.7112144,3.351863355,1.50032E-05,-1.089163839,2.100959557,2,200,800,1.6,30,3,0.2,0,0.4884,0,0
4,3,pure,119.4,19.7112173,3.134079921,1.40238E-05,-1.088670616,1.964452147,2,200,800,1.6,30,3,0.2,0,0.4884,0,0
4,3,pure,119.6,19.71122001,2.916395109,1.305E-05,-1.088177616,1.828006553,2,200,800,1.6,30,3,0.2,0,0.4884,0,0
4,3,pure,119.8,19.71122252,2.698808874,1.20817E-05,-1.087684839,1.691622747,2,200,800,1.6,30,3,0.2,0,0.4884,0,0
4,3,pure,120,19.71122484,2.481321173,1.1119E-05,-1.087192285,1.555300703,2,200,800,1.6,30,3,0.2,0,0.4884,0,0
4,3,pure,120.2,19.71122697,2.26393196,1.01619E-05,-1.086699953,1.419040392,2,200,800,1.6,30,3,0.2,0,0.4884,0,0
4,3,pure,120.4,19.7112289,2.046641192,9.21038E-06,-1.086207844,1.282841786,2,200,800,1.6,30,3,0.2,0,0.4884,0,0
4,3,pure,120.6,19.71123065,1.829448823,8.26443E-06,-1.085715957,1.146704857,2,200,800,1.6,30,3,0.2,0,0.4884,0,0
4,3,pure,120.8,19.71123221,1.612354809,7.32403E-06,-1.085224294,1.010629577,2,200,800,1.6,30,3,0.2,0,0.4884,0,0
4,3,pure,121,19.71123358,1.395359105,6.38921E-06,-1.084732853,0.874615919,2,200,800,1.6,30,3,0.2,0,0.4884,0,0
4,3,pure,121.2,19.71123477,1.178461668,5.45994E-06,-1.084241635,0.738663854,2,200,800,1.6,30,3,0.2,0,0.4884,0,0
4,3,pure,121.4,19.71123577,0.961662451,4.53623E-06,-1.083750639,0.602773354,2,200,800,1.6,30,3,0.2,0,0.4884,0,0
4,3,pure,121.6,19.71123658,0.744961412,3.61808E-06,-1.083259866,0.466944393,2,200,800,1.6,30,3,0.2,0,0.4884,0,0
4,3,pure,121.8,19.71123721,0.528358505,2.70547E-06,-1.082769316,0.33117694,2,200,800,1.6,30,3,0.2,0,0.4884,0,0
4,3,pure,122,19.71123766,0.311853686,1.79841E-06,-1.082278988,0.19547097,2,200,800,1.6,30,3,0.2,0,0.4884,0,0
4,3,pure,122.2,19.71123793,0.09544691,8.96898E-07,-1.081788883,0.059826454,2,200,800,1.6,30,3,0.2,0,0.4884,0,0
4,3,pure,122.4,19.71123802,-0.120861868,4.47526E-07,-1.081543886,-0.075756637,2,200,800,1.6,30,3,0.2,0,0.4884,0,0
4,4,raw,0,0.283018868,139.0521327,0.051717433,-0.096526556,87.15835826,2,200,800,1.6,30,3,0.2,0,0.4884,0,0
4,4,raw,0.2,0.293362355,139.0328274,0.052644948,-0.098265468,87.14625763,2,200,800,1.6,30,3,0.2,0,0.4884,0,0
4,4,raw,0.4,0.304076847,139.0128265,0.05453187,-0.101803654,87.13372101,2,200,800,1.6,30,3,0.2,0,0.4884,0,0
4,4,raw,0.6,0.315175103,138.9921059,0.056483584,-0.105464527,87.12073328,2,200,800,1.6,30,3,0.2,0,0.4884,0,0
4,4,raw,0.8,0.326670281,138.9706407,0.058502187,-0.109252163,87.1072788,2,200,800,1.6,30,3,0.2,0,0.4884,0,0
4,4,raw,1,0.338575977,138.9484051,0.06058985,-0.113170798,87.09334142,2,200,800,1.6,30,3,0.2,0,0.4884,0,0
4,4,raw,1.2,0.350906221,138.9253724,0.062748749,-0.117224666,87.07890446,2,200,800,1.6,30,3,0.2,0,0.4884,0,0
4,4,raw,1.4,0.363675477,138.9015152,0.064981055,-0.121418,87.06395069,2,200,800,1.6,30,3,0.2,0,0.4884,0,0
4,4,raw,1.6,0.376898643,138.8768052,0.067288417,-0.125754487,87.04846237,2,200,800,1.6,30,3,0.2,0,0.4884,0,0
4,4,raw,1.8,0.390590844,138.8512134,0.069667101,-0.130231849,87.03242135,2,200,800,1.6,30,3,0.2,0,0.4884,0,0
4,4,raw,2,0.404765483,138.8247124,0.072119299,-0.134853599,87.01581046,2,200,800,1.6,30,3,0.2,0,0.4884,0,0
4,4,raw,2.2,0.419438563,138.797272,0.074654698,-0.139631768,86.99861067,2,200,800,1.6,30,3,0.2,0,0.4884,0,0
4,4,raw,2.4,0.434627362,138.7688597,0.077277737,-0.144573745,86.98080179,2,200,800,1.6,30,3,0.2,0,0.4884,0,0
4,4,raw,2.6,0.450349658,138.7394425,0.079990907,-0.149684964,86.96236294,2,200,800,1.6,30,3,0.2,0,0.4884,0,0
4,4,raw,2.8,0.466623725,138.7089858,0.082796699,-0.154970857,86.94327257,2,200,800,1.6,30,3,0.2,0,0.4884,0,0
4,4,raw,3,0.483468337,138.6774541,0.085697602,-0.160436855,86.92350843,2,200,800,1.6,30,3,0.2,0,0.4884,0,0
4,4,raw,3.2,0.500902766,138.644811,0.088696109,-0.166088392,86.90304762,2,200,800,1.6,30,3,0.2,0,0.4884,0,0
4,4,raw,3.4,0.518946781,138.6110188,0.091794708,-0.171930899,86.88186652,2,200,800,1.6,30,3,0.2,0,0.4884,0,0
4,4,raw,3.6,0.537620649,138.5760386,0.094995892,-0.177969808,86.85994087,2,200,800,1.6,30,3,0.2,0,0.4884,0,0
4,4,raw,3.8,0.556945138,138.5398308,0.098302149,-0.184210552,86.83724569,2,200,800,1.6,30,3,0.2,0,0.4884,0,0
4,4,raw,4,0.576941509,138.5023544,0.101715972,-0.190658564,86.81375534,2,200,800,1.6,30,3,0.2,0,0.4884,0,0
4,4,raw,4.2,0.597631526,138.4635674,0.105239851,-0.197319274,86.78944351,2,200,800,1.6,30,3,0.2,0,0.4884,0,0
4,4,raw,4.4,0.61903745,138.4234267,0.108876276,-0.204198116,86.76428318,2,200,800,1.6,30,3,0.2,0,0.4884,0,0
4,4,raw,4.6,0.641182037,138.3818882,0.112627738,-0.211300521,86.73824667,2,200,800,1.6,30,3,0.2,0,0.4884,0,0
4,4,raw,4.8,0.664088545,138.3389065,0.116496727,-0.218631923,86.71130562,2,200,800,1.6,30,3,0.2,0,0.4884,0,0
4,4,raw,5,0.687780728,138.2944354,0.120485734,-0.226197753,86.68343097,2,200,800,1.6,30,3,0.2,0,0.4884,0,0
4,4,raw,5.2,0.712282838,138.2484274,0.124597251,-0.234003443,86.65459301,2,200,800,1.6,30,3,0.2,0,0.4884,0,0
4,4,raw,5.4,0.737619628,138.200834,0.128833766,-0.242054425,86.62476131,2,200,800,1.6,30,3,0.2,0,0.4884,0,0
4,4,raw,5.6,0.763816345,138.1516056,0.133197772,-0.250356133,86.59390478,2,200,800,1.6,30,3,0.2,0,0.4884,0,0
4,4,raw,5.8,0.790898737,138.1006916,0.137691758,-0.258913998,86.56199167,2,200,800,1.6,30,3,0.2,0,0.4884,0,0
4,4,raw,6,0.818893048,138.04804,0.142318215,-0.267733452,86.52898951,2,200,800,1.6,30,3,0.2,0,0.4884,0,0
4,4,raw,6.2,0.847826022,137.9935982,0.147079634,-0.276819927,86.49486517,2,200,800,1.6,30,3,0.2,0,0.4884,0,0
4,4,raw,6.4,0.877724901,137.9373121,0.151978505,-0.286178857,86.45958483,2,200,800,1.6,30,3,0.2,0,0.4884,0,0
4,4,raw,6.6,0.908617424,137.8791266,0.157017319,-0.295815672,86.42311401,2,200,800,1.6,30,3,0.2,0,0.4884,0,0
4,4,raw,6.8,0.940531829,137.8189858,0.162198567,-0.305735806,86.38541752,2,200,800,1.6,30,3,0.2,0,0.4884,0,0
4,4,raw,7,0.973496851,137.7568323,0.167524739,-0.31594469,86.3464595,2,200,800,1.6,30,3,0.2,0,0.4884,0,0
4,4,raw,7.2,1.007541725,137.6926079,0.172998326,-0.326447757,86.30620343,2,200,800,1.6,30,3,0.2,0,0.4884,0,0
4,4,raw,7.4,1.042696182,137.6262532,0.178621818,-0.337250438,86.26461207,2,200,800,1.6,30,3,0.2,0,0.4884,0,0
4,4,raw,7.6,1.078990452,137.5577077,0.184397707,-0.348358167,86.22164753,2,200,800,1.6,30,3,0.2,0,0.4884,0,0
4,4,raw,7.8,1.116455265,137.48691,0.190328482,-0.359776376,86.17727123,2,200,800,1.6,30,3,0.2,0,0.4884,0,0
4,4,raw,8,1.155121845,137.4137972,0.196405577,-0.371493461,86.1314439,2,200,800,1.6,30,3,0.2,0,0.4884,0,0
4,4,raw,8.2,1.195017495,137.3383126,0.202481713,-0.383284912,86.08412987,2,200,800,1.6,30,3,0.2,0,0.4884,0,0
4,4,raw,8.4,1.23611453,137.2604832,0.208561689,-0.395162611,86.03534618,2,200,800,1.6,30,3,0.2,0,0.4884,0,0
4,4,raw,8.6,1.278442171,137.1802475,0.214843668,-0.407436324,85.98505416,2,200,800,1.6,30,3,0.2,0,0.4884,0,0
4,4,raw,8.8,1.322051997,137.0975087,0.221379998,-0.420189677,85.93319318,2,200,800,1.6,30,3,0.2,0,0.4884,0,0
4,4,raw,9,1.36699417,137.0121717,0.228163598,-0.433414521,85.87970362,2,200,800,1.6,30,3,0.2,0,0.4884,0,0
4,4,raw,9.2,1.413317436,136.9241429,0.235187385,-0.447102706,85.82452689,2,200,800,1.6,30,3,0.2,0,0.4884,0,0
4,4,raw,9.4,1.461069124,136.8333306,0.242444276,-0.461246084,85.76760541,2,200,800,1.6,30,3,0.2,0,0.4884,0,0
4,4,raw,9.6,1.510295147,136.7396445,0.249927189,-0.475836507,85.70888263,2,200,800,1.6,30,3,0.2,0,0.4884,0,0
4,4,raw,9.8,1.56104,136.642996,0.257629041,-0.490865826,85.64830302,2,200,800,1.6,30,3,0.2,0,0.4884,0,0
4,4,raw,10,1.613346763,136.5432981,0.26554275,-0.506325892,85.58581207,2,200,800,1.6,30,3,0.2,0,0.4884,0,0
4,4,raw,10.2,1.6672571,136.4404656,0.273661233,-0.522208556,85.52135629,2,200,800,1.6,30,3,0.2,0,0.4884,0,0
4,4,raw,10.4,1.722811256,136.3344147,0.281977409,-0.538505671,85.45488322,2,200,800,1.6,30,3,0.2,0,0.4884,0,0
4,4,raw,10.6,1.780048063,136.2250633,0.290484193,-0.555209087,85.3863414,2,200,800,1.6,30,3,0.2,0,0.4884,0,0
4,4,raw,10.8,1.839004933,136.1123311,0.299174504,-0.572310657,85.31568043,2,200,800,1.6,30,3,0.2,0,0.4884,0,0
4,4,raw,11,1.899717865,135.9961391,0.30804126,-0.58980223,85.24285088,2,200,800,1.6,30,3,0.2,0,0.4884,0,0
4,4,raw,11.2,1.962221437,135.8764102,0.317077378,-0.607675659,85.16780439,2,200,800,1.6,30,3,0.2,0,0.4884,0,0
4,4,raw,11.4,2.026548816,135.7530688,0.326275775,-0.625922794,85.0904936,2,200,800,1.6,30,3,0.2,0,0.4884,0,0
4,4,raw,11.6,2.092731747,135.6260411,0.335629368,-0.644535488,85.01087216,2,200,800,1.6,30,3,0.2,0,0.4884,0,0
4,4,raw,11.8,2.160800563,135.4952546,0.345131076,-0.663505592,84.92889477,2,200,800,1.6,30,3,0.2,0,0.4884,0,0
4,4,raw,12,2.230784178,135.3606388,0.354773816,-0.682824957,84.84451712,2,200,800,1.6,30,3,0.2,0,0.4884,0,0
4,4,raw,12.2,2.302710089,135.2221246,0.364550505,-0.702485434,84.75769595,2,200,800,1.6,30,3,0.2,0,0.4884,0,0
4,4,raw,12.4,2.37660438,135.0796447,0.374454061,-0.722478875,84.668389,2,200,800,1.6,30,3,0.2,0,0.4884,0,0
4,4,raw,12.6,2.452491714,134.9331331,0.384477401,-0.742797131,84.57655505,2,200,800,1.6,30,3,0.2,0,0.4884,0,0
4,4,raw,12.8,2.53039534,134.7825258,0.394613443,-0.763432054,84.48215388,2,200,800,1.6,30,3,0.2,0,0.4884,0,0
4,4,raw,13,2.610337091,134.6277603,0.404855105,-0.784375494,84.38514631,2,200,800,1.6,30,3,0.2,0,0.4884,0,0
4,4,raw,13.2,2.692337382,134.4687756,0.415195303,-0.805619304,84.28549417,2,200,800,1.6,30,3,0.2,0,0.4884,0,0
4,4,raw,13.4,2.776415212,134.3055125,0.425626956,-0.827155335,84.18316032,2,200,800,1.6,30,3,0.2,0,0.4884,0,0
4,4,raw,13.6,2.862588164,134.1379135,0.43614298,-0.848975438,84.07810864,2,200,800,1.6,30,3,0.2,0,0.4884,0,0
4,4,raw,13.8,2.950872404,133.9659224,0.446736293,-0.871071464,83.97030402,2,200,800,1.6,30,3,0.2,0,0.4884,0,0
4,4,raw,14,3.041282682,133.7894849,0.457399814,-0.893435265,83.85971239,2,200,800,1.6,30,3,0.2,0,0.4884,0,0
4,4,raw,14.2,3.13383233,133.6085483,0.468126459,-0.916058692,83.74630069,2,200,800,1.6,30,3,0.2,0,0.4884,0,0
4,4,raw,14.4,3.228533265,133.4230614,0.478909145,-0.938933596,83.63003689,2,200,800,1.6,30,3,0.2,0,0.4884,0,0
4,4,raw,14.6,3.325395988,133.2329748,0.489740791,-0.96205183,83.51088996,2,200,800,1.6,30,3,0.2,0,0.4884,0,0
4,4,raw,14.8,3.424429582,133.0382407,0.500614314,-0.985405244,83.38882992,2,200,800,1.6,30,3,0.2,0,0.4884,0,0
4,4,raw,15,3.525641714,132.8388127,0.511522631,-1.008985689,83.26382779,2,200,800,1.6,30,3,0.2,0,0.4884,0,0
4,4,raw,15.2,3.629038634,132.6346464,0.522458659,-1.032785018,83.13585563,2,200,800,1.6,30,3,0.2,0,0.4884,0,0
4,4,raw,15.4,3.734625177,132.4256987,0.533415317,-1.056795081,83.0048865,2,200,800,1.6,30,3,0.2,0,0.4884,0,0
4,4,raw,15.6,3.842404761,132.2119284,0.544385522,-1.081007729,82.8708945,2,200,800,1.6,30,3,0.2,0,0.4884,0,0
4,4,raw,15.8,3.952379386,131.9932956,0.555362191,-1.105414815,82.73385475,2,200,800,1.6,30,3,0.2,0,0.4884,0,0
4,4,raw,16,4.064549638,131.7697624,0.566338242,-1.13000819,82.59374337,2,200,800,1.6,30,3,0.2,0,0.4884,0,0
4,4,raw,16.2,4.178914683,131.5412924,0.577306592,-1.154779704,82.45053753,2,200,800,1.6,30,3,0.2,0,0.4884,0,0
4,4,raw,16.4,4.295472275,131.3078506,0.588270722,-1.179730091,82.3042154,2,200,800,1.6,30,3,0.2,0,0.4884,0,0
4,4,raw,16.6,4.414222972,131.0694003,0.599390395,-1.204981361,82.15475397,2,200,800,1.6,30,3,0.2,0,0.4884,0,0
4,4,raw,16.8,4.535228432,130.825858,0.610636358,-1.230470957,82.00210081,2,200,800,1.6,30,3,0.2,0,0.4884,0,0
4,4,raw,17,4.658477515,130.5772119,0.621744233,-1.25594153,81.84624858,2,200,800,1.6,30,3,0.2,0,0.4884,0,0
4,4,raw,17.2,4.783926126,130.3234814,0.632628449,-1.281307553,81.68720941,2,200,800,1.6,30,3,0.2,0,0.4884,0,0
4,4,raw,17.4,4.911528895,130.0646889,0.643282634,-1.306553138,81.52499738,2,200,800,1.6,30,3,0.2,0,0.4884,0,0
4,4,raw,17.6,5.041239179,129.8008601,0.653700415,-1.331662399,81.3596286,2,200,800,1.6,30,3,0.2,0,0.4884,0,0
4,4,raw,17.8,5.173009061,129.532024,0.663875419,-1.356619449,81.19112114,2,200,800,1.6,30,3,0.2,0,0.4884,0,0
4,4,raw,18,5.306789347,129.2582124,0.673801274,-1.3814084,81.01949509,2,200,800,1.6,30,3,0.2,0,0.4884,0,0
4,4,raw,18.2,5.44252957,128.9794606,0.683471608,-1.406013366,80.84477251,2,200,800,1.6,30,3,0.2,0,0.4884,0,0
4,4,raw,18.4,5.58017799,128.695807,0.692880047,-1.43041846,80.66697747,2,200,800,1.6,30,3,0.2,0,0.4884,0,0
4,4,raw,18.6,5.719681589,128.4072932,0.70202022,-1.454607795,80.48613601,2,200,800,1.6,30,3,0.2,0,0.4884,0,0
4,4,raw,18.8,5.860986078,128.1139639,0.710885753,-1.478565484,80.30227619,2,200,800,1.6,30,3,0.2,0,0.4884,0,0
4,4,raw,19,6.004035891,127.815867,0.719470275,-1.502275641,80.11542803,2,200,800,1.6,30,3,0.2,0,0.4884,0,0
4,4,raw,19.2,6.148774188,127.5130536,0.727767413,-1.525722377,79.92562356,2,200,800,1.6,30,3,0.2,0,0.4884,0,0
4,4,raw,19.4,6.295142856,127.2055781,0.735770794,-1.548889807,79.7328968,2,200,800,1.6,30,3,0.2,0,0.4884,0,0
4,4,raw,19.6,6.443082505,126.8934977,0.743474045,-1.571762044,79.53728376,2,200,800,1.6,30,3,0.2,0,0.4884,0,0
4,4,raw,19.8,6.592532474,126.5768732,0.750870795,-1.5943232,79.33882244,2,200,800,1.6,30,3,0.2,0,0.4884,0,0
4,4,raw,20,6.743430823,126.2557684,0.75795467,-1.616557389,79.13755284,2,200,800,1.6,30,3,0.2,0,0.4884,0,0
4,4,raw,20.2,6.895714342,125.9302503,0.764719299,-1.638448723,78.93351694,2,200,800,1.6,30,3,0.2,0,0.4884,0,0
4,4,raw,20.4,7.049318543,125.600389,0.771158308,-1.659981317,78.72675871,2,200,800,1.6,30,3,0.2,0,0.4884,0,0
4,4,raw,20.6,7.204177665,125.2662578,0.777265326,-1.681139282,78.51732412,2,200,800,1.6,30,3,0.2,0,0.4884,0,0
4,4,raw,20.8,7.360224673,124.9279332,0.783033979,-1.701906733,78.30526114,2,200,800,1.6,30,3,0.2,0,0.4884,0,0
4,4,raw,21,7.517391257,124.5854951,0.788457894,-1.722267781,78.09061971,2,200,800,1.6,30,3,0.2,0,0.4884,0,0
4,4,raw,21.2,7.675607831,124.2390261,0.793530701,-1.742206541,77.87345177,2,200,800,1.6,30,3,0.2,0,0.4884,0,0
4,4,raw,21.4,7.834803537,123.8886125,0.798246025,-1.761707125,77.65381127,2,200,800,1.6,30,3,0.2,0,0.4884,0,0
4,4,raw,21.6,7.994906241,123.5343433,0.802597495,-1.780753646,77.43175412,2,200,800,1.6,30,3,0.2,0,0.4884,0,0
4,4,raw,21.8,8.155842535,123.176311,0.806578738,-1.799330218,77.20733825,2,200,800,1.6,30,3,0.2,0,0.4884,0,0
4,4,raw,22,8.317537736,122.8146112,0.810183381,-1.817420954,76.98062356,2,200,800,1.6,30,3,0.2,0,0.4884,0,0
4,4,raw,22.2,8.479915888,122.4493426,0.813405053,-1.835009966,76.75167195,2,200,800,1.6,30,3,0.2,0,0.4884,0,0
4,4,raw,22.4,8.642899757,122.0806072,0.816237379,-1.852081368,76.52054732,2,200,800,1.6,30,3,0.2,0,0.4884,0,0
4,4,raw,22.6,8.806410839,121.7085101,0.818673989,-1.868619273,76.28731555,2,200,800,1.6,30,3,0.2,0,0.4884,0,0
4,4,raw,22.8,8.970369353,121.3331595,0.820708508,-1.884607794,76.05204451,2,200,800,1.6,30,3,0.2,0,0.4884,0,0
4,4,raw,23,9.134694243,120.954667,0.822334566,-1.900031043,75.81480407,2,200,800,1.6,30,3,0.2,0,0.4884,0,0
4,4,raw,23.2,9.299303179,120.5731471,0.823545788,-1.914873135,75.57566609,2,200,800,1.6,30,3,0.2,0,0.4884,0,0
4,4,raw,23.4,9.464112558,120.1887177,0.824335804,-1.929118183,75.33470442,2,200,800,1.6,30,3,0.2,0,0.4884,0,0
4,4,raw,23.6,9.629037501,119.8014998,0.82469824,-1.942750298,75.09199491,2,200,800,1.6,30,3,0.2,0,0.4884,0,0
4,4,raw,23.8,9.793991854,119.4116176,0.824626723,-1.955753595,74.84761538,2,200,800,1.6,30,3,0.2,0,0.4884,0,0
4,4,raw,24,9.95888819,119.0191984,0.824114882,-1.968112186,74.60164566,2,200,800,1.6,30,3,0.2,0,0.4884,0,0
4,4,raw,24.2,10.12363781,118.6243727,0.823156343,-1.979810186,74.35416757,2,200,800,1.6,30,3,0.2,0,0.4884,0,0
4,4,raw,24.4,10.28815073,118.2272743,0.821744734,-1.990831705,74.10526491,2,200,800,1.6,30,3,0.2,0,0.4884,0,0
4,4,raw,24.6,10.4523357,117.82804,0.819873683,-2.001160859,73.85502348,2,200,800,1.6,30,3,0.2,0,0.4884,0,0
4,4,raw,24.8,10.6161002,117.42681,0.817536817,-2.010781759,73.60353109,2,200,800,1.6,30,3,0.2,0,0.4884,0,0
4,4,raw,25,10.77935043,117.0237273,0.814727764,-2.01967852,73.3508775,2,200,800,1.6,30,3,0.2,0,0.4884,0,0
4,4,raw,25.2,10.94199131,116.6189385,0.81144015,-2.027835253,73.09715449,2,200,800,1.6,30,3,0.2,0,0.4884,0,0
4,4,raw,25.4,11.10392649,116.2125932,0.807667604,-2.035236073,72.84245583,2,200,800,1.6,30,3,0.2,0,0.4884,0,0
4,4,raw,25.6,11.26505835,115.8048441,0.803403753,-2.041865091,72.58687728,2,200,800,1.6,30,3,0.2,0,0.4884,0,0
4,4,raw,25.8,11.42528799,115.3958472,0.798642224,-2.047706423,72.33051659,2,200,800,1.6,30,3,0.2,0,0.4884,0,0
4,4,raw,26,11.58451524,114.9857615,0.793376646,-2.052744179,72.07347349,2,200,800,1.6,30,3,0.2,0,0.4884,0,0
4,4,raw,26.2,11.74263865,114.5747495,0.787600644,-2.056962474,71.81584972,2,200,800,1.6,30,3,0.2,0,0.4884,0,0
4,4,raw,26.4,11.89955549,114.1629766,0.781307848,-2.060345421,71.55774901,2,200,800,1.6,30,3,0.2,0,0.4884,0,0
4,4,raw,26.6,12.05516179,113.7506113,0.774491884,-2.062877133,71.29927707,2,200,800,1.6,30,3,0.2,0,0.4884,0,0
4,4,raw,26.8,12.20935225,113.3378257,0.767152398,-2.064551638,71.0405416,2,200,800,1.6,30,3,0.2,0,0.4884,0,0
4,4,raw,27,12.36202274,112.9247907,0.759608963,-2.065876285,70.78164982,2,200,800,1.6,30,3,0.2,0,0.4884,0,0
4,4,raw,27.2,12.51319583,112.5114752,0.752182268,-2.067320961,70.52258224,2,200,800,1.6,30,3,0.2,0,0.4884,0,0
4,4,raw,27.4,12.66289565,112.0978623,0.744749051,-2.068632993,70.26332825,2,200,800,1.6,30,3,0.2,0,0.4884,0,0
4,4,raw,27.6,12.81109545,111.684022,0.737184941,-2.069599517,70.00393171,2,200,800,1.6,30,3,0.2,0,0.4884,0,0
4,4,raw,27.8,12.95776963,111.2700225,0.729495608,-2.070229177,69.74443539,2,200,800,1.6,30,3,0.2,0,0.4884,0,0
4,4,raw,28,13.1028937,110.8559303,0.721686721,-2.070530616,69.48488098,2,200,800,1.6,30,3,0.2,0,0.4884,0,0
4,4,raw,28.2,13.24644432,110.4418102,0.713763951,-2.070512479,69.22530908,2,200,800,1.6,30,3,0.2,0,0.4884,0,0
4,4,raw,28.4,13.38839928,110.0277253,0.705732966,-2.07018341,68.96575922,2,200,800,1.6,30,3,0.2,0,0.4884,0,0
4,4,raw,28.6,13.5287375,109.6137369,0.697599436,-2.069552053,68.70626983,2,200,800,1.6,30,3,0.2,0,0.4884,0,0
4,4,raw,28.8,13.66743905,109.1999045,0.689369032,-2.068627052,68.44687827,2,200,800,1.6,30,3,0.2,0,0.4884,0,0
4,4,raw,29,13.80448512,108.7862861,0.681047423,-2.067417052,68.18762079,2,200,800,1.6,30,3,0.2,0,0.4884,0,0
4,4,raw,29.2,13.93985802,108.3729377,0.672640279,-2.065930695,67.9285326,2,200,800,1.6,30,3,0.2,0,0.4884,0,0
4,4,raw,29.4,14.07354123,107.9599138,0.664153269,-2.064176628,67.66964779,2,200,800,1.6,30,3,0.2,0,0.4884,0,0
4,4,raw,29.6,14.20551933,107.547267,0.655592063,-2.062163492,67.41099938,2,200,800,1.6,30,3,0.2,0,0.4884,0,0
4,4,raw,29.8,14.33577805,107.1350484,0.646962332,-2.059899934,67.1526193,2,200,800,1.6,30,3,0.2,0,0.4884,0,0
4,4,raw,30,14.46430426,106.7233071,0.638269743,-2.057394596,66.89453841,2,200,800,1.6,30,3,0.2,0,0.4884,0,0
4,4,raw,30.2,14.59108595,106.3120905,0.629519968,-2.054656123,66.63678648,2,200,800,1.6,30,3,0.2,0,0.4884,0,0
4,4,raw,30.4,14.71611225,105.9014446,0.620718676,-2.05169316,66.37939218,2,200,800,1.6,30,3,0.2,0,0.4884,0,0
4,4,raw,30.6,14.83937342,105.4914133,0.611871537,-2.048514349,66.12238313,2,200,800,1.6,30,3,0.2,0,0.4884,0,0
4,4,raw,30.8,14.96086086,105.0820389,0.602984221,-2.045128336,65.86578583,2,200,800,1.6,30,3,0.2,0,0.4884,0,0
4,4,raw,31,15.08056711,104.673362,0.594062396,-2.041543764,65.60962572,2,200,800,1.6,30,3,0.2,0,0.4884,0,0
4,4,raw,31.2,15.19848582,104.2654214,0.585111734,-2.037769277,65.35392715,2,200,800,1.6,30,3,0.2,0,0.4884,0,0
4,4,raw,31.4,15.3146118,103.8582542,0.576137903,-2.03381352,65.09871338,2,200,800,1.6,30,3,0.2,0,0.4884,0,0
4,4,raw,31.6,15.42894098,103.451896,0.567146573,-2.029685137,64.84400661,2,200,800,1.6,30,3,0.2,0,0.4884,0,0
4,4,raw,31.8,15.54147043,103.0463802,0.558143415,-2.025392772,64.58982791,2,200,800,1.6,30,3,0.2,0,0.4884,0,0
4,4,raw,32,15.65219835,102.6417389,0.549134098,-2.020945068,64.33619732,2,200,800,1.6,30,3,0.2,0,0.4884,0,0
4,4,raw,32.2,15.76112407,102.2380022,0.540124291,-2.016350671,64.08313377,2,200,800,1.6,30,3,0.2,0,0.4884,0,0
4,4,raw,32.4,15.86824807,101.8351986,0.531119664,-2.011618224,63.83065509,2,200,800,1.6,30,3,0.2,0,0.4884,0,0
4,4,raw,32.6,15.97357194,101.4333549,0.522125887,-2.006756371,63.57877806,2,200,800,1.6,30,3,0.2,0,0.4884,0,0
4,4,raw,32.8,16.07709842,101.032496,0.51314863,-2.001773756,63.32751835,2,200,800,1.6,30,3,0.2,0,0.4884,0,0
4,4,raw,33,16.17883139,100.6326454,0.504193562,-1.996679024,63.07689057,2,200,800,1.6,30,3,0.2,0,0.4884,0,0
4,4,raw,33.2,16.27877585,100.2338244,0.495266354,-1.991480819,62.82690822,2,200,800,1.6,30,3,0.2,0,0.4884,0,0
4,4,raw,33.4,16.37693793,99.83605304,0.486372674,-1.986187784,62.57758374,2,200,800,1.6,30,3,0.2,0,0.4884,0,0
4,4,raw,33.6,16.47332492,99.43934931,0.477518193,-1.980808564,62.32892847,2,200,800,1.6,30,3,0.2,0,0.4884,0,0
4,4,raw,33.8,16.56794521,99.04372961,0.468708581,-1.975351803,62.08095268,2,200,800,1.6,30,3,0.2,0,0.4884,0,0
4,4,raw,34,16.66080835,98.64920859,0.459949506,-1.969826145,61.83366553,2,200,800,1.6,30,3,0.2,0,0.4884,0,0
4,4,raw,34.2,16.75192501,98.25579916,0.451246639,-1.964240234,61.58707514,2,200,800,1.6,30,3,0.2,0,0.4884,0,0
4,4,raw,34.4,16.841307,97.8635125,0.44260565,-1.958602715,61.3411885,2,200,800,1.6,30,3,0.2,0,0.4884,0,0
4,4,raw,34.6,16.92896727,97.47235807,0.434032208,-1.952922231,61.09601155,2,200,800,1.6,30,3,0.2,0,0.4884,0,0
4,4,raw,34.8,17.01491989,97.0823436,0.425531983,-1.947207426,60.85154913,2,200,800,1.6,30,3,0.2,0,0.4884,0,0
4,4,raw,35,17.09918006,96.6934751,0.417110644,-1.941466945,60.60780501,2,200,800,1.6,30,3,0.2,0,0.4884,0,0
4,4,raw,35.2,17.18176414,96.30575683,0.408773862,-1.935709432,60.36478185,2,200,800,1.6,30,3,0.2,0,0.4884,0,0
4,4,raw,35.4,17.26268961,95.91919133,0.400527306,-1.92994353,60.12248126,2,200,800,1.6,30,3,0.2,0,0.4884,0,0
4,4,raw,35.6,17.34197507,95.53377941,0.392376645,-1.924177885,59.88090374,2,200,800,1.6,30,3,0.2,0,0.4884,0,0
4,4,raw,35.8,17.41964027,95.14952017,0.38432755,-1.918421139,59.64004871,2,200,800,1.6,30,3,0.2,0,0.4884,0,0
4,4,raw,36,17.49570609,94.76641096,0.376385691,-1.912681938,59.39991453,2,200,800,1.6,30,3,0.2,0,0.4884,0,0
4,4,raw,36.2,17.57019454,94.3844474,0.368556736,-1.906968925,59.16049845,2,200,800,1.6,30,3,0.2,0,0.4884,0,0
4,4,raw,36.4,17.64312878,94.00362339,0.360846357,-1.901290744,58.92179664,2,200,800,1.6,30,3,0.2,0,0.4884,0,0
4,4,raw,36.6,17.71453309,93.6239311,0.353260221,-1.89565604,58.6838042,2,200,800,1.6,30,3,0.2,0,0.4884,0,0
4,4,raw,36.8,17.78443287,93.24536097,0.345804,-1.890073457,58.44651513,2,200,800,1.6,30,3,0.2,0,0.4884,0,0
4,4,raw,37,17.85285469,92.86790172,0.338483363,-1.884551638,58.20992237,2,200,800,1.6,30,3,0.2,0,0.4884,0,0
4,4,raw,37.2,17.91982621,92.49154032,0.331303979,-1.879099228,57.97401774,2,200,800,1.6,30,3,0.2,0,0.4884,0,0
4,4,raw,37.4,17.98537628,92.11626203,0.324271518,-1.873724871,57.738792,2,200,800,1.6,30,3,0.2,0,0.4884,0,0
4,4,raw,37.6,18.04953482,91.74205037,0.317391651,-1.868437211,57.50423484,2,200,800,1.6,30,3,0.2,0,0.4884,0,0
4,4,raw,37.8,18.11233294,91.36888714,0.310670046,-1.863244892,57.27033484,2,200,800,1.6,30,3,0.2,0,0.4884,0,0
4,4,raw,38,18.17380284,90.99675241,0.304112374,-1.858156559,57.0370795,2,200,800,1.6,30,3,0.2,0,0.4884,0,0
4,4,raw,38.2,18.23397789,90.62562452,0.297724304,-1.853180855,56.80445525,2,200,800,1.6,30,3,0.2,0,0.4884,0,0
4,4,raw,38.4,18.29289256,90.25548007,0.291511506,-1.848326424,56.57244743,2,200,800,1.6,30,3,0.2,0,0.4884,0,0
4,4,raw,38.6,18.35058249,89.88629395,0.285479649,-1.843601912,56.34104029,2,200,800,1.6,30,3,0.2,0,0.4884,0,0
4,4,raw,38.8,18.40708442,89.5180393,0.279634404,-1.83901596,56.11021701,2,200,800,1.6,30,3,0.2,0,0.4884,0,0
4,4,raw,39,18.46243625,89.15068756,0.27398144,-1.834577215,55.87995966,2,200,800,1.6,30,3,0.2,0,0.4884,0,0
4,4,raw,39.2,18.516677,88.78420842,0.268519332,-1.830280621,55.65024927,2,200,800,1.6,30,3,0.2,0,0.4884,0,0
4,4,raw,39.4,18.56984398,88.41857532,0.26304727,-1.825751057,55.42106917,2,200,800,1.6,30,3,0.2,0,0.4884,0,0
4,4,raw,39.6,18.62189591,88.053908,0.25744962,-1.820817632,55.19249443,2,200,800,1.6,30,3,0.2,0,0.4884,0,0
4,4,raw,39.8,18.67282383,87.69024826,0.251890764,-1.815842878,54.96455125,2,200,800,1.6,30,3,0.2,0,0.4884,0,0
4,4,raw,40,18.72265221,87.32757084,0.246453205,-1.810993149,54.73722379,2,200,800,1.6,30,3,0.2,0,0.4884,0,0
4,4,raw,40.2,18.77140511,86.965851,0.241135022,-1.806265788,54.51049654,2,200,800,1.6,30,3,0.2,0,0.4884,0,0
4,4,raw,40.4,18.81910622,86.60506453,0.235934293,-1.80165814,54.28435433,2,200,800,1.6,30,3,0.2,0,0.4884,0,0
4,4,raw,40.6,18.86577883,86.24518775,0.230849097,-1.797167547,54.05878232,2,200,800,1.6,30,3,0.2,0,0.4884,0,0
4,4,raw,40.8,18.91144586,85.88619751,0.225877512,-1.792791354,53.83376599,2,200,800,1.6,30,3,0.2,0,0.4884,0,0
4,4,raw,41,18.95612984,85.52807121,0.221017618,-1.788526904,53.60929119,2,200,800,1.6,30,3,0.2,0,0.4884,0,0
4,4,raw,41.2,18.99985291,85.17078675,0.216267491,-1.78437154,53.38534405,2,200,800,1.6,30,3,0.2,0,0.4884,0,0
4,4,raw,41.4,19.04263683,84.81432259,0.211625211,-1.780322607,53.16191108,2,200,800,1.6,30,3,0.2,0,0.4884,0,0
4,4,raw,41.6,19.08450299,84.45865771,0.207088857,-1.776377447,52.9389791,2,200,800,1.6,30,3,0.2,0,0.4884,0,0
4,4,raw,41.8,19.12547237,84.10377161,0.202656506,-1.772533405,52.71653527,2,200,800,1.6,30,3,0.2,0,0.4884,0,0
4,4,raw,42,19.16556559,83.74964434,0.198326238,-1.768787825,52.49456707,2,200,800,1.6,30,3,0.2,0,0.4884,0,0
4,4,raw,42.2,19.20480287,83.39625648,0.194096131,-1.765138049,52.27306233,2,200,800,1.6,30,3,0.2,0,0.4884,0,0
4,4,raw,42.4,19.24320405,83.04358912,0.189964263,-1.761581422,52.05200921,2,200,800,1.6,30,3,0.2,0,0.4884,0,0
4,4,raw,42.6,19.28078858,82.69162391,0.185928713,-1.758115286,51.8313962,2,200,800,1.6,30,3,0.2,0,0.4884,0,0
4,4,raw,42.8,19.31757553,82.34034301,0.181987559,-1.754736987,51.61121211,2,200,800,1.6,30,3,0.2,0,0.4884,0,0
4,4,raw,43,19.3535836,81.98972912,0.17813888,-1.751443867,51.39144611,2,200,800,1.6,30,3,0.2,0,0.4884,0,0
4,4,raw,43.2,19.38883108,81.63976546,0.174380754,-1.74823327,51.17208768,2,200,800,1.6,30,3,0.2,0,0.4884,0,0
4,4,raw,43.4,19.4233359,81.29043581,0.17071126,-1.74510254,50.95312665,2,200,800,1.6,30,3,0.2,0,0.4884,0,0
4,4,raw,43.6,19.45711559,80.94172445,0.167128477,-1.74204902,50.73455316,2,200,800,1.6,30,3,0.2,0,0.4884,0,0
4,4,raw,43.8,19.49018729,80.5936162,0.163630482,-1.739070054,50.5163577,2,200,800,1.6,30,3,0.2,0,0.4884,0,0
4,4,raw,44,19.52256778,80.24609643,0.160215355,-1.736162986,50.2985311,2,200,800,1.6,30,3,0.2,0,0.4884,0,0
4,4,raw,44.2,19.55427343,79.89915101,0.156881174,-1.733325159,50.08106451,2,200,800,1.6,30,3,0.2,0,0.4884,0,0
4,4,raw,44.4,19.58532025,79.55276636,0.153626017,-1.730553916,49.86394942,2,200,800,1.6,30,3,0.2,0,0.4884,0,0
4,4,raw,44.6,19.61572384,79.20692944,0.150447963,-1.727846603,49.64717764,2,200,800,1.6,30,3,0.2,0,0.4884,0,0
4,4,raw,44.8,19.64549943,78.86162772,0.14734509,-1.725200561,49.43074133,2,200,800,1.6,30,3,0.2,0,0.4884,0,0
4,4,raw,45,19.67466188,78.51684922,0.144315477,-1.722613135,49.21463296,2,200,800,1.6,30,3,0.2,0,0.4884,0,0
4,4,raw,45.2,19.70322562,78.17258247,0.141357203,-1.720081669,48.99884537,2,200,800,1.6,30,3,0.2,0,0.4884,0,0
4,4,raw,45.4,19.73120476,77.82881655,0.138468345,-1.717603506,48.78337171,2,200,800,1.6,30,3,0.2,0,0.4884,0,0
4,4,raw,45.6,19.75861296,77.48554106,0.135646983,-1.71517599,48.56820544,2,200,800,1.6,30,3,0.2,0,0.4884,0,0
4,4,raw,45.8,19.78546355,77.14274615,0.132891194,-1.712796464,48.35334041,2,200,800,1.6,30,3,0.2,0,0.4884,0,0
4,4,raw,46,19.81176944,76.80042248,0.130199059,-1.710462272,48.13877074,2,200,800,1.6,30,3,0.2,0,0.4884,0,0
4,4,raw,46.2,19.83754317,76.45856124,0.127568654,-1.708170757,47.92449094,2,200,800,1.6,30,3,0.2,0,0.4884,0,0
4,4,raw,46.4,19.8627969,76.11715418,0.124998058,-1.705919264,47.7104958,2,200,800,1.6,30,3,0.2,0,0.4884,0,0
4,4,raw,46.6,19.8875424,75.77619354,0.12248535,-1.703705136,47.4967805,2,200,800,1.6,30,3,0.2,0,0.4884,0,0
4,4,raw,46.8,19.91179104,75.43567212,0.120028609,-1.701525716,47.28334049,2,200,800,1.6,30,3,0.2,0,0.4884,0,0
4,4,raw,47,19.93555384,75.09558325,0.117625912,-1.699378349,47.07017161,2,200,800,1.6,30,3,0.2,0,0.4884,0,0
4,4,raw,47.2,19.95884141,74.75592078,0.115275339,-1.697260377,46.85727,2,200,800,1.6,30,3,0.2,0,0.4884,0,0
4,4,raw,47.4,19.98166398,74.4166791,0.112974968,-1.695169145,46.64463214,2,200,800,1.6,30,3,0.2,0,0.4884,0,0
4,4,raw,47.6,20.00403139,74.07785312,0.110722878,-1.693101997,46.43225484,2,200,800,1.6,30,3,0.2,0,0.4884,0,0
4,4,raw,47.8,20.02595313,73.7394383,0.108517146,-1.691056274,46.22013526,2,200,800,1.6,30,3,0.2,0,0.4884,0,0
4,4,raw,48,20.04743825,73.40143061,0.106355851,-1.689029323,46.00827087,2,200,800,1.6,30,3,0.2,0,0.4884,0,0
4,4,raw,48.2,20.06849547,73.06382657,0.104237073,-1.687018485,45.79665949,2,200,800,1.6,30,3,0.2,0,0.4884,0,0
4,4,raw,48.4,20.08913308,72.72662322,0.102158889,-1.685021105,45.58529926,2,200,800,1.6,30,3,0.2,0,0.4884,0,0
4,4,raw,48.6,20.10935902,72.38981813,0.100119378,-1.683034526,45.37418866,2,200,800,1.6,30,3,0.2,0,0.4884,0,0
4,4,raw,48.8,20.12918083,72.05340941,0.098116618,-1.681056093,45.16332651,2,200,800,1.6,30,3,0.2,0,0.4884,0,0
4,4,raw,49,20.14860567,71.71739569,0.096148689,-1.679083148,44.95271195,2,200,800,1.6,30,3,0.2,0,0.4884,0,0
4,4,raw,49.2,20.16764031,71.38177615,0.094213667,-1.677113035,44.74234446,2,200,800,1.6,30,3,0.2,0,0.4884,0,0
4,4,raw,49.4,20.18629114,71.04655048,0.092309633,-1.675143098,44.53222385,2,200,800,1.6,30,3,0.2,0,0.4884,0,0
4,4,raw,49.6,20.20456416,70.71171891,0.090434664,-1.673170681,44.32235026,2,200,800,1.6,30,3,0.2,0,0.4884,0,0
4,4,raw,49.8,20.222465,70.37728221,0.088586839,-1.671193127,44.11272418,2,200,800,1.6,30,3,0.2,0,0.4884,0,0
4,4,raw,50,20.2399989,70.04324166,0.086764237,-1.669207779,43.90334641,2,200,800,1.6,30,3,0.2,0,0.4884,0,0
4,4,raw,50.2,20.2571707,69.7095991,0.084964935,-1.667211982,43.69421809,2,200,800,1.6,30,3,0.2,0,0.4884,0,0
4,4,raw,50.4,20.27398487,69.37635687,0.083187013,-1.66520308,43.48534071,2,200,800,1.6,30,3,0.2,0,0.4884,0,0
4,4,raw,50.6,20.2904455,69.04351786,0.081428549,-1.663178414,43.27671607,2,200,800,1.6,30,3,0.2,0,0.4884,0,0
4,4,raw,50.8,20.30655629,68.7110855,0.079687621,-1.661135331,43.06834632,2,200,800,1.6,30,3,0.2,0,0.4884,0,0
4,4,raw,51,20.32232055,68.37906373,0.077962308,-1.659071172,42.86023392,2,200,800,1.6,30,3,0.2,0,0.4884,0,0
4,4,raw,51.2,20.33774121,68.04745703,0.076250689,-1.656983282,42.65238169,2,200,800,1.6,30,3,0.2,0,0.4884,0,0
4,4,raw,51.4,20.35282083,67.71627042,0.074550842,-1.654869004,42.44479278,2,200,800,1.6,30,3,0.2,0,0.4884,0,0
4,4,raw,51.6,20.36756155,67.38550943,0.072860845,-1.652725682,42.23747064,2,200,800,1.6,30,3,0.2,0,0.4884,0,0
4,4,raw,51.8,20.38196517,67.05518015,0.071178777,-1.65055066,42.0304191,2,200,800,1.6,30,3,0.2,0,0.4884,0,0
4,4,raw,52,20.39603306,66.72528917,0.069502717,-1.648341281,41.8236423,2,200,800,1.6,30,3,0.2,0,0.4884,0,0
4,4,raw,52.2,20.40976625,66.39584363,0.067830743,-1.646094889,41.61714469,2,200,800,1.6,30,3,0.2,0,0.4884,0,0
4,4,raw,52.4,20.42316536,66.06685121,0.066160933,-1.643808827,41.41093111,2,200,800,1.6,30,3,0.2,0,0.4884,0,0
4,4,raw,52.6,20.43623062,65.7383201,0.064491366,-1.64148044,41.20500667,2,200,800,1.6,30,3,0.2,0,0.4884,0,0
4,4,raw,52.8,20.44896191,65.41025904,0.06282012,-1.63910707,40.99937686,2,200,800,1.6,30,3,0.2,0,0.4884,0,0
4,4,raw,53,20.46135867,65.08267727,0.061145275,-1.636686062,40.79404747,2,200,800,1.6,30,3,0.2,0,0.4884,0,0
4,4,raw,53.2,20.47342002,64.75558461,0.059464908,-1.634214759,40.58902466,2,200,800,1.6,30,3,0.2,0,0.4884,0,0
4,4,raw,53.4,20.48514464,64.42899137,0.057777098,-1.631690504,40.38431489,2,200,800,1.6,30,3,0.2,0,0.4884,0,0
4,4,raw,53.6,20.49653085,64.10290841,0.056079923,-1.629110642,40.17992496,2,200,800,1.6,30,3,0.2,0,0.4884,0,0
4,4,raw,53.8,20.50757661,63.77734711,0.054371463,-1.626472516,39.97586201,2,200,800,1.6,30,3,0.2,0,0.4884,0,0
4,4,raw,54,20.51827944,63.4523194,0.052649795,-1.623773469,39.77213352,2,200,800,1.6,30,3,0.2,0,0.4884,0,0
4,4,raw,54.2,20.52863652,63.12783773,0.051001646,-1.62116847,39.56874728,2,200,800,1.6,30,3,0.2,0,0.4884,0,0
4,4,raw,54.4,20.5386801,62.80385202,0.049697841,-1.61914359,39.36567191,2,200,800,1.6,30,3,0.2,0,0.4884,0,0
4,4,raw,54.6,20.54851566,62.48018029,0.048684757,-1.617611802,39.16279335,2,200,800,1.6,30,3,0.2,0,0.4884,0,0
4,4,raw,54.8,20.558154,62.15680729,0.047708321,-1.616125781,38.96010204,2,200,800,1.6,30,3,0.2,0,0.4884,0,0
4,4,raw,55,20.56759899,61.83372998,0.046751104,-1.614654883,38.75759606,2,200,800,1.6,30,3,0.2,0,0.4884,0,0
4,4,raw,55.2,20.57685444,61.51094534,0.045812849,-1.613198879,38.55527353,2,200,800,1.6,30,3,0.2,0,0.4884,0,0
4,4,raw,55.4,20.58592413,61.18845043,0.044893301,-1.611757541,38.3531326,2,200,800,1.6,30,3,0.2,0,0.4884,0,0
4,4,raw,55.6,20.59481176,60.86624232,0.043992206,-1.61033064,38.15117145,2,200,800,1.6,30,3,0.2,0,0.4884,0,0
4,4,raw,55.8,20.60352101,60.54431817,0.043109307,-1.608917949,37.94938827,2,200,800,1.6,30,3,0.2,0,0.4884,0,0
4,4,raw,56,20.61205549,60.22267515,0.04224435,-1.607519239,37.74778131,2,200,800,1.6,30,3,0.2,0,0.4884,0,0
4,4,raw,56.2,20.62041875,59.90131047,0.041397079,-1.606134283,37.54634882,2,200,800,1.6,30,3,0.2,0,0.4884,0,0
4,4,raw,56.4,20.62861432,59.58022143,0.040567239,-1.60476285,37.3450891,2,200,800,1.6,30,3,0.2,0,0.4884,0,0
4,4,raw,56.6,20.63664565,59.25940533,0.039754574,-1.603404714,37.14400046,2,200,800,1.6,30,3,0.2,0,0.4884,0,0
4,4,raw,56.8,20.64451615,58.93885955,0.03895883,-1.602059646,36.94308125,2,200,800,1.6,30,3,0.2,0,0.4884,0,0
4,4,raw,57,20.65222918,58.61858148,0.038179751,-1.600727417,36.74232984,2,200,800,1.6,30,3,0.2,0,0.4884,0,0
4,4,raw,57.2,20.65978805,58.29856858,0.037417082,-1.5994078,36.54174465,2,200,800,1.6,30,3,0.2,0,0.4884,0,0
4,4,raw,57.4,20.66719601,57.97881836,0.036670567,-1.598100566,36.34132411,2,200,800,1.6,30,3,0.2,0,0.4884,0,0
4,4,raw,57.6,20.67445627,57.65932835,0.035939952,-1.596805487,36.14106667,2,200,800,1.6,30,3,0.2,0,0.4884,0,0
4,4,raw,57.8,20.68157199,57.34009616,0.03522498,-1.595522334,35.94097082,2,200,800,1.6,30,3,0.2,0,0.4884,0,0
4,4,raw,58,20.68854627,57.02111942,0.034525397,-1.594250879,35.7410351,2,200,800,1.6,30,3,0.2,0,0.4884,0,0
4,4,raw,58.2,20.69538215,56.70239581,0.033840948,-1.592990895,35.54125803,2,200,800,1.6,30,3,0.2,0,0.4884,0,0
4,4,raw,58.4,20.70208265,56.38392306,0.033171377,-1.591742151,35.34163821,2,200,800,1.6,30,3,0.2,0,0.4884,0,0
4,4,raw,58.6,20.7086507,56.06569895,0.032516428,-1.590504422,35.14217424,2,200,800,1.6,30,3,0.2,0,0.4884,0,0
4,4,raw,58.8,20.71508922,55.74772129,0.031875847,-1.589277477,34.94286474,2,200,800,1.6,30,3,0.2,0,0.4884,0,0
4,4,raw,59,20.72140104,55.42998796,0.031249379,-1.588061088,34.74370839,2,200,800,1.6,30,3,0.2,0,0.4884,0,0
4,4,raw,59.2,20.72758897,55.11249686,0.030636767,-1.586855029,34.54470387,2,200,800,1.6,30,3,0.2,0,0.4884,0,0
4,4,raw,59.4,20.73365575,54.79524595,0.030037757,-1.585659069,34.3458499,2,200,800,1.6,30,3,0.2,0,0.4884,0,0
4,4,raw,59.6,20.73960407,54.47823323,0.029452094,-1.584472981,34.14714523,2,200,800,1.6,30,3,0.2,0,0.4884,0,0
4,4,raw,59.8,20.74543658,54.16145675,0.028879521,-1.583296536,33.94858864,2,200,800,1.6,30,3,0.2,0,0.4884,0,0
4,4,raw,60,20.75115588,53.84491462,0.028319785,-1.582129507,33.75017893,2,200,800,1.6,30,3,0.2,0,0.4884,0,0
4,4,raw,60.2,20.7567645,53.52860495,0.027772629,-1.580971664,33.55191493,2,200,800,1.6,30,3,0.2,0,0.4884,0,0
4,4,raw,60.4,20.76226493,53.21252595,0.027237798,-1.579822781,33.35379552,2,200,800,1.6,30,3,0.2,0,0.4884,0,0
4,4,raw,60.6,20.76765962,52.89667584,0.026715038,-1.578682627,33.15581958,2,200,800,1.6,30,3,0.2,0,0.4884,0,0
4,4,raw,60.8,20.77295095,52.5810529,0.026204092,-1.577550976,32.95798603,2,200,800,1.6,30,3,0.2,0,0.4884,0,0
4,4,raw,61,20.77814125,52.26565545,0.025704706,-1.576427598,32.76029381,2,200,800,1.6,30,3,0.2,0,0.4884,0,0
4,4,raw,61.2,20.78323283,51.95048186,0.025216623,-1.575312265,32.56274192,2,200,800,1.6,30,3,0.2,0,0.4884,0,0
4,4,raw,61.4,20.7882279,51.63553054,0.02473959,-1.57420475,32.36532934,2,200,800,1.6,30,3,0.2,0,0.4884,0,0
4,4,raw,61.6,20.79312866,51.32079996,0.02427335,-1.573104824,32.16805512,2,200,800,1.6,30,3,0.2,0,0.4884,0,0
4,4,raw,61.8,20.79793724,51.00628861,0.023817649,-1.572012258,31.97091832,2,200,800,1.6,30,3,0.2,0,0.4884,0,0
4,4,raw,62,20.80265572,50.69199506,0.023372231,-1.570926824,31.77391803,2,200,800,1.6,30,3,0.2,0,0.4884,0,0
4,4,raw,62.2,20.80728614,50.37791788,0.02293684,-1.569848294,31.57705337,2,200,800,1.6,30,3,0.2,0,0.4884,0,0
4,4,raw,62.4,20.81183046,50.06405574,0.022511222,-1.56877644,31.38032349,2,200,800,1.6,30,3,0.2,0,0.4884,0,0
4,4,raw,62.6,20.81629063,49.75040731,0.022095121,-1.567711033,31.18372757,2,200,800,1.6,30,3,0.2,0,0.4884,0,0
4,4,raw,62.8,20.82066851,49.43697133,0.021688283,-1.566651845,30.98726481,2,200,800,1.6,30,3,0.2,0,0.4884,0,0
4,4,raw,63,20.82496594,49.12374657,0.02129045,-1.565598648,30.79093445,2,200,800,1.6,30,3,0.2,0,0.4884,0,0
4,4,raw,63.2,20.82918469,48.81073187,0.02090137,-1.564551213,30.59473575,2,200,800,1.6,30,3,0.2,0,0.4884,0,0
4,4,raw,63.4,20.83332649,48.49792609,0.020520785,-1.563509313,30.398668,2,200,800,1.6,30,3,0.2,0,0.4884,0,0
4,4,raw,63.6,20.837393,48.18532814,0.020148441,-1.562472718,30.20273053,2,200,800,1.6,30,3,0.2,0,0.4884,0,0
4,4,raw,63.8,20.84138586,47.872937,0.019784082,-1.561441201,30.00692268,2,200,800,1.6,30,3,0.2,0,0.4884,0,0
4,4,raw,64,20.84530664,47.56075166,0.019427454,-1.560414533,29.81124383,2,200,800,1.6,30,3,0.2,0,0.4884,0,0
4,4,raw,64.2,20.84915684,47.24877119,0.019078301,-1.559392485,29.61569338,2,200,800,1.6,30,3,0.2,0,0.4884,0,0
4,4,raw,64.4,20.85293796,46.93699467,0.018736367,-1.558374831,29.42027078,2,200,800,1.6,30,3,0.2,0,0.4884,0,0
4,4,raw,64.6,20.85665139,46.62542125,0.018401398,-1.557361341,29.22497549,2,200,800,1.6,30,3,0.2,0,0.4884,0,0
4,4,raw,64.8,20.86029852,46.31405013,0.018073138,-1.556351787,29.02980699,2,200,800,1.6,30,3,0.2,0,0.4884,0,0
4,4,raw,65,20.86388065,46.00288054,0.017751332,-1.555345941,28.83476481,2,200,800,1.6,30,3,0.2,0,0.4884,0,0
4,4,raw,65.2,20.86739905,45.69191175,0.017435724,-1.554343574,28.6398485,2,200,800,1.6,30,3,0.2,0,0.4884,0,0
4,4,raw,65.4,20.87085494,45.38114311,0.01712606,-1.553344458,28.44505764,2,200,800,1.6,30,3,0.2,0,0.4884,0,0
4,4,raw,65.6,20.87424947,45.07057397,0.016822084,-1.552348365,28.25039183,2,200,800,1.6,30,3,0.2,0,0.4884,0,0
4,4,raw,65.8,20.87758377,44.76020376,0.01652354,-1.551355067,28.05585071,2,200,800,1.6,30,3,0.2,0,0.4884,0,0
4,4,raw,66,20.88085889,44.45003194,0.016230174,-1.550364335,27.86143394,2,200,800,1.6,30,3,0.2,0,0.4884,0,0
4,4,raw,66.2,20.88407584,44.14005803,0.01594173,-1.549375941,27.66714121,2,200,800,1.6,30,3,0.2,0,0.4884,0,0
4,4,raw,66.4,20.88723558,43.83028157,0.015657952,-1.548389657,27.47297226,2,200,800,1.6,30,3,0.2,0,0.4884,0,0
4,4,raw,66.6,20.89033902,43.52070217,0.015378587,-1.547405254,27.27892681,2,200,800,1.6,30,3,0.2,0,0.4884,0,0
4,4,raw,66.8,20.89338701,43.21131947,0.015103378,-1.546422504,27.08500467,2,200,800,1.6,30,3,0.2,0,0.4884,0,0
4,4,raw,67,20.89638037,42.90213316,0.014832069,-1.545441178,26.89120562,2,200,800,1.6,30,3,0.2,0,0.4884,0,0
4,4,raw,67.2,20.89931984,42.593143,0.014564407,-1.54446105,26.69752951,2,200,800,1.6,30,3,0.2,0,0.4884,0,0
4,4,raw,67.4,20.90220613,42.28434874,0.014300135,-1.543481889,26.50397621,2,200,800,1.6,30,3,0.2,0,0.4884,0,0
4,4,raw,67.6,20.9050399,41.97575024,0.014038998,-1.542503468,26.3105456,2,200,800,1.6,30,3,0.2,0,0.4884,0,0
4,4,raw,67.8,20.90782173,41.66734736,0.013780741,-1.541525559,26.1172376,2,200,800,1.6,30,3,0.2,0,0.4884,0,0
4,4,raw,68,20.91055219,41.35914002,0.013525108,-1.540547933,25.92405217,2,200,800,1.6,30,3,0.2,0,0.4884,0,0
4,4,raw,68.2,20.91323178,41.05112818,0.013271845,-1.539570363,25.73098929,2,200,800,1.6,30,3,0.2,0,0.4884,0,0
4,4,raw,68.4,20.91586093,40.74331187,0.013020696,-1.538592618,25.53804896,2,200,800,1.6,30,3,0.2,0,0.4884,0,0
4,4,raw,68.6,20.91844005,40.43569114,0.012771406,-1.537614473,25.34523122,2,200,800,1.6,30,3,0.2,0,0.4884,0,0
4,4,raw,68.8,20.92096949,40.12826608,0.012523719,-1.536635697,25.15253613,2,200,800,1.6,30,3,0.2,0,0.4884,0,0
4,4,raw,69,20.92344954,39.82103686,0.01227765,-1.535656472,24.95996379,2,200,800,1.6,30,3,0.2,0,0.4884,0,0
4,4,raw,69.2,20.92588055,39.51400349,0.012045872,-1.534696147,24.76751421,2,200,800,1.6,30,3,0.2,0,0.4884,0,0
4,4,raw,69.4,20.92826789,39.2071584,0.01183577,-1.533765953,24.57518264,2,200,800,1.6,30,3,0.2,0,0.4884,0,0
4,4,raw,69.6,20.93061486,38.90049711,0.011635346,-1.532847674,24.38296629,2,200,800,1.6,30,3,0.2,0,0.4884,0,0
4,4,raw,69.8,20.93292203,38.59401933,0.011437735,-1.531930919,24.19086495,2,200,800,1.6,30,3,0.2,0,0.4884,0,0
4,4,raw,70,20.93518996,38.28772474,0.011242912,-1.531015678,23.99887845,2,200,800,1.6,30,3,0.2,0,0.4884,0,0
4,4,raw,70.2,20.93741919,37.98161306,0.01105085,-1.530101937,23.80700658,2,200,800,1.6,30,3,0.2,0,0.4884,0,0
4,4,raw,70.4,20.9396103,37.67568397,0.010861524,-1.529189687,23.61524917,2,200,800,1.6,30,3,0.2,0,0.4884,0,0
4,4,raw,70.6,20.9417638,37.36993718,0.010674908,-1.528278916,23.42360603,2,200,800,1.6,30,3,0.2,0,0.4884,0,0
4,4,raw,70.8,20.94388026,37.0643724,0.010490977,-1.527369612,23.23207696,2,200,800,1.6,30,3,0.2,0,0.4884,0,0
4,4,raw,71,20.94596019,36.75898934,0.010309704,-1.526461764,23.0406618,2,200,800,1.6,30,3,0.2,0,0.4884,0,0
4,4,raw,71.2,20.94800414,36.4537877,0.010131065,-1.525555362,22.84936036,2,200,800,1.6,30,3,0.2,0,0.4884,0,0
4,4,raw,71.4,20.95001262,36.14876719,0.009955032,-1.524650393,22.65817245,2,200,800,1.6,30,3,0.2,0,0.4884,0,0
4,4,raw,71.6,20.95198615,35.84392754,0.009781581,-1.523746847,22.4670979,2,200,800,1.6,30,3,0.2,0,0.4884,0,0
4,4,raw,71.8,20.95392525,35.53926845,0.009610685,-1.522844712,22.27613653,2,200,800,1.6,30,3,0.2,0,0.4884,0,0
4,4,raw,72,20.95583043,35.23478966,0.009442319,-1.521943977,22.08528816,2,200,800,1.6,30,3,0.2,0,0.4884,0,0
4,4,raw,72.2,20.95770218,34.93049086,0.009276457,-1.52104463,21.89455263,2,200,800,1.6,30,3,0.2,0,0.4884,0,0
4,4,raw,72.4,20.95954101,34.6263718,0.009113074,-1.520146661,21.70392975,2,200,800,1.6,30,3,0.2,0,0.4884,0,0
4,4,raw,72.6,20.96134741,34.3224322,0.008952143,-1.519250058,21.51341935,2,200,800,1.6,30,3,0.2,0,0.4884,0,0
4,4,raw,72.8,20.96312187,34.01867178,0.008793638,-1.518354809,21.32302127,2,200,800,1.6,30,3,0.2,0,0.4884,0,0
4,4,raw,73,20.96486486,33.71509028,0.008637535,-1.517460904,21.13273533,2,200,800,1.6,30,3,0.2,0,0.4884,0,0
4,4,raw,73.2,20.96657688,33.41168742,0.008483807,-1.516568332,20.94256137,2,200,800,1.6,30,3,0.2,0,0.4884,0,0
4,4,raw,73.4,20.96825839,33.10846294,0.008332429,-1.51567708,20.75249922,2,200,800,1.6,30,3,0.2,0,0.4884,0,0
4,4,raw,73.6,20.96990985,32.80541659,0.008183375,-1.514787138,20.56254871,2,200,800,1.6,30,3,0.2,0,0.4884,0,0
4,4,raw,73.8,20.97153174,32.50254809,0.008036618,-1.513898494,20.37270969,2,200,800,1.6,30,3,0.2,0,0.4884,0,0
4,4,raw,74,20.9731245,32.19985719,0.007892134,-1.513011138,20.18298198,2,200,800,1.6,30,3,0.2,0,0.4884,0,0
4,4,raw,74.2,20.97468859,31.89734363,0.007749896,-1.512125057,19.99336544,2,200,800,1.6,30,3,0.2,0,0.4884,0,0
4,4,raw,74.4,20.97622446,31.59500717,0.007609879,-1.511240241,19.80385989,2,200,800,1.6,30,3,0.2,0,0.4884,0,0
4,4,raw,74.6,20.97773254,31.29284754,0.007472057,-1.510356678,19.61446519,2,200,800,1.6,30,3,0.2,0,0.4884,0,0
4,4,raw,74.8,20.97921328,30.9908645,0.007336404,-1.509474357,19.42518118,2,200,800,1.6,30,3,0.2,0,0.4884,0,0
4,4,raw,75,20.9806671,30.68905779,0.007202894,-1.508593266,19.23600769,2,200,800,1.6,30,3,0.2,0,0.4884,0,0
4,4,raw,75.2,20.98209444,30.38742719,0.007071503,-1.507713395,19.04694458,2,200,800,1.6,30,3,0.2,0,0.4884,0,0
4,4,raw,75.4,20.98349571,30.08597244,0.006942203,-1.506834733,18.8579917,2,200,800,1.6,30,3,0.2,0,0.4884,0,0
4,4,raw,75.6,20.98487132,29.7846933,0.006814969,-1.505957267,18.66914889,2,200,800,1.6,30,3,0.2,0,0.4884,0,0
4,4,raw,75.8,20.98622169,29.48358953,0.006689776,-1.505080986,18.48041601,2,200,800,1.6,30,3,0.2,0,0.4884,0,0
4,4,raw,76,20.98754723,29.1826609,0.006566597,-1.50420588,18.2917929,2,200,800,1.6,30,3,0.2,0,0.4884,0,0
4,4,raw,76.2,20.98884833,28.88190718,0.006445408,-1.503331937,18.10327943,2,200,800,1.6,30,3,0.2,0,0.4884,0,0
4,4,raw,76.4,20.99012539,28.58132813,0.006326181,-1.502459146,17.91487544,2,200,800,1.6,30,3,0.2,0,0.4884,0,0
4,4,raw,76.6,20.9913788,28.28092352,0.006208892,-1.501587495,17.72658079,2,200,800,1.6,30,3,0.2,0,0.4884,0,0
4,4,raw,76.8,20.99260895,27.98069313,0.006093514,-1.500716973,17.53839534,2,200,800,1.6,30,3,0.2,0,0.4884,0,0
4,4,raw,77,20.99381621,27.68063673,0.005980022,-1.499847569,17.35031895,2,200,800,1.6,30,3,0.2,0,0.4884,0,0
4,4,raw,77.2,20.99500096,27.3807541,0.005868391,-1.498979272,17.16235148,2,200,800,1.6,30,3,0.2,0,0.4884,0,0
4,4,raw,77.4,20.99616357,27.08104502,0.005758594,-1.49811207,16.97449279,2,200,800,1.6,30,3,0.2,0,0.4884,0,0
4,4,raw,77.6,20.9973044,26.78150927,0.005650605,-1.497245952,16.78674275,2,200,800,1.6,30,3,0.2,0,0.4884,0,0
4,4,raw,77.8,20.99842381,26.48214664,0.005544399,-1.496380907,16.59910121,2,200,800,1.6,30,3,0.2,0,0.4884,0,0
4,4,raw,78,20.99952216,26.18295691,0.00543995,-1.495516924,16.41156805,2,200,800,1.6,30,3,0.2,0,0.4884,0,0
4,4,raw,78.2,21.00059979,25.88393987,0.005337233,-1.49465399,16.22414314,2,200,800,1.6,30,3,0.2,0,0.4884,0,0
4,4,raw,78.4,21.00165705,25.58509531,0.005236221,-1.493792096,16.03682634,2,200,800,1.6,30,3,0.2,0,0.4884,0,0
4,4,raw,78.6,21.00269428,25.28642303,0.005136889,-1.492931229,15.84961751,2,200,800,1.6,30,3,0.2,0,0.4884,0,0
4,4,raw,78.8,21.0037118,24.98792282,0.00503921,-1.492071378,15.66251655,2,200,800,1.6,30,3,0.2,0,0.4884,0,0
4,4,raw,79,21.00470996,24.68959448,0.004943161,-1.491212533,15.47552331,2,200,800,1.6,30,3,0.2,0,0.4884,0,0
4,4,raw,79.2,21.00568907,24.39143781,0.004848713,-1.490354681,15.28863768,2,200,800,1.6,30,3,0.2,0,0.4884,0,0
4,4,raw,79.4,21.00664945,24.09345261,0.004755843,-1.489497812,15.10185952,2,200,800,1.6,30,3,0.2,0,0.4884,0,0
4,4,raw,79.6,21.00759141,23.79563868,0.004664523,-1.488641914,14.91518872,2,200,800,1.6,30,3,0.2,0,0.4884,0,0
4,4,raw,79.8,21.00851526,23.49799584,0.004574728,-1.487786976,14.72862516,2,200,800,1.6,30,3,0.2,0,0.4884,0,0
4,4,raw,80,21.0094213,23.20052389,0.004486434,-1.486932987,14.54216871,2,200,800,1.6,30,3,0.2,0,0.4884,0,0
4,4,raw,80.2,21.01030983,22.90322265,0.004399612,-1.486079935,14.35581926,2,200,800,1.6,30,3,0.2,0,0.4884,0,0
4,4,raw,80.4,21.01118114,22.60609192,0.004314239,-1.48522781,14.16957669,2,200,800,1.6,30,3,0.2,0,0.4884,0,0
4,4,raw,80.6,21.01203552,22.30913152,0.004230288,-1.484376599,13.98344089,2,200,800,1.6,30,3,0.2,0,0.4884,0,0
4,4,raw,80.8,21.01287326,22.01234128,0.004147733,-1.483526291,13.79741174,2,200,800,1.6,30,3,0.2,0,0.4884,0,0
4,4,raw,81,21.01369462,21.71572101,0.004066549,-1.482676876,13.61148912,2,200,800,1.6,30,3,0.2,0,0.4884,0,0
4,4,raw,81.2,21.01449988,21.41927053,0.00398671,-1.481828342,13.42567294,2,200,800,1.6,30,3,0.2,0,0.4884,0,0
4,4,raw,81.4,21.0152893,21.12298967,0.00390819,-1.480980678,13.23996307,2,200,800,1.6,30,3,0.2,0,0.4884,0,0
4,4,raw,81.6,21.01606315,20.82687826,0.003830964,-1.480133872,13.05435941,2,200,800,1.6,30,3,0.2,0,0.4884,0,0
4,4,raw,81.8,21.01682169,20.53093612,0.003755005,-1.479287913,12.86886185,2,200,800,1.6,30,3,0.2,0,0.4884,0,0
4,4,raw,82,21.01756516,20.23516309,0.003680288,-1.47844279,12.68347029,2,200,800,1.6,30,3,0.2,0,0.4884,0,0
4,4,raw,82.2,21.0182938,19.93955901,0.003606787,-1.477598492,12.49818463,2,200,800,1.6,30,3,0.2,0,0.4884,0,0
4,4,raw,82.4,21.01900787,19.6441237,0.003534477,-1.476755007,12.31300475,2,200,800,1.6,30,3,0.2,0,0.4884,0,0
4,4,raw,82.6,21.01970759,19.348857,0.003463331,-1.475912324,12.12793057,2,200,800,1.6,30,3,0.2,0,0.4884,0,0
4,4,raw,82.8,21.0203932,19.05375877,0.003393324,-1.475070432,11.94296197,2,200,800,1.6,30,3,0.2,0,0.4884,0,0
4,4,raw,83,21.02106492,18.75882883,0.00332443,-1.474229319,11.75809887,2,200,800,1.6,30,3,0.2,0,0.4884,0,0
4,4,raw,83.2,21.02172297,18.46406704,0.003256623,-1.473388974,11.57334116,2,200,800,1.6,30,3,0.2,0,0.4884,0,0
4,4,raw,83.4,21.02236757,18.16947324,0.003189878,-1.472549387,11.38868874,2,200,800,1.6,30,3,0.2,0,0.4884,0,0
4,4,raw,83.6,21.02299893,17.87504729,0.003124169,-1.471710545,11.20414153,2,200,800,1.6,30,3,0.2,0,0.4884,0,0
4,4,raw,83.8,21.02361724,17.58078902,0.00305947,-1.470872437,11.01969944,2,200,800,1.6,30,3,0.2,0,0.4884,0,0
4,4,raw,84,21.02422271,17.28669831,0.002995755,-1.470035052,10.83536236,2,200,800,1.6,30,3,0.2,0,0.4884,0,0
4,4,raw,84.2,21.02481554,16.992775,0.002932999,-1.469198379,10.65113021,2,200,800,1.6,30,3,0.2,0,0.4884,0,0
4,4,raw,84.4,21.02539591,16.69901896,0.002871175,-1.468362407,10.46700291,2,200,800,1.6,30,3,0.2,0,0.4884,0,0
4,4,raw,84.6,21.02596401,16.40543004,0.002810259,-1.467527124,10.28298036,2,200,800,1.6,30,3,0.2,0,0.4884,0,0
4,4,raw,84.8,21.02652002,16.11200811,0.002750223,-1.466692519,10.09906247,2,200,800,1.6,30,3,0.2,0,0.4884,0,0
4,4,raw,85,21.0270641,15.81875303,0.002691043,-1.46585858,9.915249175,2,200,800,1.6,30,3,0.2,0,0.4884,0,0
4,4,raw,85.2,21.02759643,15.52566468,0.002632693,-1.465025297,9.731540379,2,200,800,1.6,30,3,0.2,0,0.4884,0,0
4,4,raw,85.4,21.02811718,15.23274291,0.002575147,-1.464192658,9.547936004,2,200,800,1.6,30,3,0.2,0,0.4884,0,0
4,4,raw,85.6,21.02862649,14.93998761,0.002518379,-1.463360652,9.364435968,2,200,800,1.6,30,3,0.2,0,0.4884,0,0
4,4,raw,85.8,21.02912453,14.64739865,0.002462364,-1.462529267,9.181040194,2,200,800,1.6,30,3,0.2,0,0.4884,0,0
4,4,raw,86,21.02961144,14.35497591,0.002407075,-1.461698493,8.997748605,2,200,800,1.6,30,3,0.2,0,0.4884,0,0
4,4,raw,86.2,21.03008736,14.06271926,0.002352487,-1.460868317,8.814561124,2,200,800,1.6,30,3,0.2,0,0.4884,0,0
4,4,raw,86.4,21.03055243,13.77062858,0.002298575,-1.460038729,8.631477677,2,200,800,1.6,30,3,0.2,0,0.4884,0,0
4,4,raw,86.6,21.03100679,13.47870376,0.002245311,-1.459209718,8.448498191,2,200,800,1.6,30,3,0.2,0,0.4884,0,0
4,4,raw,86.8,21.03145056,13.18694469,0.002192672,-1.458381272,8.265622595,2,200,800,1.6,30,3,0.2,0,0.4884,0,0
4,4,raw,87,21.03188386,12.89535126,0.00214063,-1.457553379,8.082850819,2,200,800,1.6,30,3,0.2,0,0.4884,0,0
4,4,raw,87.2,21.03230681,12.60392334,0.002089161,-1.45672603,7.900182793,2,200,800,1.6,30,3,0.2,0,0.4884,0,0
4,4,raw,87.4,21.03271952,12.31266084,0.002038238,-1.455899211,7.717618451,2,200,800,1.6,30,3,0.2,0,0.4884,0,0
4,4,raw,87.6,21.0331221,12.02156366,0.001987835,-1.455072913,7.535157726,2,200,800,1.6,30,3,0.2,0,0.4884,0,0
4,4,raw,87.8,21.03351466,11.73063168,0.001937927,-1.454247123,7.352800555,2,200,800,1.6,30,3,0.2,0,0.4884,0,0
4,4,raw,88,21.03389728,11.43986481,0.001888489,-1.45342183,7.170546874,2,200,800,1.6,30,3,0.2,0,0.4884,0,0
4,4,raw,88.2,21.03427005,11.14926295,0.001839494,-1.452597024,6.988396621,2,200,800,1.6,30,3,0.2,0,0.4884,0,0
4,4,raw,88.4,21.03463307,10.858826,0.001790916,-1.451772693,6.806349736,2,200,800,1.6,30,3,0.2,0,0.4884,0,0
4,4,raw,88.6,21.03498642,10.56855387,0.00174273,-1.450948825,6.62440616,2,200,800,1.6,30,3,0.2,0,0.4884,0,0
4,4,raw,88.8,21.03533017,10.27844647,0.001694911,-1.45012541,6.442565837,2,200,800,1.6,30,3,0.2,0,0.4884,0,0
4,4,raw,89,21.03566438,9.988503705,0.001647431,-1.449302436,6.260828709,2,200,800,1.6,30,3,0.2,0,0.4884,0,0
4,4,raw,89.2,21.03598914,9.698725493,0.001600267,-1.448479891,6.079194723,2,200,800,1.6,30,3,0.2,0,0.4884,0,0
4,4,raw,89.4,21.03630449,9.409111748,0.001553391,-1.447657765,5.897663824,2,200,800,1.6,30,3,0.2,0,0.4884,0,0
4,4,raw,89.6,21.03661049,9.119662387,0.001506778,-1.446836046,5.716235963,2,200,800,1.6,30,3,0.2,0,0.4884,0,0
4,4,raw,89.8,21.0369072,8.83037733,0.001460402,-1.446014723,5.534911087,2,200,800,1.6,30,3,0.2,0,0.4884,0,0
4,4,raw,90,21.03719466,8.541256498,0.001414238,-1.445193785,5.353689148,2,200,800,1.6,30,3,0.2,0,0.4884,0,0
4,4,raw,90.2,21.0374729,8.252299816,0.001368259,-1.44437322,5.172570099,2,200,800,1.6,30,3,0.2,0,0.4884,0,0
4,4,raw,90.4,21.03774196,7.96350721,0.001322441,-1.443553018,4.991553894,2,200,800,1.6,30,3,0.2,0,0.4884,0,0
4,4,raw,90.6,21.03800187,7.674878609,0.001276757,-1.442733166,4.810640487,2,200,800,1.6,30,3,0.2,0,0.4884,0,0
4,4,raw,90.8,21.03825266,7.386413944,0.001231181,-1.441913653,4.629829836,2,200,800,1.6,30,3,0.2,0,0.4884,0,0
4,4,raw,91,21.03849434,7.098113148,0.001185688,-1.441094469,4.449121899,2,200,800,1.6,30,3,0.2,0,0.4884,0,0
4,4,raw,91.2,21.03872694,6.809976156,0.001140252,-1.440275601,4.268516635,2,200,800,1.6,30,3,0.2,0,0.4884,0,0
4,4,raw,91.4,21.03895045,6.522002907,0.001094847,-1.43945704,4.088014006,2,200,800,1.6,30,3,0.2,0,0.4884,0,0
4,4,raw,91.6,21.03916488,6.23419334,0.001049448,-1.438638773,3.907613972,2,200,800,1.6,30,3,0.2,0,0.4884,0,0
4,4,raw,91.8,21.03937022,5.946547398,0.001004028,-1.437820789,3.7273165,2,200,800,1.6,30,3,0.2,0,0.4884,0,0
4,4,raw,92,21.03956649,5.659065025,0.000958562,-1.437003076,3.547121553,2,200,800,1.6,30,3,0.2,0,0.4884,0,0
4,4,raw,92.2,21.03975365,5.371746167,0.000913025,-1.436185625,3.367029098,2,200,800,1.6,30,3,0.2,0,0.4884,0,0
4,4,raw,92.4,21.0399317,5.084590775,0.000867389,-1.435368422,3.187039104,2,200,800,1.6,30,3,0.2,0,0.4884,0,0
4,4,raw,92.6,21.04010061,4.797598799,0.000821631,-1.434551458,3.007151539,2,200,800,1.6,30,3,0.2,0,0.4884,0,0
4,4,raw,92.8,21.04026035,4.510770192,0.000775723,-1.43373472,2.827366375,2,200,800,1.6,30,3,0.2,0,0.4884,0,0
4,4,raw,93,21.04041089,4.224104911,0.000729641,-1.432918198,2.647683585,2,200,800,1.6,30,3,0.2,0,0.4884,0,0
4,4,raw,93.2,21.04055221,3.937602913,0.000683358,-1.43210188,2.46810314,2,200,800,1.6,30,3,0.2,0,0.4884,0,0
4,4,raw,93.4,21.04068424,3.651264159,0.000636848,-1.431285754,2.288625018,2,200,800,1.6,30,3,0.2,0,0.4884,0,0
4,4,raw,93.6,21.04080694,3.365088611,0.000590086,-1.430469811,2.109249193,2,200,800,1.6,30,3,0.2,0,0.4884,0,0
4,4,raw,93.8,21.04092027,3.079076234,0.000543047,-1.429654037,1.929975645,2,200,800,1.6,30,3,0.2,0,0.4884,0,0
4,4,raw,94,21.04102416,2.793226996,0.000495703,-1.428838423,1.750804353,2,200,800,1.6,30,3,0.2,0,0.4884,0,0
4,4,raw,94.2,21.04111855,2.507540865,0.000448031,-1.428022956,1.571735297,2,200,800,1.6,30,3,0.2,0,0.4884,0,0
4,4,raw,94.4,21.04120338,2.222017813,0.000400003,-1.427207626,1.39276846,2,200,800,1.6,30,3,0.2,0,0.4884,0,0
4,4,raw,94.6,21.04127855,1.936657815,0.000351594,-1.426392421,1.213903824,2,200,800,1.6,30,3,0.2,0,0.4884,0,0
4,4,raw,94.8,21.04134401,1.651460845,0.000302779,-1.42557733,1.035141376,2,200,800,1.6,30,3,0.2,0,0.4884,0,0
4,4,raw,95,21.04139967,1.366426883,0.000253531,-1.424762342,0.856481101,2,200,800,1.6,30,3,0.2,0,0.4884,0,0
4,4,raw,95.2,21.04144543,1.081555908,0.000203824,-1.423947445,0.677922988,2,200,800,1.6,30,3,0.2,0,0.4884,0,0
4,4,raw,95.4,21.0414812,0.796847905,0.000153634,-1.423132628,0.499467026,2,200,800,1.6,30,3,0.2,0,0.4884,0,0
4,4,raw,95.6,21.04150688,0.512302857,0.000102934,-1.42231788,0.321113205,2,200,800,1.6,30,3,0.2,0,0.4884,0,0
4,4,raw,95.8,21.04152237,0.227920753,5.16988E-05,-1.421503189,0.142861517,2,200,800,1.6,30,3,0.2,0,0.4884,0,0
4,4,raw,96,21.04152756,-0.056298419,2.5944E-05,-1.421095857,-0.035288044,2,200,800,1.6,30,3,0.2,0,0.4884,0,0
4,5,pure,0,0.142517157,162.5531915,0.024821247,-0.050678288,101.8889033,2,200,800,1.6,30,3,0.2,0,0.4884,0,0
4,5,pure,0.2,0.147481406,162.5430558,0.025248958,-0.051553747,101.8825502,2,200,800,1.6,30,3,0.2,0,0.4884,0,0
4,5,pure,0.4,0.15261674,162.53257,0.026118788,-0.053334312,101.8759777,2,200,800,1.6,30,3,0.2,0,0.4884,0,0
4,5,pure,0.6,0.157928922,162.5217221,0.02701791,-0.055175162,101.8691782,2,200,800,1.6,30,3,0.2,0,0.4884,0,0
4,5,pure,0.8,0.163423904,162.5104999,0.027947299,-0.057078338,101.8621441,2,200,800,1.6,30,3,0.2,0,0.4884,0,0
4,5,pure,1,0.169107842,162.4988908,0.028908534,-0.059047337,101.8548674,2,200,800,1.6,30,3,0.2,0,0.4884,0,0
4,5,pure,1.2,0.174987318,162.486881,0.029902419,-0.061083821,101.8473396,2,200,800,1.6,30,3,0.2,0,0.4884,0,0
4,5,pure,1.4,0.181068809,162.4744573,0.030928916,-0.063187389,101.8395524,2,200,800,1.6,30,3,0.2,0,0.4884,0,0
4,5,pure,1.6,0.187358884,162.461606,0.031988919,-0.065359826,101.8314972,2,200,800,1.6,30,3,0.2,0,0.4884,0,0
4,5,pure,1.8,0.193864377,162.4483133,0.033083755,-0.067603955,101.8231653,2,200,800,1.6,30,3,0.2,0,0.4884,0,0
4,5,pure,2,0.200592386,162.4345645,0.034214754,-0.0699226,101.8145475,2,200,800,1.6,30,3,0.2,0,0.4884,0,0
4,5,pure,2.2,0.207550278,162.4203443,0.035383244,-0.072318583,101.8056342,2,200,800,1.6,30,3,0.2,0,0.4884,0,0
4,5,pure,2.4,0.214745684,162.405637,0.036590552,-0.074794727,101.7964156,2,200,800,1.6,30,3,0.2,0,0.4884,0,0
4,5,pure,2.6,0.222186499,162.3904264,0.037838007,-0.077353856,101.7868816,2,200,800,1.6,30,3,0.2,0,0.4884,0,0
4,5,pure,2.8,0.229880886,162.3746955,0.039126938,-0.079998792,101.7770214,2,200,800,1.6,30,3,0.2,0,0.4884,0,0
4,5,pure,3,0.237837274,162.3584269,0.040458672,-0.082732357,101.7668242,2,200,800,1.6,30,3,0.2,0,0.4884,0,0
4,5,pure,3.2,0.246064355,162.3416025,0.041834539,-0.085557376,101.7562786,2,200,800,1.6,30,3,0.2,0,0.4884,0,0
4,5,pure,3.4,0.254571089,162.3242039,0.043255865,-0.088476671,101.7453731,2,200,800,1.6,30,3,0.2,0,0.4884,0,0
4,5,pure,3.6,0.263366701,162.3062119,0.044723981,-0.091493064,101.7340956,2,200,800,1.6,30,3,0.2,0,0.4884,0,0
4,5,pure,3.8,0.272460682,162.2876067,0.046240213,-0.09460938,101.7224338,2,200,800,1.6,30,3,0.2,0,0.4884,0,0
4,5,pure,4,0.281862786,162.2683681,0.04780589,-0.09782844,101.710375,2,200,800,1.6,30,3,0.2,0,0.4884,0,0
4,5,pure,4.2,0.291583038,162.2484753,0.049422341,-0.101153068,101.6979061,2,200,800,1.6,30,3,0.2,0,0.4884,0,0
4,5,pure,4.4,0.301631723,162.2279069,0.051090894,-0.104586087,101.6850138,2,200,800,1.6,30,3,0.2,0,0.4884,0,0
4,5,pure,4.6,0.312019395,162.2066409,0.052812876,-0.108130319,101.6716842,2,200,800,1.6,30,3,0.2,0,0.4884,0,0
4,5,pure,4.8,0.322756873,162.1846548,0.054589617,-0.111788587,101.6579032,2,200,800,1.6,30,3,0.2,0,0.4884,0,0
4,5,pure,5,0.333855242,162.1619255,0.056422445,-0.115563715,101.6436564,2,200,800,1.6,30,3,0.2,0,0.4884,0,0
4,5,pure,5.2,0.345325852,162.1384293,0.058312688,-0.119458526,101.6289289,2,200,800,1.6,30,3,0.2,0,0.4884,0,0
4,5,pure,5.4,0.357180317,162.114142,0.060261626,-0.123475792,101.6137056,2,200,800,1.6,30,3,0.2,0,0.4884,0,0
4,5,pure,5.6,0.369430502,162.089039,0.062266505,-0.127614316,101.5979709,2,200,800,1.6,30,3,0.2,0,0.4884,0,0
4,5,pure,5.8,0.38208692,162.0630963,0.06432807,-0.13187718,101.5817099,2,200,800,1.6,30,3,0.2,0,0.4884,0,0
4,5,pure,6,0.39516173,162.0362881,0.066454673,-0.136275665,101.5649065,2,200,800,1.6,30,3,0.2,0,0.4884,0,0
4,5,pure,6.2,0.408668789,162.0085861,0.068651407,-0.140817506,101.5475427,2,200,800,1.6,30,3,0.2,0,0.4884,0,0
4,5,pure,6.4,0.422622292,161.9799611,0.070919971,-0.145506895,101.5296005,2,200,800,1.6,30,3,0.2,0,0.4884,0,0
4,5,pure,6.6,0.437036777,161.9503833,0.073262066,-0.150348018,101.511061,2,200,800,1.6,30,3,0.2,0,0.4884,0,0
4,5,pure,6.8,0.451927119,161.9198219,0.075679389,-0.155345066,101.491905,2,200,800,1.6,30,3,0.2,0,0.4884,0,0
4,5,pure,7,0.467308533,161.8882453,0.078173642,-0.160502227,101.4721127,2,200,800,1.6,30,3,0.2,0,0.4884,0,0
4,5,pure,7.2,0.483196575,161.855621,0.080746522,-0.165823691,101.4516637,2,200,800,1.6,30,3,0.2,0,0.4884,0,0
4,5,pure,7.4,0.499607142,161.8219158,0.08339973,-0.171313646,101.4305372,2,200,800,1.6,30,3,0.2,0,0.4884,0,0
4,5,pure,7.6,0.516556467,161.7870955,0.086134964,-0.176976283,101.4087117,2,200,800,1.6,30,3,0.2,0,0.4884,0,0
4,5,pure,7.8,0.534061128,161.7511253,0.088953925,-0.182815789,101.3861654,2,200,800,1.6,30,3,0.2,0,0.4884,0,0
4,5,pure,8,0.552138037,161.7139692,0.091858311,-0.188836355,101.3628759,2,200,800,1.6,30,3,0.2,0,0.4884,0,0
4,5,pure,8.2,0.570804452,161.6755907,0.094849822,-0.195042169,101.3388201,2,200,800,1.6,30,3,0.2,0,0.4884,0,0
4,5,pure,8.4,0.590077966,161.6359524,0.097930158,-0.201437421,101.3139746,2,200,800,1.6,30,3,0.2,0,0.4884,0,0
4,5,pure,8.6,0.609976515,161.5950158,0.101101017,-0.208026299,101.2883154,2,200,800,1.6,30,3,0.2,0,0.4884,0,0
4,5,pure,8.8,0.630518373,161.5527418,0.104364099,-0.214812993,101.261818,2,200,800,1.6,30,3,0.2,0,0.4884,0,0
4,5,pure,9,0.651722155,161.5090906,0.107721104,-0.221801692,101.2344572,2,200,800,1.6,30,3,0.2,0,0.4884,0,0
4,5,pure,9.2,0.673606815,161.4640212,0.111173731,-0.228996585,101.2062076,2,200,800,1.6,30,3,0.2,0,0.4884,0,0
4,5,pure,9.4,0.696191647,161.4174919,0.114723678,-0.236401861,101.1770429,2,200,800,1.6,30,3,0.2,0,0.4884,0,0
4,5,pure,9.6,0.719496286,161.3694604,0.118372647,-0.24402171,101.1469366,2,200,800,1.6,30,3,0.2,0,0.4884,0,0
4,5,pure,9.8,0.743540706,161.3198833,0.122122335,-0.25186032,101.1158614,2,200,800,1.6,30,3,0.2,0,0.4884,0,0
4,5,pure,10,0.76834522,161.2687163,0.125974443,-0.25992188,101.0837898,2,200,800,1.6,30,3,0.2,0,0.4884,0,0
4,5,pure,10.2,0.793930483,161.2159145,0.12993067,-0.26821058,101.0506934,2,200,800,1.6,30,3,0.2,0,0.4884,0,0
4,5,pure,10.4,0.820317488,161.1614321,0.133992714,-0.276730609,101.0165437,2,200,800,1.6,30,3,0.2,0,0.4884,0,0
4,5,pure,10.6,0.847527569,161.1052223,0.138162276,-0.285486156,100.9813112,2,200,800,1.6,30,3,0.2,0,0.4884,0,0
4,5,pure,10.8,0.875582399,161.0472376,0.142441056,-0.29448141,100.9449662,2,200,800,1.6,30,3,0.2,0,0.4884,0,0
4,5,pure,11,0.904503991,160.9874297,0.146830751,-0.30372056,100.9074784,2,200,800,1.6,30,3,0.2,0,0.4884,0,0
4,5,pure,11.2,0.934314699,160.9257494,0.151333062,-0.313207796,100.8688169,2,200,800,1.6,30,3,0.2,0,0.4884,0,0
4,5,pure,11.4,0.965037216,160.8621466,0.155949688,-0.322947306,100.8289505,2,200,800,1.6,30,3,0.2,0,0.4884,0,0
4,5,pure,11.6,0.996694574,160.7965704,0.160682329,-0.33294328,100.7878471,2,200,800,1.6,30,3,0.2,0,0.4884,0,0
4,5,pure,11.8,1.029310147,160.7289693,0.165532683,-0.343199907,100.7454745,2,200,800,1.6,30,3,0.2,0,0.4884,0,0
4,5,pure,12,1.062907648,160.6592905,0.170502451,-0.353721375,100.7017996,2,200,800,1.6,30,3,0.2,0,0.4884,0,0
4,5,pure,12.2,1.097511128,160.5874807,0.175593331,-0.364511875,100.656789,2,200,800,1.6,30,3,0.2,0,0.4884,0,0
4,5,pure,12.4,1.13314498,160.5134857,0.180772051,-0.375516538,100.6104087,2,200,800,1.6,30,3,0.2,0,0.4884,0,0
4,5,pure,12.6,1.169819948,160.4372741,0.185943486,-0.386577466,100.5626389,2,200,800,1.6,30,3,0.2,0,0.4884,0,0
4,5,pure,12.8,1.207522374,160.3588547,0.191168941,-0.397802734,100.5134854,2,200,800,1.6,30,3,0.2,0,0.4884,0,0
4,5,pure,13,1.246287524,160.278153,0.196577324,-0.409413594,100.4629013,2,200,800,1.6,30,3,0.2,0,0.4884,0,0
4,5,pure,13.2,1.286153304,160.1950893,0.202172407,-0.421418556,100.4108367,2,200,800,1.6,30,3,0.2,0,0.4884,0,0
4,5,pure,13.4,1.327156487,160.1095856,0.207948528,-0.433810146,100.3572426,2,200,800,1.6,30,3,0.2,0,0.4884,0,0
4,5,pure,13.6,1.369332715,160.0215652,0.213900026,-0.446580889,100.3020712,2,200,800,1.6,30,3,0.2,0,0.4884,0,0
4,5,pure,13.8,1.412716498,159.9309532,0.22002124,-0.459723312,100.2452753,2,200,800,1.6,30,3,0.2,0,0.4884,0,0
4,5,pure,14,1.457341211,159.8376759,0.226306508,-0.473229941,100.1868087,2,200,800,1.6,30,3,0.2,0,0.4884,0,0
4,5,pure,14.2,1.503239101,159.7416612,0.232750169,-0.487093301,100.1266264,2,200,800,1.6,30,3,0.2,0,0.4884,0,0
4,5,pure,14.4,1.550441279,159.6428386,0.239346561,-0.501305918,100.064684,2,200,800,1.6,30,3,0.2,0,0.4884,0,0
4,5,pure,14.6,1.598977725,159.5411389,0.246090022,-0.515860318,100.0009383,2,200,800,1.6,30,3,0.2,0,0.4884,0,0
4,5,pure,14.8,1.648877288,159.4364945,0.252974891,-0.530749028,99.93534681,2,200,800,1.6,30,3,0.2,0,0.4884,0,0
4,5,pure,15,1.700167682,159.3288393,0.259995508,-0.545964573,99.86786815,2,200,800,1.6,30,3,0.2,0,0.4884,0,0
4,5,pure,15.2,1.752875491,159.2181086,0.267146209,-0.561499479,99.79846182,2,200,800,1.6,30,3,0.2,0,0.4884,0,0
4,5,pure,15.4,1.807026165,159.1042395,0.274421334,-0.577346272,99.72708823,2,200,800,1.6,30,3,0.2,0,0.4884,0,0
4,5,pure,15.6,1.862644024,158.9871701,0.281815222,-0.593497478,99.65370876,2,200,800,1.6,30,3,0.2,0,0.4884,0,0
4,5,pure,15.8,1.919752254,158.8668405,0.289322211,-0.609945623,99.57828572,2,200,800,1.6,30,3,0.2,0,0.4884,0,0
4,5,pure,16,1.978372909,158.7431919,0.296936638,-0.626683232,99.50078235,2,200,800,1.6,30,3,0.2,0,0.4884,0,0
4,5,pure,16.2,2.03852691,158.6161672,0.304652844,-0.643702832,99.42116283,2,200,800,1.6,30,3,0.2,0,0.4884,0,0
4,5,pure,16.4,2.100234046,158.4857108,0.312465166,-0.660996949,99.33939228,2,200,800,1.6,30,3,0.2,0,0.4884,0,0
4,5,pure,16.6,2.163512976,158.3517684,0.320367943,-0.678558109,99.25543676,2,200,800,1.6,30,3,0.2,0,0.4884,0,0
4,5,pure,16.8,2.228381224,158.2142875,0.328355514,-0.696378837,99.16926325,2,200,800,1.6,30,3,0.2,0,0.4884,0,0
4,5,pure,17,2.294855182,158.0732169,0.336422217,-0.71445166,99.08083969,2,200,800,1.6,30,3,0.2,0,0.4884,0,0
4,5,pure,17.2,2.36295011,157.9285068,0.34456239,-0.732769103,98.99013494,2,200,800,1.6,30,3,0.2,0,0.4884,0,0
4,5,pure,17.4,2.432680138,157.7801092,0.352770373,-0.751323692,98.89711881,2,200,800,1.6,30,3,0.2,0,0.4884,0,0
4,5,pure,17.6,2.504058259,157.6279774,0.361040503,-0.770107954,98.80176203,2,200,800,1.6,30,3,0.2,0,0.4884,0,0
4,5,pure,17.8,2.577096339,157.4720661,0.369367119,-0.789114414,98.70403628,2,200,800,1.6,30,3,0.2,0,0.4884,0,0
4,5,pure,18,2.651805107,157.3123316,0.37774456,-0.808335598,98.60391417,2,200,800,1.6,30,3,0.2,0,0.4884,0,0
4,5,pure,18.2,2.728194163,157.1487318,0.386167164,-0.827764032,98.50136925,2,200,800,1.6,30,3,0.2,0,0.4884,0,0
4,5,pure,18.4,2.806271973,156.981226,0.39462927,-0.847392242,98.39637602,2,200,800,1.6,30,3,0.2,0,0.4884,0,0
4,5,pure,18.6,2.886045871,156.8097749,0.403125216,-0.867212754,98.2889099,2,200,800,1.6,30,3,0.2,0,0.4884,0,0
4,5,pure,18.8,2.967522059,156.6343409,0.411649341,-0.887218093,98.17894724,2,200,800,1.6,30,3,0.2,0,0.4884,0,0
4,5,pure,19,3.050705607,156.4548877,0.420195983,-0.907400787,98.06646535,2,200,800,1.6,30,3,0.2,0,0.4884,0,0
4,5,pure,19.2,3.135600452,156.2713806,0.428759482,-0.92775336,97.95144246,2,200,800,1.6,30,3,0.2,0,0.4884,0,0
4,5,pure,19.4,3.2222094,156.0837863,0.437334174,-0.948268339,97.83385774,2,200,800,1.6,30,3,0.2,0,0.4884,0,0
4,5,pure,19.6,3.310534122,155.8920732,0.4459144,-0.96893825,97.71369131,2,200,800,1.6,30,3,0.2,0,0.4884,0,0
4,5,pure,19.8,3.40057516,155.696211,0.454494497,-0.989755618,97.5909242,2,200,800,1.6,30,3,0.2,0,0.4884,0,0
4,5,pure,20,3.492331921,155.496171,0.463068804,-1.010712969,97.46553841,2,200,800,1.6,30,3,0.2,0,0.4884,0,0
4,5,pure,20.2,3.585802682,155.2919259,0.47163166,-1.03180283,97.33751685,2,200,800,1.6,30,3,0.2,0,0.4884,0,0
4,5,pure,20.4,3.680984585,155.0834499,0.480177403,-1.053017727,97.20684337,2,200,800,1.6,30,3,0.2,0,0.4884,0,0
4,5,pure,20.6,3.777873643,154.8707188,0.488700371,-1.074350184,97.07350278,2,200,800,1.6,30,3,0.2,0,0.4884,0,0
4,5,pure,20.8,3.876464734,154.6537098,0.497258276,-1.095855416,96.93748081,2,200,800,1.6,30,3,0.2,0,0.4884,0,0
4,5,pure,21,3.976776953,154.4323766,0.505962663,-1.117627472,96.79874839,2,200,800,1.6,30,3,0.2,0,0.4884,0,0
4,5,pure,21.2,4.078849799,154.2066588,0.514683866,-1.139506524,96.6572677,2,200,800,1.6,30,3,0.2,0,0.4884,0,0
4,5,pure,21.4,4.1826505,153.976574,0.523231718,-1.161284075,96.51304974,2,200,800,1.6,30,3,0.2,0,0.4884,0,0
4,5,pure,21.6,4.288142486,153.7421452,0.531594589,-1.182940535,96.36610895,2,200,800,1.6,30,3,0.2,0,0.4884,0,0
4,5,pure,21.8,4.395288335,153.5033978,0.539768216,-1.204463868,96.21646125,2,200,800,1.6,30,3,0.2,0,0.4884,0,0
4,5,pure,22,4.504049772,153.2603596,0.547748337,-1.225842038,96.0641241,2,200,800,1.6,30,3,0.2,0,0.4884,0,0
4,5,pure,22.2,4.61438767,153.013061,0.55553069,-1.247063009,95.90911644,2,200,800,1.6,30,3,0.2,0,0.4884,0,0
4,5,pure,22.4,4.726262048,152.7615344,0.563111011,-1.268114745,95.75145873,2,200,800,1.6,30,3,0.2,0,0.4884,0,0
4,5,pure,22.6,4.839632074,152.5058151,0.570485039,-1.288985209,95.59117295,2,200,800,1.6,30,3,0.2,0,0.4884,0,0
4,5,pure,22.8,4.954456064,152.2459403,0.57764851,-1.309662366,95.42828258,2,200,800,1.6,30,3,0.2,0,0.4884,0,0
4,5,pure,23,5.070691478,151.9819501,0.584597162,-1.33013418,95.26281259,2,200,800,1.6,30,3,0.2,0,0.4884,0,0
4,5,pure,23.2,5.188294929,151.7138867,0.591326733,-1.350388614,95.09478949,2,200,800,1.6,30,3,0.2,0,0.4884,0,0
4,5,pure,23.4,5.307222172,151.4417947,0.597832961,-1.370413632,94.92424129,2,200,800,1.6,30,3,0.2,0,0.4884,0,0
4,5,pure,23.6,5.427428113,151.1657212,0.604111581,-1.390197198,94.75119749,2,200,800,1.6,30,3,0.2,0,0.4884,0,0
4,5,pure,23.8,5.548866804,150.8857158,0.610158333,-1.409727276,94.57568912,2,200,800,1.6,30,3,0.2,0,0.4884,0,0
4,5,pure,24,5.671491446,150.6018303,0.615968953,-1.42899183,94.39774871,2,200,800,1.6,30,3,0.2,0,0.4884,0,0
4,5,pure,24.2,5.795254385,150.3141191,0.621539179,-1.447978824,94.21741031,2,200,800,1.6,30,3,0.2,0,0.4884,0,0
4,5,pure,24.4,5.920107117,150.0226388,0.626864748,-1.466676221,94.03470946,2,200,800,1.6,30,3,0.2,0,0.4884,0,0
4,5,pure,24.6,6.046000284,149.7274486,0.631941397,-1.485071986,93.84968322,2,200,800,1.6,30,3,0.2,0,0.4884,0,0
4,5,pure,24.8,6.172883676,149.42861,0.636764865,-1.503154082,93.66237015,2,200,800,1.6,30,3,0.2,0,0.4884,0,0
4,5,pure,25,6.300706231,149.1261869,0.641330889,-1.520910473,93.47281034,2,200,800,1.6,30,3,0.2,0,0.4884,0,0
4,5,pure,25.2,6.429416032,148.8202458,0.645635206,-1.538329124,93.28104537,2,200,800,1.6,30,3,0.2,0,0.4884,0,0
4,5,pure,25.4,6.558960313,148.5108553,0.649673553,-1.555397997,93.08711833,2,200,800,1.6,30,3,0.2,0,0.4884,0,0
4,5,pure,25.6,6.689285453,148.1980866,0.653441668,-1.572105058,92.89107383,2,200,800,1.6,30,3,0.2,0,0.4884,0,0
4,5,pure,25.8,6.82033698,147.8820133,0.656935289,-1.588438269,92.69295798,2,200,800,1.6,30,3,0.2,0,0.4884,0,0
4,5,pure,26,6.952059569,147.5627113,0.660150152,-1.604385595,92.49281839,2,200,800,1.6,30,3,0.2,0,0.4884,0,0
4,5,pure,26.2,7.084397041,147.240259,0.663081996,-1.619935,92.2907042,2,200,800,1.6,30,3,0.2,0,0.4884,0,0
4,5,pure,26.4,7.217292367,146.9147373,0.665726557,-1.635074447,92.08666604,2,200,800,1.6,30,3,0.2,0,0.4884,0,0
4,5,pure,26.6,7.350687664,146.5862292,0.668079574,-1.6497919,91.88075607,2,200,800,1.6,30,3,0.2,0,0.4884,0,0
4,5,pure,26.8,7.484524197,146.2548205,0.670136783,-1.664075324,91.67302793,2,200,800,1.6,30,3,0.2,0,0.4884,0,0
4,5,pure,27,7.618742377,145.9205991,0.671893923,-1.677912681,91.4635368,2,200,800,1.6,30,3,0.2,0,0.4884,0,0
4,5,pure,27.2,7.753281766,145.5836554,0.673346729,-1.691291937,91.25233934,2,200,800,1.6,30,3,0.2,0,0.4884,0,0
4,5,pure,27.4,7.888081069,145.2440823,0.674490941,-1.704201054,91.03949374,2,200,800,1.6,30,3,0.2,0,0.4884,0,0
4,5,pure,27.6,8.023078142,144.901975,0.675322296,-1.716627998,90.82505969,2,200,800,1.6,30,3,0.2,0,0.4884,0,0
4,5,pure,27.8,8.158209987,144.5574311,0.67583653,-1.728560731,90.60909839,2,200,800,1.6,30,3,0.2,0,0.4884,0,0
4,5,pure,28,8.293412754,144.2105507,0.676029381,-1.739987217,90.39167255,2,200,800,1.6,30,3,0.2,0,0.4884,0,0
4,5,pure,28.2,8.42862174,143.8614363,0.675896588,-1.750895421,90.17284639,2,200,800,1.6,30,3,0.2,0,0.4884,0,0
4,5,pure,28.4,8.563771389,143.5101926,0.675433886,-1.761273306,89.95268563,2,200,800,1.6,30,3,0.2,0,0.4884,0,0
4,5,pure,28.6,8.698795294,143.1569269,0.674637014,-1.771108836,89.7312575,2,200,800,1.6,30,3,0.2,0,0.4884,0,0
4,5,pure,28.8,8.833626195,142.801749,0.673501709,-1.780389975,89.50863077,2,200,800,1.6,30,3,0.2,0,0.4884,0,0
4,5,pure,29,8.968195978,142.4447709,0.672023709,-1.789104687,89.28487566,2,200,800,1.6,30,3,0.2,0,0.4884,0,0
4,5,pure,29.2,9.102435678,142.0861072,0.670198751,-1.797240936,89.06006396,2,200,800,1.6,30,3,0.2,0,0.4884,0,0
4,5,pure,29.4,9.236275478,141.7258746,0.668022572,-1.804786686,88.83426893,2,200,800,1.6,30,3,0.2,0,0.4884,0,0
4,5,pure,29.6,9.369644707,141.3641925,0.66549091,-1.8117299,88.60756534,2,200,800,1.6,30,3,0.2,0,0.4884,0,0
4,5,pure,29.8,9.502471842,141.0011826,0.662599503,-1.818058542,88.3800295,2,200,800,1.6,30,3,0.2,0,0.4884,0,0
4,5,pure,30,9.634684508,140.6369691,0.659344087,-1.823760577,88.15173919,2,200,800,1.6,30,3,0.2,0,0.4884,0,0
4,5,pure,30.2,9.766209477,140.2716784,0.6557204,-1.828823969,87.92277372,2,200,800,1.6,30,3,0.2,0,0.4884,0,0
4,5,pure,30.4,9.896972668,139.9054395,0.65172418,-1.83323668,87.69321391,2,200,800,1.6,30,3,0.2,0,0.4884,0,0
4,5,pure,30.6,10.02689915,139.5383837,0.647351164,-1.836986675,87.46314208,2,200,800,1.6,30,3,0.2,0,0.4884,0,0
4,5,pure,30.8,10.15591313,139.1706448,0.64259709,-1.840061918,87.23264206,2,200,800,1.6,30,3,0.2,0,0.4884,0,0
4,5,pure,31,10.28393799,138.8023589,0.637457695,-1.842450373,87.00179921,2,200,800,1.6,30,3,0.2,0,0.4884,0,0
4,5,pure,31.2,10.41089621,138.4336647,0.631928716,-1.844140004,86.77070036,2,200,800,1.6,30,3,0.2,0,0.4884,0,0
4,5,pure,31.4,10.53670947,138.0647029,0.6260101,-1.845126307,86.53943387,2,200,800,1.6,30,3,0.2,0,0.4884,0,0
4,5,pure,31.6,10.66130025,137.6956141,0.619928234,-1.84580016,86.30808773,2,200,800,1.6,30,3,0.2,0,0.4884,0,0
4,5,pure,31.8,10.78468077,137.3263829,0.613913129,-1.846530726,86.0766523,2,200,800,1.6,30,3,0.2,0,0.4884,0,0
4,5,pure,32,10.9068655,136.9570018,0.60788117,-1.847132373,85.84512299,2,200,800,1.6,30,3,0.2,0,0.4884,0,0
4,5,pure,32.2,11.02783323,136.5875299,0.601745244,-1.847443284,85.61353671,2,200,800,1.6,30,3,0.2,0,0.4884,0,0
4,5,pure,32.4,11.1475636,136.2180245,0.595509758,-1.847470685,85.38192945,2,200,800,1.6,30,3,0.2,0,0.4884,0,0
4,5,pure,32.6,11.26603714,135.8485416,0.58917912,-1.847221805,85.1503363,2,200,800,1.6,30,3,0.2,0,0.4884,0,0
4,5,pure,32.8,11.38323525,135.4791358,0.582757738,-1.846703869,84.91879144,2,200,800,1.6,30,3,0.2,0,0.4884,0,0
4,5,pure,33,11.49914023,135.1098601,0.576250018,-1.845924103,84.68732815,2,200,800,1.6,30,3,0.2,0,0.4884,0,0
4,5,pure,33.2,11.61373526,134.7407662,0.569660368,-1.844889735,84.45597879,2,200,800,1.6,30,3,0.2,0,0.4884,0,0
4,5,pure,33.4,11.72700438,134.3719042,0.562993195,-1.843607992,84.22477484,2,200,800,1.6,30,3,0.2,0,0.4884,0,0
4,5,pure,33.6,11.83893253,134.003323,0.556252907,-1.842086099,83.99374685,2,200,800,1.6,30,3,0.2,0,0.4884,0,0
4,5,pure,33.8,11.94950554,133.6350698,0.549443911,-1.840331283,83.76292446,2,200,800,1.6,30,3,0.2,0,0.4884,0,0
4,5,pure,34,12.0587101,133.2671905,0.542570614,-1.838350771,83.53233644,2,200,800,1.6,30,3,0.2,0,0.4884,0,0
4,5,pure,34.2,12.16653379,132.8997295,0.535637424,-1.83615179,83.30201061,2,200,800,1.6,30,3,0.2,0,0.4884,0,0
4,5,pure,34.4,12.27296507,132.5327297,0.528648747,-1.833741566,83.07197392,2,200,800,1.6,30,3,0.2,0,0.4884,0,0
4,5,pure,34.6,12.37799329,132.1662328,0.521608992,-1.831127327,82.84225239,2,200,800,1.6,30,3,0.2,0,0.4884,0,0
4,5,pure,34.8,12.48160866,131.8002788,0.514522565,-1.828316297,82.61287114,2,200,800,1.6,30,3,0.2,0,0.4884,0,0
4,5,pure,35,12.58380231,131.4349063,0.507393874,-1.825315705,82.38385439,2,200,800,1.6,30,3,0.2,0,0.4884,0,0
4,5,pure,35.2,12.68456621,131.0701525,0.500227327,-1.822132776,82.15522546,2,200,800,1.6,30,3,0.2,0,0.4884,0,0
4,5,pure,35.4,12.78389324,130.7060532,0.49302733,-1.818774738,81.92700674,2,200,800,1.6,30,3,0.2,0,0.4884,0,0
4,5,pure,35.6,12.88177715,130.3426426,0.485798291,-1.815248817,81.69921973,2,200,800,1.6,30,3,0.2,0,0.4884,0,0
4,5,pure,35.8,12.97821256,129.9799537,0.478544617,-1.811562239,81.47188504,2,200,800,1.6,30,3,0.2,0,0.4884,0,0
4,5,pure,36,13.07319499,129.6180177,0.471270716,-1.807722232,81.24502234,2,200,800,1.6,30,3,0.2,0,0.4884,0,0
4,5,pure,36.2,13.16672085,129.2568648,0.463980994,-1.803736021,81.01865042,2,200,800,1.6,30,3,0.2,0,0.4884,0,0
4,5,pure,36.4,13.25878739,128.8965233,0.45667986,-1.799610834,80.79278715,2,200,800,1.6,30,3,0.2,0,0.4884,0,0
4,5,pure,36.6,13.34939279,128.5370205,0.449371721,-1.795353897,80.5674495,2,200,800,1.6,30,3,0.2,0,0.4884,0,0
4,5,pure,36.8,13.43853608,128.1783818,0.442060983,-1.790972436,80.34265353,2,200,800,1.6,30,3,0.2,0,0.4884,0,0
4,5,pure,37,13.52621718,127.8206315,0.434752055,-1.786473679,80.11841441,2,200,800,1.6,30,3,0.2,0,0.4884,0,0
4,5,pure,37.2,13.6124369,127.4637923,0.427449343,-1.781864852,79.89474638,2,200,800,1.6,30,3,0.2,0,0.4884,0,0
4,5,pure,37.4,13.69719692,127.1078855,0.420157255,-1.777153182,79.67166278,2,200,800,1.6,30,3,0.2,0,0.4884,0,0
4,5,pure,37.6,13.7804998,126.752931,0.412880198,-1.772345894,79.44917607,2,200,800,1.6,30,3,0.2,0,0.4884,0,0
4,5,pure,37.8,13.862349,126.3989472,0.40562258,-1.767450217,79.22729777,2,200,800,1.6,30,3,0.2,0,0.4884,0,0
4,5,pure,38,13.94274883,126.0459509,0.398388808,-1.762473376,79.0060385,2,200,800,1.6,30,3,0.2,0,0.4884,0,0
4,5,pure,38.2,14.02170452,125.6939578,0.391183289,-1.757422598,78.785408,2,200,800,1.6,30,3,0.2,0,0.4884,0,0
4,5,pure,38.4,14.09922215,125.3429819,0.384010431,-1.75230511,78.56541507,2,200,800,1.6,30,3,0.2,0,0.4884,0,0
4,5,pure,38.6,14.17530869,124.9930358,0.37687464,-1.747128138,78.34606764,2,200,800,1.6,30,3,0.2,0,0.4884,0,0
4,5,pure,38.8,14.24997201,124.6441306,0.369780325,-1.741898908,78.12737269,2,200,800,1.6,30,3,0.2,0,0.4884,0,0
4,5,pure,39,14.32322082,124.2962762,0.362731892,-1.736624649,77.90933633,2,200,800,1.6,30,3,0.2,0,0.4884,0,0
4,5,pure,39.2,14.39506476,123.9494808,0.35573375,-1.731312586,77.69196375,2,200,800,1.6,30,3,0.2,0,0.4884,0,0
4,5,pure,39.4,14.46551432,123.6037512,0.348790304,-1.725969945,77.47525924,2,200,800,1.6,30,3,0.2,0,0.4884,0,0
4,5,pure,39.6,14.53458089,123.2590928,0.341905963,-1.720603954,77.25922618,2,200,800,1.6,30,3,0.2,0,0.4884,0,0
4,5,pure,39.8,14.60227671,122.9155096,0.335085134,-1.715221839,77.04386703,2,200,800,1.6,30,3,0.2,0,0.4884,0,0
4,5,pure,40,14.66861494,122.5730041,0.328332225,-1.709830826,76.82918338,2,200,800,1.6,30,3,0.2,0,0.4884,0,0
4,5,pure,40.2,14.7336096,122.2315773,0.321651642,-1.704438143,76.61517588,2,200,800,1.6,30,3,0.2,0,0.4884,0,0
4,5,pure,40.4,14.7972756,121.8912288,0.315047792,-1.699051016,76.40184429,2,200,800,1.6,30,3,0.2,0,0.4884,0,0
4,5,pure,40.6,14.85962872,121.5519569,0.308525084,-1.693676671,76.18918746,2,200,800,1.6,30,3,0.2,0,0.4884,0,0
4,5,pure,40.8,14.92068563,121.2137581,0.302087925,-1.688322336,75.97720333,2,200,800,1.6,30,3,0.2,0,0.4884,0,0
4,5,pure,41,14.98046389,120.8766279,0.295740721,-1.682995236,75.76588894,2,200,800,1.6,30,3,0.2,0,0.4884,0,0
4,5,pure,41.2,15.03898192,120.5405601,0.289487881,-1.677702598,75.55524043,2,200,800,1.6,30,3,0.2,0,0.4884,0,0
4,5,pure,41.4,15.09625904,120.2055469,0.283333811,-1.67245165,75.34525302,2,200,800,1.6,30,3,0.2,0,0.4884,0,0
4,5,pure,41.6,15.15231544,119.8715794,0.27728292,-1.667249617,75.13592104,2,200,800,1.6,30,3,0.2,0,0.4884,0,0
4,5,pure,41.8,15.20717221,119.538647,0.271339613,-1.662103727,74.92723789,2,200,800,1.6,30,3,0.2,0,0.4884,0,0
4,5,pure,42,15.26085129,119.2067379,0.265508299,-1.657021205,74.71919609,2,200,800,1.6,30,3,0.2,0,0.4884,0,0
4,5,pure,42.2,15.31337553,118.8758386,0.259793385,-1.652009279,74.51178724,2,200,800,1.6,30,3,0.2,0,0.4884,0,0
4,5,pure,42.4,15.36476864,118.5459342,0.254199279,-1.647075175,74.30500203,2,200,800,1.6,30,3,0.2,0,0.4884,0,0
4,5,pure,42.6,15.41505524,118.2170085,0.248730386,-1.64222612,74.09883027,2,200,800,1.6,30,3,0.2,0,0.4884,0,0
4,5,pure,42.8,15.4642608,117.8890437,0.243391116,-1.63746934,73.89326083,2,200,800,1.6,30,3,0.2,0,0.4884,0,0
4,5,pure,43,15.51241168,117.5620208,0.238185875,-1.632812062,73.68828169,2,200,800,1.6,30,3,0.2,0,0.4884,0,0
4,5,pure,43.2,15.55953515,117.2359189,0.233119071,-1.628261513,73.48387992,2,200,800,1.6,30,3,0.2,0,0.4884,0,0
4,5,pure,43.4,15.60565931,116.9107162,0.22819511,-1.623824919,73.28004171,2,200,800,1.6,30,3,0.2,0,0.4884,0,0
4,5,pure,43.6,15.65081319,116.586389,0.223418401,-1.619509507,73.07675229,2,200,800,1.6,30,3,0.2,0,0.4884,0,0
4,5,pure,43.8,15.69502667,116.2629124,0.21879335,-1.615322503,72.87399604,2,200,800,1.6,30,3,0.2,0,0.4884,0,0
4,5,pure,44,15.73833053,115.9402599,0.214324365,-1.611271135,72.6717564,2,200,800,1.6,30,3,0.2,0,0.4884,0,0
4,5,pure,44.2,15.78075642,115.6184039,0.209970816,-1.607296128,72.47001591,2,200,800,1.6,30,3,0.2,0,0.4884,0,0
4,5,pure,44.4,15.82231886,115.2973415,0.205584587,-1.603190514,72.26877289,2,200,800,1.6,30,3,0.2,0,0.4884,0,0
4,5,pure,44.6,15.86299025,114.9771277,0.201163159,-1.598973753,72.06806176,2,200,800,1.6,30,3,0.2,0,0.4884,0,0
4,5,pure,44.8,15.90278412,114.657752,0.196816725,-1.594820828,71.86787597,2,200,800,1.6,30,3,0.2,0,0.4884,0,0
4,5,pure,45,15.94171694,114.3391994,0.192552218,-1.590742551,71.66820608,2,200,800,1.6,30,3,0.2,0,0.4884,0,0
4,5,pure,45.2,15.97980501,114.021455,0.188368631,-1.586737661,71.4690428,2,200,800,1.6,30,3,0.2,0,0.4884,0,0
4,5,pure,45.4,16.0170644,113.7045043,0.184264958,-1.582804894,71.27037701,2,200,800,1.6,30,3,0.2,0,0.4884,0,0
4,5,pure,45.6,16.05351099,113.388333,0.180240194,-1.578942989,71.07219976,2,200,800,1.6,30,3,0.2,0,0.4884,0,0
4,5,pure,45.8,16.08916047,113.0729271,0.176293331,-1.575150684,70.87450224,2,200,800,1.6,30,3,0.2,0,0.4884,0,0
4,5,pure,46,16.12402832,112.7582727,0.172423365,-1.571426716,70.6772758,2,200,800,1.6,30,3,0.2,0,0.4884,0,0
4,5,pure,46.2,16.15812982,112.4443564,0.168629287,-1.567769823,70.48051196,2,200,800,1.6,30,3,0.2,0,0.4884,0,0
4,5,pure,46.4,16.19148004,112.1311648,0.164910094,-1.564178743,70.28420238,2,200,800,1.6,30,3,0.2,0,0.4884,0,0
4,5,pure,46.6,16.22409386,111.8186849,0.161264778,-1.560652214,70.08833889,2,200,800,1.6,30,3,0.2,0,0.4884,0,0
4,5,pure,46.8,16.25598595,111.5069039,0.157692333,-1.557188973,69.89291349,2,200,800,1.6,30,3,0.2,0,0.4884,0,0
4,5,pure,47,16.28717079,111.1958093,0.154191753,-1.553787759,69.69791832,2,200,800,1.6,30,3,0.2,0,0.4884,0,0
4,5,pure,47.2,16.31766265,110.8853888,0.150762032,-1.550447308,69.50334567,2,200,800,1.6,30,3,0.2,0,0.4884,0,0
4,5,pure,47.4,16.3474756,110.5756304,0.147402163,-1.547166359,69.30918802,2,200,800,1.6,30,3,0.2,0,0.4884,0,0
4,5,pure,47.6,16.37662352,110.2665223,0.144111142,-1.54394365,69.11543798,2,200,800,1.6,30,3,0.2,0,0.4884,0,0
4,5,pure,47.8,16.40512006,109.9580529,0.140887961,-1.540777919,68.92208833,2,200,800,1.6,30,3,0.2,0,0.4884,0,0
4,5,pure,48,16.4329787,109.6502111,0.137731614,-1.537667902,68.72913201,2,200,800,1.6,30,3,0.2,0,0.4884,0,0
4,5,pure,48.2,16.4602127,109.3429858,0.134641096,-1.534612338,68.53656211,2,200,800,1.6,30,3,0.2,0,0.4884,0,0
4,5,pure,48.4,16.48683514,109.0363662,0.131615399,-1.531609965,68.34437188,2,200,800,1.6,30,3,0.2,0,0.4884,0,0
4,5,pure,48.6,16.51285886,108.7303418,0.128653519,-1.528659521,68.15255473,2,200,800,1.6,30,3,0.2,0,0.4884,0,0
4,5,pure,48.8,16.53829655,108.4249024,0.125754449,-1.525759743,67.96110424,2,200,800,1.6,30,3,0.2,0,0.4884,0,0
4,5,pure,49,16.56316064,108.1200379,0.122917182,-1.522909369,67.77001414,2,200,800,1.6,30,3,0.2,0,0.4884,0,0
4,5,pure,49.2,16.58746342,107.8157386,0.120140712,-1.520107137,67.5792783,2,200,800,1.6,30,3,0.2,0,0.4884,0,0
4,5,pure,49.4,16.61121693,107.511995,0.117424034,-1.517351784,67.38889077,2,200,800,1.6,30,3,0.2,0,0.4884,0,0
4,5,pure,49.6,16.63443303,107.2087979,0.114766142,-1.514642049,67.19884576,2,200,800,1.6,30,3,0.2,0,0.4884,0,0
4,5,pure,49.8,16.65712339,106.9061382,0.112166028,-1.511976669,67.00913762,2,200,800,1.6,30,3,0.2,0,0.4884,0,0
4,5,pure,50,16.67929944,106.6040072,0.109622688,-1.509354382,66.81976087,2,200,800,1.6,30,3,0.2,0,0.4884,0,0
4,5,pure,50.2,16.70097246,106.3023965,0.107135114,-1.506773926,66.6307102,2,200,800,1.6,30,3,0.2,0,0.4884,0,0
4,5,pure,50.4,16.72215349,106.0012977,0.104702301,-1.504234038,66.44198043,2,200,800,1.6,30,3,0.2,0,0.4884,0,0
4,5,pure,50.6,16.74285338,105.7007029,0.102323242,-1.501733457,66.25356656,2,200,800,1.6,30,3,0.2,0,0.4884,0,0
4,5,pure,50.8,16.76308279,105.4006043,0.099996932,-1.49927092,66.06546373,2,200,800,1.6,30,3,0.2,0,0.4884,0,0
4,5,pure,51,16.78285215,105.1009945,0.097722364,-1.496845165,65.87766727,2,200,800,1.6,30,3,0.2,0,0.4884,0,0
4,5,pure,51.2,16.80217173,104.8018662,0.095498533,-1.494454929,65.69017264,2,200,800,1.6,30,3,0.2,0,0.4884,0,0
4,5,pure,51.4,16.82105157,104.5032125,0.093324431,-1.492098951,65.50297546,2,200,800,1.6,30,3,0.2,0,0.4884,0,0
4,5,pure,51.6,16.8395015,104.2050266,0.091199053,-1.489775968,65.31607153,2,200,800,1.6,30,3,0.2,0,0.4884,0,0
4,5,pure,51.8,16.85753119,103.9073021,0.089121393,-1.487484718,65.12945677,2,200,800,1.6,30,3,0.2,0,0.4884,0,0
4,5,pure,52,16.87515006,103.6100328,0.087090444,-1.485223939,64.9431273,2,200,800,1.6,30,3,0.2,0,0.4884,0,0
4,5,pure,52.2,16.89236737,103.3132126,0.085105201,-1.482992369,64.75707937,2,200,800,1.6,30,3,0.2,0,0.4884,0,0
4,5,pure,52.4,16.90919214,103.0168358,0.083164657,-1.480788744,64.5713094,2,200,800,1.6,30,3,0.2,0,0.4884,0,0
4,5,pure,52.6,16.92563323,102.7208971,0.081267807,-1.478611804,64.38581396,2,200,800,1.6,30,3,0.2,0,0.4884,0,0
4,5,pure,52.8,16.94169926,102.4253911,0.079413643,-1.476460286,64.2005898,2,200,800,1.6,30,3,0.2,0,0.4884,0,0
4,5,pure,53,16.95739869,102.1303129,0.07760116,-1.474332928,64.01563379,2,200,800,1.6,30,3,0.2,0,0.4884,0,0
4,5,pure,53.2,16.97273973,101.8356579,0.075829352,-1.472228467,63.830943,2,200,800,1.6,30,3,0.2,0,0.4884,0,0
4,5,pure,53.4,16.98773043,101.5414216,0.074097212,-1.470145642,63.64651463,2,200,800,1.6,30,3,0.2,0,0.4884,0,0
4,5,pure,53.6,17.00237861,101.2475997,0.072403735,-1.468083189,63.46234605,2,200,800,1.6,30,3,0.2,0,0.4884,0,0
4,5,pure,53.8,17.01669192,100.9541883,0.070747915,-1.466039848,63.27843478,2,200,800,1.6,30,3,0.2,0,0.4884,0,0
4,5,pure,54,17.03067778,100.6611837,0.069128744,-1.464014355,63.09477851,2,200,800,1.6,30,3,0.2,0,0.4884,0,0
4,5,pure,54.2,17.04434342,100.3685825,0.067545217,-1.462005448,62.91137508,2,200,800,1.6,30,3,0.2,0,0.4884,0,0
4,5,pure,54.4,17.05769587,100.0763815,0.065996329,-1.460011866,62.72822248,2,200,800,1.6,30,3,0.2,0,0.4884,0,0
4,5,pure,54.6,17.07074195,99.78457779,0.064481071,-1.458032346,62.54531888,2,200,800,1.6,30,3,0.2,0,0.4884,0,0
4,5,pure,54.8,17.0834883,99.4931686,0.06299844,-1.456065625,62.36266259,2,200,800,1.6,30,3,0.2,0,0.4884,0,0
4,5,pure,55,17.09594133,99.20215154,0.061547428,-1.454110442,62.18025209,2,200,800,1.6,30,3,0.2,0,0.4884,0,0
4,5,pure,55.2,17.10810727,98.91152443,0.060143079,-1.452211838,61.99808601,2,200,800,1.6,30,3,0.2,0,0.4884,0,0
4,5,pure,55.4,17.11999856,98.62126681,0.058810617,-1.450451233,61.81615153,2,200,800,1.6,30,3,0.2,0,0.4884,0,0
4,5,pure,55.6,17.13163151,98.33134393,0.057532225,-1.448790622,61.63442686,2,200,800,1.6,30,3,0.2,0,0.4884,0,0
4,5,pure,55.8,17.14301145,98.04175056,0.0562798,-1.44715485,61.45290873,2,200,800,1.6,30,3,0.2,0,0.4884,0,0
4,5,pure,56,17.15414343,97.75248199,0.055052578,-1.445542332,61.2715942,2,200,800,1.6,30,3,0.2,0,0.4884,0,0
4,5,pure,56.2,17.16503248,97.46353362,0.053850233,-1.443952713,61.09048036,2,200,800,1.6,30,3,0.2,0,0.4884,0,0
4,5,pure,56.4,17.17568353,97.17490091,0.052672441,-1.442385641,60.90956437,2,200,800,1.6,30,3,0.2,0,0.4884,0,0
4,5,pure,56.6,17.18610146,96.88657937,0.051518877,-1.440840759,60.72884343,2,200,800,1.6,30,3,0.2,0,0.4884,0,0
4,5,pure,56.8,17.19629108,96.5985646,0.050389215,-1.439317716,60.54831478,2,200,800,1.6,30,3,0.2,0,0.4884,0,0
4,5,pure,57,17.20625714,96.31085228,0.04928313,-1.437816156,60.3679757,2,200,800,1.6,30,3,0.2,0,0.4884,0,0
4,5,pure,57.2,17.21600433,96.02343814,0.048200298,-1.436335725,60.18782352,2,200,800,1.6,30,3,0.2,0,0.4884,0,0
4,5,pure,57.4,17.22553726,95.73631799,0.047140393,-1.434876069,60.00785562,2,200,800,1.6,30,3,0.2,0,0.4884,0,0
4,5,pure,57.6,17.23486049,95.44948771,0.04610309,-1.433436835,59.82806941,2,200,800,1.6,30,3,0.2,0,0.4884,0,0
4,5,pure,57.8,17.2439785,95.16294326,0.045088065,-1.432017668,59.64846235,2,200,800,1.6,30,3,0.2,0,0.4884,0,0
4,5,pure,58,17.25289571,94.87668065,0.044094992,-1.430618213,59.46903195,2,200,800,1.6,30,3,0.2,0,0.4884,0,0
4,5,pure,58.2,17.26161649,94.59069597,0.043123547,-1.429238118,59.28977577,2,200,800,1.6,30,3,0.2,0,0.4884,0,0
4,5,pure,58.4,17.27014513,94.3049854,0.042173403,-1.427877027,59.11069139,2,200,800,1.6,30,3,0.2,0,0.4884,0,0
4,5,pure,58.6,17.27848585,94.01954516,0.041244237,-1.426534587,58.93177646,2,200,800,1.6,30,3,0.2,0,0.4884,0,0
4,5,pure,58.8,17.28664283,93.73437157,0.040335724,-1.425210444,58.75302867,2,200,800,1.6,30,3,0.2,0,0.4884,0,0
4,5,pure,59,17.29462014,93.44946098,0.039447537,-1.423904243,58.57444573,2,200,800,1.6,30,3,0.2,0,0.4884,0,0
4,5,pure,59.2,17.30242184,93.16480987,0.038579353,-1.42261563,58.39602542,2,200,800,1.6,30,3,0.2,0,0.4884,0,0
4,5,pure,59.4,17.31005189,92.88041473,0.037730846,-1.421344252,58.21776557,2,200,800,1.6,30,3,0.2,0,0.4884,0,0
4,5,pure,59.6,17.31751418,92.59627217,0.036901691,-1.420089754,58.03966402,2,200,800,1.6,30,3,0.2,0,0.4884,0,0
4,5,pure,59.8,17.32481256,92.31237883,0.036091563,-1.418851782,57.8617187,2,200,800,1.6,30,3,0.2,0,0.4884,0,0
4,5,pure,60,17.3319508,92.02873145,0.035300137,-1.417629982,57.68392754,2,200,800,1.6,30,3,0.2,0,0.4884,0,0
4,5,pure,60.2,17.33893262,91.74532684,0.034527088,-1.416424,57.50628854,2,200,800,1.6,30,3,0.2,0,0.4884,0,0
4,5,pure,60.4,17.34576164,91.46216185,0.033772092,-1.415233482,57.32879975,2,200,800,1.6,30,3,0.2,0,0.4884,0,0
4,5,pure,60.6,17.35244145,91.17923345,0.033034822,-1.414058073,57.15145925,2,200,800,1.6,30,3,0.2,0,0.4884,0,0
4,5,pure,60.8,17.35897557,90.89653863,0.032314955,-1.412897421,56.97426515,2,200,800,1.6,30,3,0.2,0,0.4884,0,0
4,5,pure,61,17.36536744,90.61407448,0.031612165,-1.411751169,56.79721565,2,200,800,1.6,30,3,0.2,0,0.4884,0,0
4,5,pure,61.2,17.37162043,90.33183816,0.030926126,-1.410618966,56.62030894,2,200,800,1.6,30,3,0.2,0,0.4884,0,0
4,5,pure,61.4,17.37773789,90.04982689,0.030256515,-1.409500455,56.44354331,2,200,800,1.6,30,3,0.2,0,0.4884,0,0
4,5,pure,61.6,17.38372304,89.76803798,0.029603005,-1.408395284,56.26691704,2,200,800,1.6,30,3,0.2,0,0.4884,0,0
4,5,pure,61.8,17.38957909,89.48646878,0.028965273,-1.407303098,56.09042849,2,200,800,1.6,30,3,0.2,0,0.4884,0,0
4,5,pure,62,17.39530915,89.20511674,0.028342992,-1.406223543,55.91407606,2,200,800,1.6,30,3,0.2,0,0.4884,0,0
4,5,pure,62.2,17.40091628,88.92397936,0.027735838,-1.405156265,55.73785818,2,200,800,1.6,30,3,0.2,0,0.4884,0,0
4,5,pure,62.4,17.40640348,88.64305423,0.027143486,-1.40410091,55.56177333,2,200,800,1.6,30,3,0.2,0,0.4884,0,0
4,5,pure,62.6,17.41177368,88.362339,0.026565611,-1.403057124,55.38582005,2,200,800,1.6,30,3,0.2,0,0.4884,0,0
4,5,pure,62.8,17.41702973,88.08183138,0.026001888,-1.402024552,55.20999691,2,200,800,1.6,30,3,0.2,0,0.4884,0,0
4,5,pure,63,17.42217443,87.80152918,0.025451992,-1.401002841,55.03430251,2,200,800,1.6,30,3,0.2,0,0.4884,0,0
4,5,pure,63.2,17.42721053,87.52143024,0.024915597,-1.399991636,54.85873553,2,200,800,1.6,30,3,0.2,0,0.4884,0,0
4,5,pure,63.4,17.43214067,87.24153252,0.024392379,-1.398990584,54.68329467,2,200,800,1.6,30,3,0.2,0,0.4884,0,0
4,5,pure,63.6,17.43696748,86.96183401,0.023882013,-1.39799933,54.50797868,2,200,800,1.6,30,3,0.2,0,0.4884,0,0
4,5,pure,63.8,17.44169348,86.68233279,0.023384174,-1.397017521,54.33278634,2,200,800,1.6,30,3,0.2,0,0.4884,0,0
4,5,pure,64,17.44632115,86.403027,0.022898536,-1.396044801,54.15771651,2,200,800,1.6,30,3,0.2,0,0.4884,0,0
4,5,pure,64.2,17.45085289,86.12391487,0.022424775,-1.395080818,53.98276806,2,200,800,1.6,30,3,0.2,0,0.4884,0,0
4,5,pure,64.4,17.45529106,85.84499468,0.021962566,-1.394125216,53.80793991,2,200,800,1.6,30,3,0.2,0,0.4884,0,0
4,5,pure,64.6,17.45963792,85.56626478,0.021511583,-1.393177642,53.63323105,2,200,800,1.6,30,3,0.2,0,0.4884,0,0
4,5,pure,64.8,17.46389569,85.28772362,0.021071502,-1.392237742,53.45864049,2,200,800,1.6,30,3,0.2,0,0.4884,0,0
4,5,pure,65,17.46806652,85.00936969,0.020641998,-1.391305162,53.28416728,2,200,800,1.6,30,3,0.2,0,0.4884,0,0
4,5,pure,65.2,17.47215249,84.73120155,0.020222745,-1.390379547,53.10981053,2,200,800,1.6,30,3,0.2,0,0.4884,0,0
4,5,pure,65.4,17.47615562,84.45321787,0.019813418,-1.389460543,52.93556939,2,200,800,1.6,30,3,0.2,0,0.4884,0,0
4,5,pure,65.6,17.48007786,84.17541734,0.019413694,-1.388547797,52.76144306,2,200,800,1.6,30,3,0.2,0,0.4884,0,0
4,5,pure,65.8,17.48392109,83.89779875,0.019023246,-1.387640955,52.58743076,2,200,800,1.6,30,3,0.2,0,0.4884,0,0
4,5,pure,66,17.48768715,83.62036095,0.018641751,-1.386739663,52.41353179,2,200,800,1.6,30,3,0.2,0,0.4884,0,0
4,5,pure,66.2,17.4913778,83.34310288,0.01827406,-1.385847858,52.23974547,2,200,800,1.6,30,3,0.2,0,0.4884,0,0
4,5,pure,66.4,17.49499678,83.06602181,0.017923781,-1.384969755,52.0660701,2,200,800,1.6,30,3,0.2,0,0.4884,0,0
4,5,pure,66.6,17.49854731,82.78911498,0.017584301,-1.384101727,51.89250394,2,200,800,1.6,30,3,0.2,0,0.4884,0,0
4,5,pure,66.8,17.5020305,82.51238112,0.017250381,-1.383240003,51.7190462,2,200,800,1.6,30,3,0.2,0,0.4884,0,0
4,5,pure,67,17.50544746,82.23581898,0.016921966,-1.382384503,51.54569609,2,200,800,1.6,30,3,0.2,0,0.4884,0,0
4,5,pure,67.2,17.50879929,81.95942732,0.016599002,-1.381535147,51.37245284,2,200,800,1.6,30,3,0.2,0,0.4884,0,0
4,5,pure,67.4,17.51208706,81.68320492,0.016281436,-1.380691856,51.19931568,2,200,800,1.6,30,3,0.2,0,0.4884,0,0
4,5,pure,67.6,17.51531186,81.40715058,0.015969213,-1.37985455,51.02628387,2,200,800,1.6,30,3,0.2,0,0.4884,0,0
4,5,pure,67.8,17.51847475,81.1312631,0.01566228,-1.379023149,50.85335664,2,200,800,1.6,30,3,0.2,0,0.4884,0,0
4,5,pure,68,17.52157677,80.85554132,0.015360583,-1.378197574,50.68053327,2,200,800,1.6,30,3,0.2,0,0.4884,0,0
4,5,pure,68.2,17.52461898,80.57998407,0.015064068,-1.377377744,50.50781304,2,200,800,1.6,30,3,0.2,0,0.4884,0,0
4,5,pure,68.4,17.5276024,80.30459022,0.014772681,-1.376563581,50.33519522,2,200,800,1.6,30,3,0.2,0,0.4884,0,0
4,5,pure,68.6,17.53052805,80.02935864,0.014486368,-1.375755004,50.16267911,2,200,800,1.6,30,3,0.2,0,0.4884,0,0
4,5,pure,68.8,17.53339695,79.75428822,0.014205075,-1.374951934,49.99026402,2,200,800,1.6,30,3,0.2,0,0.4884,0,0
4,5,pure,69,17.53621008,79.47937786,0.013928749,-1.374154291,49.81794925,2,200,800,1.6,30,3,0.2,0,0.4884,0,0
4,5,pure,69.2,17.53896845,79.2046265,0.013657335,-1.373361995,49.64573415,2,200,800,1.6,30,3,0.2,0,0.4884,0,0
4,5,pure,69.4,17.54167302,78.93003307,0.01339078,-1.372574967,49.47361803,2,200,800,1.6,30,3,0.2,0,0.4884,0,0
4,5,pure,69.6,17.54432476,78.65559652,0.01312903,-1.371793127,49.30160025,2,200,800,1.6,30,3,0.2,0,0.4884,0,0
4,5,pure,69.8,17.54692463,78.38131582,0.012872031,-1.371016395,49.12968016,2,200,800,1.6,30,3,0.2,0,0.4884,0,0
4,5,pure,70,17.54947357,78.10718996,0.012619729,-1.370244691,48.95785712,2,200,800,1.6,30,3,0.2,0,0.4884,0,0
4,5,pure,70.2,17.55197252,77.83321794,0.01237207,-1.369477937,48.78613051,2,200,800,1.6,30,3,0.2,0,0.4884,0,0
4,5,pure,70.4,17.5544224,77.55939878,0.012129,-1.368716052,48.61449972,2,200,800,1.6,30,3,0.2,0,0.4884,0,0
4,5,pure,70.6,17.55682412,77.28573152,0.011890466,-1.367958956,48.44296413,2,200,800,1.6,30,3,0.2,0,0.4884,0,0
4,5,pure,70.8,17.55917858,77.0122152,0.011656414,-1.36720657,48.27152315,2,200,800,1.6,30,3,0.2,0,0.4884,0,0
4,5,pure,71,17.56148669,76.73884889,0.011426789,-1.366458815,48.1001762,2,200,800,1.6,30,3,0.2,0,0.4884,0,0
4,5,pure,71.2,17.5637493,76.46563167,0.011201538,-1.365715609,47.92892271,2,200,800,1.6,30,3,0.2,0,0.4884,0,0
4,5,pure,71.4,17.5659673,76.19256265,0.010980607,-1.364976875,47.7577621,2,200,800,1.6,30,3,0.2,0,0.4884,0,0
4,5,pure,71.6,17.56814154,75.91964092,0.010763942,-1.364242531,47.58669381,2,200,800,1.6,30,3,0.2,0,0.4884,0,0
4,5,pure,71.8,17.57027288,75.64686563,0.010551489,-1.363512499,47.41571732,2,200,800,1.6,30,3,0.2,0,0.4884,0,0
4,5,pure,72,17.57236214,75.37423592,0.010343194,-1.362786699,47.24483207,2,200,800,1.6,30,3,0.2,0,0.4884,0,0
4,5,pure,72.2,17.57441015,75.10175096,0.010139005,-1.36206505,47.07403755,2,200,800,1.6,30,3,0.2,0,0.4884,0,0
4,5,pure,72.4,17.57641774,74.8294099,0.009938865,-1.361347474,46.90333324,2,200,800,1.6,30,3,0.2,0,0.4884,0,0
4,5,pure,72.6,17.5783857,74.55721197,0.009742722,-1.36063389,46.73271863,2,200,800,1.6,30,3,0.2,0,0.4884,0,0
4,5,pure,72.8,17.58031483,74.28515635,0.009550523,-1.359924219,46.56219322,2,200,800,1.6,30,3,0.2,0,0.4884,0,0
4,5,pure,73,17.58220591,74.01324228,0.009362212,-1.359218382,46.39175654,2,200,800,1.6,30,3,0.2,0,0.4884,0,0
4,5,pure,73.2,17.58405971,73.741469,0.009177736,-1.358516297,46.22140811,2,200,800,1.6,30,3,0.2,0,0.4884,0,0
4,5,pure,73.4,17.585877,73.46983576,0.008997041,-1.357817887,46.05114745,2,200,800,1.6,30,3,0.2,0,0.4884,0,0
4,5,pure,73.6,17.58765853,73.19834184,0.008820074,-1.357123071,45.88097413,2,200,800,1.6,30,3,0.2,0,0.4884,0,0
4,5,pure,73.8,17.58940503,72.92698653,0.00864678,-1.356431769,45.71088768,2,200,800,1.6,30,3,0.2,0,0.4884,0,0
4,5,pure,74,17.59111724,72.65576913,0.008477106,-1.355743902,45.54088767,2,200,800,1.6,30,3,0.2,0,0.4884,0,0
4,5,pure,74.2,17.59279588,72.38468897,0.008310998,-1.35505939,45.37097369,2,200,800,1.6,30,3,0.2,0,0.4884,0,0
4,5,pure,74.4,17.59444164,72.11374538,0.008148401,-1.354378153,45.20114531,2,200,800,1.6,30,3,0.2,0,0.4884,0,0
4,5,pure,74.6,17.59605524,71.84293771,0.007989263,-1.353700112,45.03140212,2,200,800,1.6,30,3,0.2,0,0.4884,0,0
4,5,pure,74.8,17.59763735,71.57226533,0.007833528,-1.353025187,44.86174374,2,200,800,1.6,30,3,0.2,0,0.4884,0,0
4,5,pure,75,17.59918865,71.30172763,0.007681144,-1.352353298,44.69216977,2,200,800,1.6,30,3,0.2,0,0.4884,0,0
4,5,pure,75.2,17.6007098,71.03132401,0.007532056,-1.351684365,44.52267985,2,200,800,1.6,30,3,0.2,0,0.4884,0,0
4,5,pure,75.4,17.60220147,70.76105389,0.00738621,-1.35101831,44.3532736,2,200,800,1.6,30,3,0.2,0,0.4884,0,0
4,5,pure,75.6,17.60366429,70.49091669,0.007243553,-1.350355052,44.18395067,2,200,800,1.6,30,3,0.2,0,0.4884,0,0
4,5,pure,75.8,17.60509889,70.22091187,0.007104031,-1.349694511,44.01471071,2,200,800,1.6,30,3,0.2,0,0.4884,0,0
4,5,pure,76,17.6065059,69.95103889,0.00696759,-1.349036608,43.84555339,2,200,800,1.6,30,3,0.2,0,0.4884,0,0
4,5,pure,76.2,17.60788593,69.68129722,0.006834176,-1.348381263,43.67647838,2,200,800,1.6,30,3,0.2,0,0.4884,0,0
4,5,pure,76.4,17.60923957,69.41168638,0.006703734,-1.347728396,43.50748537,2,200,800,1.6,30,3,0.2,0,0.4884,0,0
4,5,pure,76.6,17.61056742,69.14220587,0.006576212,-1.347077928,43.33857405,2,200,800,1.6,30,3,0.2,0,0.4884,0,0
4,5,pure,76.8,17.61187006,68.87285521,0.006451556,-1.346429779,43.16974413,2,200,800,1.6,30,3,0.2,0,0.4884,0,0
4,5,pure,77,17.61314804,68.60363395,0.00632971,-1.34578387,43.00099531,2,200,800,1.6,30,3,0.2,0,0.4884,0,0
4,5,pure,77.2,17.61440194,68.33454166,0.006210623,-1.34514012,42.83232733,2,200,800,1.6,30,3,0.2,0,0.4884,0,0
4,5,pure,77.4,17.61563229,68.06557791,0.006094239,-1.34449845,42.66373992,2,200,800,1.6,30,3,0.2,0,0.4884,0,0
4,5,pure,77.6,17.61683964,67.79674228,0.005980505,-1.34385878,42.49523282,2,200,800,1.6,30,3,0.2,0,0.4884,0,0
4,5,pure,77.8,17.61802449,67.52803439,0.005869367,-1.343221031,42.32680578,2,200,800,1.6,30,3,0.2,0,0.4884,0,0
4,5,pure,78,17.61918738,67.25945387,0.005760771,-1.342585122,42.15845858,2,200,800,1.6,30,3,0.2,0,0.4884,0,0
4,5,pure,78.2,17.6203288,66.99100035,0.005654663,-1.341950975,41.99019098,2,200,800,1.6,30,3,0.2,0,0.4884,0,0
4,5,pure,78.4,17.62144925,66.72267348,0.00555099,-1.341318509,41.82200277,2,200,800,1.6,30,3,0.2,0,0.4884,0,0
4,5,pure,78.6,17.6225492,66.45447294,0.005449697,-1.340687645,41.65389375,2,200,800,1.6,30,3,0.2,0,0.4884,0,0
4,5,pure,78.8,17.62362913,66.18639842,0.005350731,-1.340058303,41.48586371,2,200,800,1.6,30,3,0.2,0,0.4884,0,0
4,5,pure,79,17.62468949,65.91844962,0.005254038,-1.339430404,41.31791247,2,200,800,1.6,30,3,0.2,0,0.4884,0,0
4,5,pure,79.2,17.62573074,65.65062626,0.005159563,-1.338803867,41.15003986,2,200,800,1.6,30,3,0.2,0,0.4884,0,0
4,5,pure,79.4,17.62675332,65.38292807,0.005067253,-1.338178613,40.98224571,2,200,800,1.6,30,3,0.2,0,0.4884,0,0
4,5,pure,79.6,17.62775764,65.11535481,0.004977055,-1.337554562,40.81452987,2,200,800,1.6,30,3,0.2,0,0.4884,0,0
4,5,pure,79.8,17.62874414,64.84790625,0.004888914,-1.336931635,40.64689218,2,200,800,1.6,30,3,0.2,0,0.4884,0,0
4,5,pure,80,17.62971321,64.58058216,0.004802776,-1.336309752,40.47933252,2,200,800,1.6,30,3,0.2,0,0.4884,0,0
4,5,pure,80.2,17.63066525,64.31338235,0.004718587,-1.335688833,40.31185075,2,200,800,1.6,30,3,0.2,0,0.4884,0,0
4,5,pure,80.4,17.63160064,64.04630663,0.004636295,-1.335068799,40.14444676,2,200,800,1.6,30,3,0.2,0,0.4884,0,0
4,5,pure,80.6,17.63251977,63.77935483,0.004555844,-1.334449569,39.97712045,2,200,800,1.6,30,3,0.2,0,0.4884,0,0
4,5,pure,80.8,17.63342298,63.5125268,0.00447718,-1.333831065,39.80987172,2,200,800,1.6,30,3,0.2,0,0.4884,0,0
4,5,pure,81,17.63431064,63.2458224,0.004400251,-1.333213206,39.64270048,2,200,800,1.6,30,3,0.2,0,0.4884,0,0
4,5,pure,81.2,17.63518308,62.97924152,0.004325002,-1.332595913,39.47560666,2,200,800,1.6,30,3,0.2,0,0.4884,0,0
4,5,pure,81.4,17.63604064,62.71278404,0.00425138,-1.331979106,39.30859019,2,200,800,1.6,30,3,0.2,0,0.4884,0,0
4,5,pure,81.6,17.63688363,62.44644987,0.004179329,-1.331362705,39.14165101,2,200,800,1.6,30,3,0.2,0,0.4884,0,0
4,5,pure,81.8,17.63771237,62.18023896,0.004108797,-1.330746631,38.97478909,2,200,800,1.6,30,3,0.2,0,0.4884,0,0
4,5,pure,82,17.63852715,61.91415122,0.00403973,-1.330130804,38.80800437,2,200,800,1.6,30,3,0.2,0,0.4884,0,0
4,5,pure,82.2,17.63932826,61.64818663,0.003972073,-1.329515144,38.64129685,2,200,800,1.6,30,3,0.2,0,0.4884,0,0
4,5,pure,82.4,17.64011598,61.38234517,0.003905774,-1.328899572,38.47466649,2,200,800,1.6,30,3,0.2,0,0.4884,0,0
4,5,pure,82.6,17.64089057,61.11662681,0.003840777,-1.328284007,38.30811331,2,200,800,1.6,30,3,0.2,0,0.4884,0,0
4,5,pure,82.8,17.64165229,60.85103156,0.003777029,-1.327668371,38.14163729,2,200,800,1.6,30,3,0.2,0,0.4884,0,0
4,5,pure,83,17.64240138,60.58555946,0.003714477,-1.327052583,37.97523845,2,200,800,1.6,30,3,0.2,0,0.4884,0,0
4,5,pure,83.2,17.64313808,60.32021053,0.003653066,-1.326436564,37.80891683,2,200,800,1.6,30,3,0.2,0,0.4884,0,0
4,5,pure,83.4,17.64386261,60.05498483,0.003592743,-1.325820235,37.64267244,2,200,800,1.6,30,3,0.2,0,0.4884,0,0
4,5,pure,83.6,17.64457518,59.78988243,0.003533453,-1.325203514,37.47650534,2,200,800,1.6,30,3,0.2,0,0.4884,0,0
4,5,pure,83.8,17.64527599,59.52490343,0.003475143,-1.324586324,37.31041558,2,200,800,1.6,30,3,0.2,0,0.4884,0,0
4,5,pure,84,17.64596524,59.26004791,0.003417759,-1.323968583,37.14440322,2,200,800,1.6,30,3,0.2,0,0.4884,0,0
4,5,pure,84.2,17.6466431,58.99531599,0.003361247,-1.323350213,36.97846834,2,200,800,1.6,30,3,0.2,0,0.4884,0,0
4,5,pure,84.4,17.64730974,58.73070782,0.003305553,-1.322731134,36.81261103,2,200,800,1.6,30,3,0.2,0,0.4884,0,0
4,5,pure,84.6,17.64796532,58.46622354,0.003250623,-1.322111265,36.64683136,2,200,800,1.6,30,3,0.2,0,0.4884,0,0
4,5,pure,84.8,17.64860999,58.20186331,0.003196404,-1.321490528,36.48112946,2,200,800,1.6,30,3,0.2,0,0.4884,0,0
4,5,pure,85,17.64924388,57.93762733,0.003142841,-1.320868842,36.31550543,2,200,800,1.6,30,3,0.2,0,0.4884,0,0
4,5,pure,85.2,17.64986712,57.67351578,0.003089881,-1.320246128,36.14995939,2,200,800,1.6,30,3,0.2,0,0.4884,0,0
4,5,pure,85.4,17.65047983,57.40952888,0.003037469,-1.319622306,35.98449149,2,200,800,1.6,30,3,0.2,0,0.4884,0,0
4,5,pure,85.6,17.65108211,57.14566685,0.002985553,-1.318997297,35.81910186,2,200,800,1.6,30,3,0.2,0,0.4884,0,0
4,5,pure,85.8,17.65167405,56.88192996,0.002934077,-1.318371021,35.65379066,2,200,800,1.6,30,3,0.2,0,0.4884,0,0
4,5,pure,86,17.65225574,56.61831845,0.002882989,-1.317743398,35.48855805,2,200,800,1.6,30,3,0.2,0,0.4884,0,0
4,5,pure,86.2,17.65282725,56.3548326,0.002832526,-1.317116341,35.32340421,2,200,800,1.6,30,3,0.2,0,0.4884,0,0
4,5,pure,86.4,17.65338875,56.09147191,0.002784863,-1.316504882,35.15832882,2,200,800,1.6,30,3,0.2,0,0.4884,0,0
4,5,pure,86.6,17.65394119,55.82823065,0.002740293,-1.315911,34.99332828,2,200,800,1.6,30,3,0.2,0,0.4884,0,0
4,5,pure,86.8,17.65448487,55.56510751,0.002696768,-1.315320673,34.82840179,2,200,800,1.6,30,3,0.2,0,0.4884,0,0
4,5,pure,87,17.6550199,55.30210238,0.002653855,-1.314730973,34.66354926,2,200,800,1.6,30,3,0.2,0,0.4884,0,0
4,5,pure,87.2,17.65554641,55.03921512,0.002611551,-1.314141895,34.49877062,2,200,800,1.6,30,3,0.2,0,0.4884,0,0
4,5,pure,87.4,17.65606452,54.77644562,0.00256985,-1.313553437,34.33406579,2,200,800,1.6,30,3,0.2,0,0.4884,0,0
4,5,pure,87.6,17.65657435,54.51379375,0.002528747,-1.312965595,34.16943468,2,200,800,1.6,30,3,0.2,0,0.4884,0,0
4,5,pure,87.8,17.65707602,54.25125938,0.002488237,-1.312378365,34.00487723,2,200,800,1.6,30,3,0.2,0,0.4884,0,0
4,5,pure,88,17.65756965,53.9888424,0.002448314,-1.311791746,33.84039336,2,200,800,1.6,30,3,0.2,0,0.4884,0,0
4,5,pure,88.2,17.65805535,53.72654268,0.002408975,-1.311205732,33.67598299,2,200,800,1.6,30,3,0.2,0,0.4884,0,0
4,5,pure,88.4,17.65853324,53.46436011,0.002370213,-1.310620321,33.51164604,2,200,800,1.6,30,3,0.2,0,0.4884,0,0
4,5,pure,88.6,17.65900343,53.20229455,0.002332025,-1.310035509,33.34738245,2,200,800,1.6,30,3,0.2,0,0.4884,0,0
4,5,pure,88.8,17.65946605,52.9403459,0.002294404,-1.309451293,33.18319213,2,200,800,1.6,30,3,0.2,0,0.4884,0,0
4,5,pure,89,17.65992119,52.67851404,0.002257346,-1.30886767,33.01907501,2,200,800,1.6,30,3,0.2,0,0.4884,0,0
4,5,pure,89.2,17.66036898,52.41679884,0.002220846,-1.308284636,32.85503101,2,200,800,1.6,30,3,0.2,0,0.4884,0,0
4,5,pure,89.4,17.66080953,52.15520018,0.002184899,-1.307702188,32.69106007,2,200,800,1.6,30,3,0.2,0,0.4884,0,0
4,5,pure,89.6,17.66124294,51.89371796,0.0021495,-1.307120322,32.52716211,2,200,800,1.6,30,3,0.2,0,0.4884,0,0
4,5,pure,89.8,17.66166933,51.63235205,0.002114643,-1.306539035,32.36333705,2,200,800,1.6,30,3,0.2,0,0.4884,0,0
4,5,pure,90,17.6620888,51.37110235,0.002080325,-1.305958324,32.19958483,2,200,800,1.6,30,3,0.2,0,0.4884,0,0
4,5,pure,90.2,17.66250146,51.10996872,0.002046539,-1.305378185,32.03590537,2,200,800,1.6,30,3,0.2,0,0.4884,0,0
4,5,pure,90.4,17.66290742,50.84895107,0.002013281,-1.304798615,31.8722986,2,200,800,1.6,30,3,0.2,0,0.4884,0,0
4,5,pure,90.6,17.66330677,50.58804928,0.001980545,-1.304219611,31.70876446,2,200,800,1.6,30,3,0.2,0,0.4884,0,0
4,5,pure,90.8,17.66369963,50.32726323,0.001948327,-1.303641169,31.54530286,2,200,800,1.6,30,3,0.2,0,0.4884,0,0
4,5,pure,91,17.6640861,50.06659281,0.001916622,-1.303063286,31.38191374,2,200,800,1.6,30,3,0.2,0,0.4884,0,0
4,5,pure,91.2,17.66446628,49.80603791,0.001885425,-1.302485958,31.21859702,2,200,800,1.6,30,3,0.2,0,0.4884,0,0
4,5,pure,91.4,17.66484027,49.54559843,0.001854731,-1.301909182,31.05535265,2,200,800,1.6,30,3,0.2,0,0.4884,0,0
4,5,pure,91.6,17.66520818,49.28527424,0.001824534,-1.301332955,30.89218055,2,200,800,1.6,30,3,0.2,0,0.4884,0,0
4,5,pure,91.8,17.66557009,49.02506524,0.001794829,-1.300757273,30.72908065,2,200,800,1.6,30,3,0.2,0,0.4884,0,0
4,5,pure,92,17.66592611,48.76497133,0.001765613,-1.300182134,30.56605289,2,200,800,1.6,30,3,0.2,0,0.4884,0,0
4,5,pure,92.2,17.66627633,48.50499239,0.001736879,-1.299607532,30.40309719,2,200,800,1.6,30,3,0.2,0,0.4884,0,0
4,5,pure,92.4,17.66662086,48.24512832,0.001708622,-1.299033466,30.24021349,2,200,800,1.6,30,3,0.2,0,0.4884,0,0
4,5,pure,92.6,17.66695978,47.985379,0.001680839,-1.298459932,30.07740172,2,200,800,1.6,30,3,0.2,0,0.4884,0,0
4,5,pure,92.8,17.66729319,47.72574435,0.001653523,-1.297886926,29.91466181,2,200,800,1.6,30,3,0.2,0,0.4884,0,0
4,5,pure,93,17.66762119,47.46622423,0.001626669,-1.297314446,29.75199371,2,200,800,1.6,30,3,0.2,0,0.4884,0,0
4,5,pure,93.2,17.66794386,47.20681857,0.001600273,-1.296742486,29.58939734,2,200,800,1.6,30,3,0.2,0,0.4884,0,0
4,5,pure,93.4,17.6682613,46.94752724,0.001574329,-1.296171046,29.42687264,2,200,800,1.6,30,3,0.2,0,0.4884,0,0
4,5,pure,93.6,17.66857359,46.68835015,0.001548834,-1.29560012,29.26441954,2,200,800,1.6,30,3,0.2,0,0.4884,0,0
4,5,pure,93.8,17.66888083,46.42928719,0.00152378,-1.295029706,29.10203798,2,200,800,1.6,30,3,0.2,0,0.4884,0,0
4,5,pure,94,17.66918311,46.17033827,0.001499164,-1.2944598,28.9397279,2,200,800,1.6,30,3,0.2,0,0.4884,0,0
4,5,pure,94.2,17.6694805,45.91150327,0.001474981,-1.293890399,28.77748923,2,200,800,1.6,30,3,0.2,0,0.4884,0,0
4,5,pure,94.4,17.6697731,45.65278211,0.001451225,-1.293321499,28.6153219,2,200,800,1.6,30,3,0.2,0,0.4884,0,0
4,5,pure,94.6,17.67006099,45.39417467,0.001427891,-1.292753097,28.45322587,2,200,800,1.6,30,3,0.2,0,0.4884,0,0
4,5,pure,94.8,17.67034425,45.13568087,0.001404975,-1.29218519,28.29120106,2,200,800,1.6,30,3,0.2,0,0.4884,0,0
4,5,pure,95,17.67062298,44.8773006,0.001382472,-1.291617775,28.12924741,2,200,800,1.6,30,3,0.2,0,0.4884,0,0
4,5,pure,95.2,17.67089724,44.61903376,0.001360375,-1.291050847,27.96736486,2,200,800,1.6,30,3,0.2,0,0.4884,0,0
4,5,pure,95.4,17.67116713,44.36088026,0.001338681,-1.290484404,27.80555335,2,200,800,1.6,30,3,0.2,0,0.4884,0,0
4,5,pure,95.6,17.67143272,44.10284,0.001317385,-1.289918442,27.64381282,2,200,800,1.6,30,3,0.2,0,0.4884,0,0
4,5,pure,95.8,17.67169408,43.84491288,0.001296481,-1.289352958,27.48214321,2,200,800,1.6,30,3,0.2,0,0.4884,0,0
4,5,pure,96,17.67195131,43.58709881,0.001275964,-1.288787948,27.32054446,2,200,800,1.6,30,3,0.2,0,0.4884,0,0
4,5,pure,96.2,17.67220447,43.3293977,0.00125583,-1.28822341,27.15901651,2,200,800,1.6,30,3,0.2,0,0.4884,0,0
4,5,pure,96.4,17.67245364,43.07180945,0.001236073,-1.287659339,26.99755931,2,200,800,1.6,30,3,0.2,0,0.4884,0,0
4,5,pure,96.6,17.6726989,42.81433397,0.001216688,-1.287095732,26.83617278,2,200,800,1.6,30,3,0.2,0,0.4884,0,0
4,5,pure,96.8,17.67294032,42.55697116,0.001197671,-1.286532587,26.67485688,2,200,800,1.6,30,3,0.2,0,0.4884,0,0
4,5,pure,97,17.67317797,42.29972093,0.001179016,-1.285969899,26.51361155,2,200,800,1.6,30,3,0.2,0,0.4884,0,0
4,5,pure,97.2,17.67341192,42.0425832,0.001160718,-1.285407665,26.35243673,2,200,800,1.6,30,3,0.2,0,0.4884,0,0
4,5,pure,97.4,17.67364225,41.78555786,0.001142772,-1.284845882,26.19133236,2,200,800,1.6,30,3,0.2,0,0.4884,0,0
4,5,pure,97.6,17.67386903,41.52864484,0.001125174,-1.284284547,26.03029839,2,200,800,1.6,30,3,0.2,0,0.4884,0,0
4,5,pure,97.8,17.67409232,41.27184405,0.001107917,-1.283723655,25.86933476,2,200,800,1.6,30,3,0.2,0,0.4884,0,0
4,5,pure,98,17.6743122,41.01515538,0.001090998,-1.283163205,25.70844141,2,200,800,1.6,30,3,0.2,0,0.4884,0,0
4,5,pure,98.2,17.67452872,40.75857876,0.001074412,-1.282603191,25.5476183,2,200,800,1.6,30,3,0.2,0,0.4884,0,0
4,5,pure,98.4,17.67474196,40.50211411,0.001058152,-1.282043612,25.38686537,2,200,800,1.6,30,3,0.2,0,0.4884,0,0
4,5,pure,98.6,17.67495198,40.24576132,0.001042215,-1.281484463,25.22618255,2,200,800,1.6,30,3,0.2,0,0.4884,0,0
4,5,pure,98.8,17.67515885,39.98952032,0.001026594,-1.280925741,25.06556981,2,200,800,1.6,30,3,0.2,0,0.4884,0,0
4,5,pure,99,17.67536262,39.73339102,0.001011286,-1.280367444,24.90502708,2,200,800,1.6,30,3,0.2,0,0.4884,0,0
4,5,pure,99.2,17.67556336,39.47737334,0.000996285,-1.279809566,24.74455431,2,200,800,1.6,30,3,0.2,0,0.4884,0,0
4,5,pure,99.4,17.67576114,39.2214672,0.000981586,-1.279252106,24.58415145,2,200,800,1.6,30,3,0.2,0,0.4884,0,0
4,5,pure,99.6,17.675956,38.9656725,0.000967185,-1.27869506,24.42381845,2,200,800,1.6,30,3,0.2,0,0.4884,0,0
4,5,pure,99.8,17.67614801,38.70998917,0.000953075,-1.278138424,24.26355525,2,200,800,1.6,30,3,0.2,0,0.4884,0,0
4,5,pure,100,17.67633723,38.45441713,0.000939252,-1.277582194,24.10336181,2,200,800,1.6,30,3,0.2,0,0.4884,0,0
4,5,pure,100.2,17.67652371,38.19895629,0.000925712,-1.277026369,23.94323808,2,200,800,1.6,30,3,0.2,0,0.4884,0,0
4,5,pure,100.4,17.67670751,37.94360658,0.000912448,-1.276470943,23.78318399,2,200,800,1.6,30,3,0.2,0,0.4884,0,0
4,5,pure,100.6,17.67688869,37.68836792,0.000899457,-1.275915915,23.62319951,2,200,800,1.6,30,3,0.2,0,0.4884,0,0
4,5,pure,100.8,17.67706729,37.43324022,0.000886732,-1.27536128,23.46328459,2,200,800,1.6,30,3,0.2,0,0.4884,0,0
4,5,pure,101,17.67724338,37.17822341,0.00087427,-1.274807035,23.30343917,2,200,800,1.6,30,3,0.2,0,0.4884,0,0
4,5,pure,101.2,17.677417,36.9233174,0.000862064,-1.274253176,23.1436632,2,200,800,1.6,30,3,0.2,0,0.4884,0,0
4,5,pure,101.4,17.67758821,36.66852213,0.00085011,-1.273699702,22.98395664,2,200,800,1.6,30,3,0.2,0,0.4884,0,0
4,5,pure,101.6,17.67775705,36.41383752,0.000838404,-1.273146607,22.82431945,2,200,800,1.6,30,3,0.2,0,0.4884,0,0
4,5,pure,101.8,17.67792357,36.15926349,0.000826939,-1.272593888,22.66475156,2,200,800,1.6,30,3,0.2,0,0.4884,0,0
4,5,pure,102,17.67808782,35.90479997,0.000815711,-1.272041543,22.50525295,2,200,800,1.6,30,3,0.2,0,0.4884,0,0
4,5,pure,102.2,17.67824985,35.65044688,0.000804715,-1.271489568,22.34582355,2,200,800,1.6,30,3,0.2,0,0.4884,0,0
4,5,pure,102.4,17.67840971,35.39620414,0.000793946,-1.270937959,22.18646332,2,200,800,1.6,30,3,0.2,0,0.4884,0,0
4,5,pure,102.6,17.67856743,35.14207169,0.000783399,-1.270386713,22.02717222,2,200,800,1.6,30,3,0.2,0,0.4884,0,0
4,5,pure,102.8,17.67872307,34.88804946,0.000773069,-1.269835827,21.8679502,2,200,800,1.6,30,3,0.2,0,0.4884,0,0
4,5,pure,103,17.67887666,34.63413736,0.000762951,-1.269285297,21.70879722,2,200,800,1.6,30,3,0.2,0,0.4884,0,0
4,5,pure,103.2,17.67902825,34.38033534,0.000753039,-1.268735121,21.54971324,2,200,800,1.6,30,3,0.2,0,0.4884,0,0
4,5,pure,103.4,17.67917788,34.12664331,0.000743329,-1.268185294,21.3906982,2,200,800,1.6,30,3,0.2,0,0.4884,0,0
4,5,pure,103.6,17.67932558,33.87306122,0.000733816,-1.267635813,21.23175206,2,200,800,1.6,30,3,0.2,0,0.4884,0,0
4,5,pure,103.8,17.6794714,33.61958899,0.000724495,-1.267086675,21.07287479,2,200,800,1.6,30,3,0.2,0,0.4884,0,0
4,5,pure,104,17.67961538,33.36622655,0.000715361,-1.266537876,20.91406634,2,200,800,1.6,30,3,0.2,0,0.4884,0,0
4,5,pure,104.2,17.67975755,33.11297384,0.000706408,-1.265989414,20.75532666,2,200,800,1.6,30,3,0.2,0,0.4884,0,0
4,5,pure,104.4,17.67989794,32.85983078,0.000697632,-1.265441284,20.59665572,2,200,800,1.6,30,3,0.2,0,0.4884,0,0
4,5,pure,104.6,17.6800366,32.60679732,0.000689028,-1.264893484,20.43805347,2,200,800,1.6,30,3,0.2,0,0.4884,0,0
4,5,pure,104.8,17.68017355,32.35387339,0.00068059,-1.264346009,20.27951987,2,200,800,1.6,30,3,0.2,0,0.4884,0,0
4,5,pure,105,17.68030884,32.10105892,0.000672315,-1.263798858,20.12105489,2,200,800,1.6,30,3,0.2,0,0.4884,0,0
4,5,pure,105.2,17.68044248,31.84835385,0.000664196,-1.263252025,19.96265847,2,200,800,1.6,30,3,0.2,0,0.4884,0,0
4,5,pure,105.4,17.68057451,31.59575811,0.000656228,-1.262705508,19.80433059,2,200,800,1.6,30,3,0.2,0,0.4884,0,0
4,5,pure,105.6,17.68070497,31.34327164,0.000648408,-1.262159304,19.6460712,2,200,800,1.6,30,3,0.2,0,0.4884,0,0
4,5,pure,105.8,17.68083388,31.09089439,0.000640728,-1.261613409,19.48788026,2,200,800,1.6,30,3,0.2,0,0.4884,0,0
4,5,pure,106,17.68096126,30.83862628,0.000633186,-1.26106782,19.32975774,2,200,800,1.6,30,3,0.2,0,0.4884,0,0
4,5,pure,106.2,17.68108715,30.58646726,0.000625775,-1.260522533,19.17170359,2,200,800,1.6,30,3,0.2,0,0.4884,0,0
4,5,pure,106.4,17.68121157,30.33441727,0.000618491,-1.259977545,19.01371778,2,200,800,1.6,30,3,0.2,0,0.4884,0,0
4,5,pure,106.6,17.68133455,30.08247624,0.000611328,-1.259432852,18.85580027,2,200,800,1.6,30,3,0.2,0,0.4884,0,0
4,5,pure,106.8,17.6814561,29.83064413,0.000604282,-1.258888452,18.69795103,2,200,800,1.6,30,3,0.2,0,0.4884,0,0
4,5,pure,107,17.68157626,29.57892086,0.000597348,-1.258344341,18.54017002,2,200,800,1.6,30,3,0.2,0,0.4884,0,0
4,5,pure,107.2,17.68169504,29.32730639,0.00059052,-1.257800515,18.3824572,2,200,800,1.6,30,3,0.2,0,0.4884,0,0
4,5,pure,107.4,17.68181247,29.07580066,0.000583793,-1.257256971,18.22481253,2,200,800,1.6,30,3,0.2,0,0.4884,0,0
4,5,pure,107.6,17.68192856,28.8244036,0.000577163,-1.256713706,18.06723599,2,200,800,1.6,30,3,0.2,0,0.4884,0,0
4,5,pure,107.8,17.68204333,28.57311517,0.000570625,-1.256170716,17.90972753,2,200,800,1.6,30,3,0.2,0,0.4884,0,0
4,5,pure,108,17.68215681,28.32193532,0.000564173,-1.255627999,17.75228712,2,200,800,1.6,30,3,0.2,0,0.4884,0,0
4,5,pure,108.2,17.682269,28.07086397,0.000557802,-1.25508555,17.59491474,2,200,800,1.6,30,3,0.2,0,0.4884,0,0
4,5,pure,108.4,17.68237993,27.8199011,0.000551508,-1.254543366,17.43761034,2,200,800,1.6,30,3,0.2,0,0.4884,0,0
4,5,pure,108.6,17.68248961,27.56904663,0.000545286,-1.254001444,17.28037389,2,200,800,1.6,30,3,0.2,0,0.4884,0,0
4,5,pure,108.8,17.68259804,27.31830052,0.000539129,-1.25345978,17.12320536,2,200,800,1.6,30,3,0.2,0,0.4884,0,0
4,5,pure,109,17.68270526,27.06766272,0.000533035,-1.252918372,16.96610472,2,200,800,1.6,30,3,0.2,0,0.4884,0,0
4,5,pure,109.2,17.68281126,26.81713317,0.000526996,-1.252377215,16.80907193,2,200,800,1.6,30,3,0.2,0,0.4884,0,0
4,5,pure,109.4,17.68291606,26.56671183,0.000521009,-1.251836307,16.65210697,2,200,800,1.6,30,3,0.2,0,0.4884,0,0
4,5,pure,109.6,17.68301966,26.31639865,0.000515069,-1.251295644,16.4952098,2,200,800,1.6,30,3,0.2,0,0.4884,0,0
4,5,pure,109.8,17.68312208,26.06619357,0.000509169,-1.250755222,16.33838039,2,200,800,1.6,30,3,0.2,0,0.4884,0,0
4,5,pure,110,17.68322333,25.81609656,0.000503306,-1.250215039,16.18161871,2,200,800,1.6,30,3,0.2,0,0.4884,0,0
4,5,pure,110.2,17.68332341,25.56610756,0.000497475,-1.24967509,16.02492474,2,200,800,1.6,30,3,0.2,0,0.4884,0,0
4,5,pure,110.4,17.68342232,25.31622652,0.000491669,-1.249135373,15.86829844,2,200,800,1.6,30,3,0.2,0,0.4884,0,0
4,5,pure,110.6,17.68352007,25.06645341,0.000485885,-1.248595884,15.71173979,2,200,800,1.6,30,3,0.2,0,0.4884,0,0
4,5,pure,110.8,17.68361667,24.81678817,0.000480118,-1.24805662,15.55524876,2,200,800,1.6,30,3,0.2,0,0.4884,0,0
4,5,pure,111,17.68371212,24.56723076,0.000474361,-1.247517577,15.39882531,2,200,800,1.6,30,3,0.2,0,0.4884,0,0
4,5,pure,111.2,17.68380642,24.31778114,0.000468611,-1.246978753,15.24246942,2,200,800,1.6,30,3,0.2,0,0.4884,0,0
4,5,pure,111.4,17.68389956,24.06843926,0.000462862,-1.246440142,15.08618107,2,200,800,1.6,30,3,0.2,0,0.4884,0,0
4,5,pure,111.6,17.68399156,23.81920508,0.000457109,-1.245901743,14.92996022,2,200,800,1.6,30,3,0.2,0,0.4884,0,0
4,5,pure,111.8,17.68408241,23.57007856,0.000451348,-1.245363552,14.77380686,2,200,800,1.6,30,3,0.2,0,0.4884,0,0
4,5,pure,112,17.6841721,23.32105966,0.000445572,-1.244825566,14.61772095,2,200,800,1.6,30,3,0.2,0,0.4884,0,0
4,5,pure,112.2,17.68426064,23.07214833,0.000439778,-1.24428778,14.46170247,2,200,800,1.6,30,3,0.2,0,0.4884,0,0
4,5,pure,112.4,17.68434801,22.82334455,0.00043396,-1.243750193,14.30575139,2,200,800,1.6,30,3,0.2,0,0.4884,0,0
4,5,pure,112.6,17.68443422,22.57464826,0.000428113,-1.243212799,14.1498677,2,200,800,1.6,30,3,0.2,0,0.4884,0,0
4,5,pure,112.8,17.68451926,22.32605943,0.000422232,-1.242675597,13.99405136,2,200,800,1.6,30,3,0.2,0,0.4884,0,0
4,5,pure,113,17.68460311,22.07757802,0.000416313,-1.242138582,13.83830235,2,200,800,1.6,30,3,0.2,0,0.4884,0,0
4,5,pure,113.2,17.68468578,21.82920399,0.000410349,-1.241601752,13.68262065,2,200,800,1.6,30,3,0.2,0,0.4884,0,0
4,5,pure,113.4,17.68476725,21.58093732,0.000404337,-1.241065102,13.52700624,2,200,800,1.6,30,3,0.2,0,0.4884,0,0
4,5,pure,113.6,17.68484752,21.33277795,0.000398271,-1.24052863,13.37145909,2,200,800,1.6,30,3,0.2,0,0.4884,0,0
4,5,pure,113.8,17.68492656,21.08472587,0.000392145,-1.239992332,13.21597918,2,200,800,1.6,30,3,0.2,0,0.4884,0,0
4,5,pure,114,17.68500438,20.83678102,0.000385956,-1.239456205,13.06056649,2,200,800,1.6,30,3,0.2,0,0.4884,0,0
4,5,pure,114.2,17.68508094,20.58894338,0.000379698,-1.238920245,12.905221,2,200,800,1.6,30,3,0.2,0,0.4884,0,0
4,5,pure,114.4,17.68515625,20.34121292,0.000373366,-1.23838445,12.74994269,2,200,800,1.6,30,3,0.2,0,0.4884,0,0
4,5,pure,114.6,17.68523029,20.0935896,0.000366954,-1.237848815,12.59473154,2,200,800,1.6,30,3,0.2,0,0.4884,0,0
4,5,pure,114.8,17.68530304,19.8460734,0.000360459,-1.237313337,12.43958752,2,200,800,1.6,30,3,0.2,0,0.4884,0,0
4,5,pure,115,17.68537447,19.59866427,0.000353875,-1.236778013,12.28451063,2,200,800,1.6,30,3,0.2,0,0.4884,0,0
4,5,pure,115.2,17.68544459,19.35136219,0.000347197,-1.236242839,12.12950083,2,200,800,1.6,30,3,0.2,0,0.4884,0,0
4,5,pure,115.4,17.68551335,19.10416713,0.000340419,-1.235707813,11.97455811,2,200,800,1.6,30,3,0.2,0,0.4884,0,0
4,5,pure,115.6,17.68558075,18.85707907,0.000333538,-1.23517293,11.81968245,2,200,800,1.6,30,3,0.2,0,0.4884,0,0
4,5,pure,115.8,17.68564677,18.61009796,0.000326547,-1.234638188,11.66487384,2,200,800,1.6,30,3,0.2,0,0.4884,0,0
4,5,pure,116,17.68571137,18.36322379,0.000319443,-1.234103583,11.51013226,2,200,800,1.6,30,3,0.2,0,0.4884,0,0
4,5,pure,116.2,17.68577455,18.11645653,0.000312219,-1.233569111,11.35545768,2,200,800,1.6,30,3,0.2,0,0.4884,0,0
4,5,pure,116.4,17.68583626,17.86979615,0.000304871,-1.23303477,11.2008501,2,200,800,1.6,30,3,0.2,0,0.4884,0,0
4,5,pure,116.6,17.68589649,17.62324262,0.000297394,-1.232500555,11.0463095,2,200,800,1.6,30,3,0.2,0,0.4884,0,0
4,5,pure,116.8,17.68595522,17.37679592,0.000289783,-1.231966464,10.89183585,2,200,800,1.6,30,3,0.2,0,0.4884,0,0
4,5,pure,117,17.68601241,17.13045603,0.000282033,-1.231432493,10.73742916,2,200,800,1.6,30,3,0.2,0,0.4884,0,0
4,5,pure,117.2,17.68606803,16.88422293,0.000274138,-1.230898639,10.58308939,2,200,800,1.6,30,3,0.2,0,0.4884,0,0
4,5,pure,117.4,17.68612206,16.63809658,0.000266095,-1.230364899,10.42881655,2,200,800,1.6,30,3,0.2,0,0.4884,0,0
4,5,pure,117.6,17.68617447,16.39207697,0.000257897,-1.229831268,10.2746106,2,200,800,1.6,30,3,0.2,0,0.4884,0,0
4,5,pure,117.8,17.68622522,16.14616407,0.00024954,-1.229297744,10.12047155,2,200,800,1.6,30,3,0.2,0,0.4884,0,0
4,5,pure,118,17.68627429,15.90035787,0.000241018,-1.228764323,9.96639937,2,200,800,1.6,30,3,0.2,0,0.4884,0,0
4,5,pure,118.2,17.68632163,15.65465834,0.000232969,-1.228231312,9.812394055,2,200,800,1.6,30,3,0.2,0,0.4884,0,0
4,5,pure,118.4,17.68636747,15.40906534,0.000226977,-1.227699482,9.658455514,2,200,800,1.6,30,3,0.2,0,0.4884,0,0
4,5,pure,118.6,17.68641242,15.16357855,0.000222574,-1.227168617,9.504583541,2,200,800,1.6,30,3,0.2,0,0.4884,0,0
4,5,pure,118.8,17.6864565,14.9181979,0.000218275,-1.226638006,9.350778099,2,200,800,1.6,30,3,0.2,0,0.4884,0,0
4,5,pure,119,17.68649973,14.67292335,0.000214013,-1.226107617,9.197039161,2,200,800,1.6,30,3,0.2,0,0.4884,0,0
4,5,pure,119.2,17.68654211,14.42775485,0.000209789,-1.225577449,9.043366699,2,200,800,1.6,30,3,0.2,0,0.4884,0,0
4,5,pure,119.4,17.68658365,14.18269237,0.000205601,-1.225047501,8.889760685,2,200,800,1.6,30,3,0.2,0,0.4884,0,0
4,5,pure,119.6,17.68662435,13.93773585,0.000201448,-1.224517773,8.736221093,2,200,800,1.6,30,3,0.2,0,0.4884,0,0
4,5,pure,119.8,17.68666422,13.69288526,0.00019733,-1.223988264,8.582747893,2,200,800,1.6,30,3,0.2,0,0.4884,0,0
4,5,pure,120,17.68670328,13.44814054,0.000193246,-1.223458973,8.42934106,2,200,800,1.6,30,3,0.2,0,0.4884,0,0
4,5,pure,120.2,17.68674152,13.20350167,0.000189195,-1.2229299,8.276000565,2,200,800,1.6,30,3,0.2,0,0.4884,0,0
4,5,pure,120.4,17.68677896,12.95896858,0.000185177,-1.222401044,8.122726381,2,200,800,1.6,30,3,0.2,0,0.4884,0,0
4,5,pure,120.6,17.68681559,12.71454125,0.00018119,-1.221872404,7.969518482,2,200,800,1.6,30,3,0.2,0,0.4884,0,0
4,5,pure,120.8,17.68685143,12.47021962,0.000177235,-1.221343979,7.81637684,2,200,800,1.6,30,3,0.2,0,0.4884,0,0
4,5,pure,121,17.68688649,12.22600366,0.00017331,-1.22081577,7.663301428,2,200,800,1.6,30,3,0.2,0,0.4884,0,0
4,5,pure,121.2,17.68692076,11.98189332,0.000169414,-1.220287774,7.510292219,2,200,800,1.6,30,3,0.2,0,0.4884,0,0
4,5,pure,121.4,17.68695425,11.73788855,0.000165547,-1.219759992,7.357349187,2,200,800,1.6,30,3,0.2,0,0.4884,0,0
4,5,pure,121.6,17.68698698,11.49398932,0.000161708,-1.219232423,7.204472304,2,200,800,1.6,30,3,0.2,0,0.4884,0,0
4,5,pure,121.8,17.68701894,11.25019558,0.000159796,-1.218968691,7.051661545,2,200,800,1.6,30,3,0.2,0,0.4884,0,0
4,6,raw,0,0.152284264,149.4674051,0.026947229,-0.056960426,93.68668707,2,200,800,1.6,30,3,0.2,0,0.4884,0,0
4,6,raw,0.2,0.15767371,149.456013,0.027419274,-0.057960764,93.67954647,2,200,800,1.6,30,3,0.2,0,0.4884,0,0
4,6,raw,0.4,0.163251973,149.4442208,0.028379509,-0.059995837,93.67215507,2,200,800,1.6,30,3,0.2,0,0.4884,0,0
4,6,raw,0.6,0.169025513,149.4320147,0.029372571,-0.062100855,93.66450423,2,200,800,1.6,30,3,0.2,0,0.4884,0,0
4,6,raw,0.8,0.175001002,149.4193805,0.030399578,-0.064278233,93.65658505,2,200,800,1.6,30,3,0.2,0,0.4884,0,0
4,6,raw,1,0.181185344,149.4063034,0.031461692,-0.066530485,93.6483883,2,200,800,1.6,30,3,0.2,0,0.4884,0,0
4,6,raw,1.2,0.187585679,149.3927683,0.032560077,-0.068860128,93.63990444,2,200,800,1.6,30,3,0.2,0,0.4884,0,0
4,6,raw,1.4,0.194209375,149.3787593,0.033695898,-0.071269675,93.6311236,2,200,800,1.6,30,3,0.2,0,0.4884,0,0
4,6,raw,1.6,0.201064038,149.3642604,0.034870373,-0.073761887,93.62203561,2,200,800,1.6,30,3,0.2,0,0.4884,0,0
4,6,raw,1.8,0.208157525,149.3492546,0.03608514,-0.076341839,93.61262992,2,200,800,1.6,30,3,0.2,0,0.4884,0,0
4,6,raw,2,0.215498094,149.3337237,0.037340785,-0.079010636,93.60289508,2,200,800,1.6,30,3,0.2,0,0.4884,0,0
4,6,raw,2.2,0.223093839,149.3176503,0.038637458,-0.081766503,93.59282026,2,200,800,1.6,30,3,0.2,0,0.4884,0,0
4,6,raw,2.4,0.230953077,149.3010171,0.039976619,-0.084612153,93.58239446,2,200,800,1.6,30,3,0.2,0,0.4884,0,0
4,6,raw,2.6,0.239084486,149.2838055,0.041360056,-0.087551625,93.57160618,2,200,800,1.6,30,3,0.2,0,0.4884,0,0
4,6,raw,2.8,0.2474971,149.2659964,0.042789561,-0.090588959,93.5604434,2,200,800,1.6,30,3,0.2,0,0.4884,0,0
4,6,raw,3,0.25620031,149.2475699,0.044266923,-0.093728194,93.54889359,2,200,800,1.6,30,3,0.2,0,0.4884,0,0
4,6,raw,3.2,0.265203869,149.2285051,0.045793933,-0.096973368,93.53694374,2,200,800,1.6,30,3,0.2,0,0.4884,0,0
4,6,raw,3.4,0.274517883,149.2087805,0.04737238,-0.100328522,93.5245803,2,200,800,1.6,30,3,0.2,0,0.4884,0,0
4,6,raw,3.6,0.284152821,149.1883737,0.049004055,-0.103797694,93.51178923,2,200,800,1.6,30,3,0.2,0,0.4884,0,0
4,6,raw,3.8,0.294119506,149.1672615,0.050690748,-0.107384923,93.49855599,2,200,800,1.6,30,3,0.2,0,0.4884,0,0
4,6,raw,4,0.30442912,149.1454197,0.052434249,-0.111094248,93.48486553,2,200,800,1.6,30,3,0.2,0,0.4884,0,0
4,6,raw,4.2,0.315093205,149.1228238,0.054236349,-0.114929709,93.47070229,2,200,800,1.6,30,3,0.2,0,0.4884,0,0
4,6,raw,4.4,0.32612366,149.0994479,0.056098836,-0.118895345,93.4560502,2,200,800,1.6,30,3,0.2,0,0.4884,0,0
4,6,raw,4.6,0.33753274,149.0752656,0.058023502,-0.122995195,93.44089269,2,200,800,1.6,30,3,0.2,0,0.4884,0,0
4,6,raw,4.8,0.349333061,149.0502498,0.060012136,-0.127233298,93.42521267,2,200,800,1.6,30,3,0.2,0,0.4884,0,0
4,6,raw,5,0.361537594,149.0243723,0.062066529,-0.131613693,93.40899258,2,200,800,1.6,30,3,0.2,0,0.4884,0,0
4,6,raw,5.2,0.374159672,148.9976043,0.064188471,-0.13614042,93.39221431,2,200,800,1.6,30,3,0.2,0,0.4884,0,0
4,6,raw,5.4,0.387212983,148.9699161,0.066379752,-0.140817517,93.37485926,2,200,800,1.6,30,3,0.2,0,0.4884,0,0
4,6,raw,5.6,0.400711573,148.9412773,0.068642161,-0.145649024,93.35690834,2,200,800,1.6,30,3,0.2,0,0.4884,0,0
4,6,raw,5.8,0.414669847,148.9116565,0.07097749,-0.15063898,93.33834194,2,200,800,1.6,30,3,0.2,0,0.4884,0,0
4,6,raw,6,0.429102569,148.8810217,0.073387527,-0.155791424,93.31913993,2,200,800,1.6,30,3,0.2,0,0.4884,0,0
4,6,raw,6.2,0.444024858,148.84934,0.075874064,-0.161110395,93.2992817,2,200,800,1.6,30,3,0.2,0,0.4884,0,0
4,6,raw,6.4,0.459452195,148.8165775,0.078438891,-0.166599932,93.27874611,2,200,800,1.6,30,3,0.2,0,0.4884,0,0
4,6,raw,6.6,0.475400415,148.7827,0.081083797,-0.172264075,93.25751153,2,200,800,1.6,30,3,0.2,0,0.4884,0,0
4,6,raw,6.8,0.491885713,148.7476719,0.083810573,-0.178106863,93.23555582,2,200,800,1.6,30,3,0.2,0,0.4884,0,0
4,6,raw,7,0.508924644,148.7114572,0.086621008,-0.184132334,93.21285633,2,200,800,1.6,30,3,0.2,0,0.4884,0,0
4,6,raw,7.2,0.526534117,148.674019,0.089516893,-0.190344528,93.18938991,2,200,800,1.6,30,3,0.2,0,0.4884,0,0
4,6,raw,7.4,0.544731401,148.6353194,0.092500019,-0.196747485,93.16513289,2,200,800,1.6,30,3,0.2,0,0.4884,0,0
4,6,raw,7.6,0.563534124,148.59532,0.095572174,-0.203345242,93.1400611,2,200,800,1.6,30,3,0.2,0,0.4884,0,0
4,6,raw,7.8,0.582960271,148.5539813,0.09873515,-0.210141841,93.11414989,2,200,800,1.6,30,3,0.2,0,0.4884,0,0
4,6,raw,8,0.603028184,148.5112633,0.101990736,-0.217141318,93.08737405,2,200,800,1.6,30,3,0.2,0,0.4884,0,0
4,6,raw,8.2,0.623756565,148.4671248,0.105323674,-0.224321607,93.05970791,2,200,800,1.6,30,3,0.2,0,0.4884,0,0
4,6,raw,8.4,0.645157654,148.4215346,0.108698928,-0.231631617,93.03113183,2,200,800,1.6,30,3,0.2,0,0.4884,0,0
4,6,raw,8.6,0.667236136,148.3744722,0.112149846,-0.23912661,93.00163291,2,200,800,1.6,30,3,0.2,0,0.4884,0,0
4,6,raw,8.8,0.690017592,148.325884,0.115731517,-0.246894499,92.97117767,2,200,800,1.6,30,3,0.2,0,0.4884,0,0
4,6,raw,9,0.713528743,148.2757144,0.119446935,-0.254942391,92.93973118,2,200,800,1.6,30,3,0.2,0,0.4884,0,0
4,6,raw,9.2,0.737796366,148.223907,0.123296379,-0.2632732,92.90725816,2,200,800,1.6,30,3,0.2,0,0.4884,0,0
4,6,raw,9.4,0.762847295,148.1704051,0.127280124,-0.271889841,92.87372296,2,200,800,1.6,30,3,0.2,0,0.4884,0,0
4,6,raw,9.6,0.788708416,148.1151511,0.131398449,-0.280795228,92.83908957,2,200,800,1.6,30,3,0.2,0,0.4884,0,0
4,6,raw,9.8,0.815406674,148.058087,0.135651629,-0.289992275,92.80332159,2,200,800,1.6,30,3,0.2,0,0.4884,0,0
4,6,raw,10,0.842969068,147.9991542,0.140039943,-0.299483899,92.7663823,2,200,800,1.6,30,3,0.2,0,0.4884,0,0
4,6,raw,10.2,0.871422651,147.9382934,0.144563667,-0.309273012,92.72823458,2,200,800,1.6,30,3,0.2,0,0.4884,0,0
4,6,raw,10.4,0.900794534,147.875445,0.149223078,-0.319362531,92.68884094,2,200,800,1.6,30,3,0.2,0,0.4884,0,0
4,6,raw,10.6,0.931111882,147.8105484,0.154018454,-0.329755368,92.64816356,2,200,800,1.6,30,3,0.2,0,0.4884,0,0
4,6,raw,10.8,0.962401916,147.7435428,0.158950071,-0.340454441,92.60616422,2,200,800,1.6,30,3,0.2,0,0.4884,0,0
4,6,raw,11,0.99469191,147.6743666,0.164018207,-0.351462661,92.56280435,2,200,800,1.6,30,3,0.2,0,0.4884,0,0
4,6,raw,11.2,1.028009198,147.6029577,0.169223138,-0.362782946,92.51804501,2,200,800,1.6,30,3,0.2,0,0.4884,0,0
4,6,raw,11.4,1.062381166,147.5292535,0.174565142,-0.374418209,92.47184691,2,200,800,1.6,30,3,0.2,0,0.4884,0,0
4,6,raw,11.6,1.097835255,147.4531905,0.180044496,-0.386371364,92.42417036,2,200,800,1.6,30,3,0.2,0,0.4884,0,0
4,6,raw,11.8,1.134398964,147.3747049,0.185661477,-0.398645327,92.37497534,2,200,800,1.6,30,3,0.2,0,0.4884,0,0
4,6,raw,12,1.172099846,147.2937323,0.191416362,-0.411243012,92.32422145,2,200,800,1.6,30,3,0.2,0,0.4884,0,0
4,6,raw,12.2,1.210965509,147.2102077,0.197309428,-0.424167334,92.27186793,2,200,800,1.6,30,3,0.2,0,0.4884,0,0
4,6,raw,12.4,1.251023617,147.1240654,0.203340952,-0.437421207,92.21787363,2,200,800,1.6,30,3,0.2,0,0.4884,0,0
4,6,raw,12.6,1.29230189,147.0352392,0.209511211,-0.451007547,92.16219708,2,200,800,1.6,30,3,0.2,0,0.4884,0,0
4,6,raw,12.8,1.334828101,146.9436624,0.215820483,-0.464929267,92.1047964,2,200,800,1.6,30,3,0.2,0,0.4884,0,0
4,6,raw,13,1.378630083,146.8492675,0.222269044,-0.479189283,92.04562937,2,200,800,1.6,30,3,0.2,0,0.4884,0,0
4,6,raw,13.2,1.423735719,146.7519867,0.228857171,-0.493790508,91.9846534,2,200,800,1.6,30,3,0.2,0,0.4884,0,0
4,6,raw,13.4,1.470172951,146.6517513,0.235585142,-0.508735859,91.92182553,2,200,800,1.6,30,3,0.2,0,0.4884,0,0
4,6,raw,13.6,1.517969776,146.5484923,0.242453234,-0.524028249,91.85710244,2,200,800,1.6,30,3,0.2,0,0.4884,0,0
4,6,raw,13.8,1.567154245,146.44214,0.249461723,-0.539670593,91.79044044,2,200,800,1.6,30,3,0.2,0,0.4884,0,0
4,6,raw,14,1.617754465,146.3326241,0.256610887,-0.555665806,91.72179548,2,200,800,1.6,30,3,0.2,0,0.4884,0,0
4,6,raw,14.2,1.6697986,146.2198737,0.263901003,-0.572016802,91.65112314,2,200,800,1.6,30,3,0.2,0,0.4884,0,0
4,6,raw,14.4,1.723314866,146.1038174,0.271332348,-0.588726496,91.57837863,2,200,800,1.6,30,3,0.2,0,0.4884,0,0
4,6,raw,14.6,1.778331539,145.9843831,0.278905199,-0.605797803,91.50351681,2,200,800,1.6,30,3,0.2,0,0.4884,0,0
4,6,raw,14.8,1.834876946,145.8614982,0.286619833,-0.623233637,91.42649217,2,200,800,1.6,30,3,0.2,0,0.4884,0,0
4,6,raw,15,1.892979472,145.7350896,0.294476527,-0.641036913,91.34725881,2,200,800,1.6,30,3,0.2,0,0.4884,0,0
4,6,raw,15.2,1.952667557,145.6050835,0.302475559,-0.659210546,91.26577051,2,200,800,1.6,30,3,0.2,0,0.4884,0,0
4,6,raw,15.4,2.013969696,145.4714054,0.310617205,-0.677757451,91.18198063,2,200,800,1.6,30,3,0.2,0,0.4884,0,0
4,6,raw,15.6,2.076914439,145.3339805,0.318901742,-0.696680541,91.09584222,2,200,800,1.6,30,3,0.2,0,0.4884,0,0
4,6,raw,15.8,2.141530392,145.1927332,0.327329448,-0.715982732,91.00730792,2,200,800,1.6,30,3,0.2,0,0.4884,0,0
4,6,raw,16,2.207846218,145.0475874,0.335900599,-0.735666938,90.91633004,2,200,800,1.6,30,3,0.2,0,0.4884,0,0
4,6,raw,16.2,2.275890632,144.8984664,0.344615473,-0.755736074,90.82286049,2,200,800,1.6,30,3,0.2,0,0.4884,0,0
4,6,raw,16.4,2.345692407,144.745293,0.353473224,-0.776190773,90.72685084,2,200,800,1.6,30,3,0.2,0,0.4884,0,0
4,6,raw,16.6,2.417279922,144.5879901,0.362299478,-0.796680736,90.62825286,2,200,800,1.6,30,3,0.2,0,0.4884,0,0
4,6,raw,16.8,2.490612198,144.4266207,0.370999354,-0.817024075,90.52710594,2,200,800,1.6,30,3,0.2,0,0.4884,0,0
4,6,raw,17,2.565679663,144.2611805,0.379784492,-0.837662442,90.42340746,2,200,800,1.6,30,3,0.2,0,0.4884,0,0
4,6,raw,17.2,2.642525995,144.0915557,0.38878037,-0.858856451,90.31708606,2,200,800,1.6,30,3,0.2,0,0.4884,0,0
4,6,raw,17.4,2.721191811,143.9176379,0.397971695,-0.880579191,90.20807378,2,200,800,1.6,30,3,0.2,0,0.4884,0,0
4,6,raw,17.6,2.801714673,143.739324,0.407343169,-0.902803751,90.09630602,2,200,800,1.6,30,3,0.2,0,0.4884,0,0
4,6,raw,17.8,2.884129079,143.5565164,0.416879498,-0.925503221,89.98172157,2,200,800,1.6,30,3,0.2,0,0.4884,0,0
4,6,raw,18,2.968466472,143.3691227,0.426565387,-0.94865069,89.86426257,2,200,800,1.6,30,3,0.2,0,0.4884,0,0
4,6,raw,18.2,3.054755234,143.1770561,0.436385539,-0.972219248,89.74387455,2,200,800,1.6,30,3,0.2,0,0.4884,0,0
4,6,raw,18.4,3.143020688,142.980235,0.446324659,-0.996181983,89.62050642,2,200,800,1.6,30,3,0.2,0,0.4884,0,0
4,6,raw,18.6,3.233285098,142.7785833,0.456367452,-1.020511986,89.49411043,2,200,800,1.6,30,3,0.2,0,0.4884,0,0
4,6,raw,18.8,3.325567669,142.5720302,0.466498623,-1.045182345,89.36464224,2,200,800,1.6,30,3,0.2,0,0.4884,0,0
4,6,raw,19,3.419884547,142.3605104,0.476702874,-1.07016615,89.23206086,2,200,800,1.6,30,3,0.2,0,0.4884,0,0
4,6,raw,19.2,3.516248818,142.1439638,0.486964912,-1.095436491,89.0963287,2,200,800,1.6,30,3,0.2,0,0.4884,0,0
4,6,raw,19.4,3.614670511,141.9223358,0.497269441,-1.120966457,88.95741151,2,200,800,1.6,30,3,0.2,0,0.4884,0,0
4,6,raw,19.6,3.715156595,141.6955772,0.507601165,-1.146729136,88.81527844,2,200,800,1.6,30,3,0.2,0,0.4884,0,0
4,6,raw,19.8,3.817710977,141.4636441,0.517944789,-1.172697619,88.66990199,2,200,800,1.6,30,3,0.2,0,0.4884,0,0
4,6,raw,20,3.92233451,141.2264982,0.528285016,-1.198844995,88.52125806,2,200,800,1.6,30,3,0.2,0,0.4884,0,0
4,6,raw,20.2,4.029024984,140.9841062,0.538606553,-1.225144353,88.36932591,2,200,800,1.6,30,3,0.2,0,0.4884,0,0
4,6,raw,20.4,4.137777131,140.7364404,0.548894102,-1.251568782,88.21408817,2,200,800,1.6,30,3,0.2,0,0.4884,0,0
4,6,raw,20.6,4.248582625,140.4834786,0.559132369,-1.278091373,88.05553085,2,200,800,1.6,30,3,0.2,0,0.4884,0,0
4,6,raw,20.8,4.361430079,140.2252039,0.569306059,-1.304685214,87.89364334,2,200,800,1.6,30,3,0.2,0,0.4884,0,0
4,6,raw,21,4.476305048,139.9616046,0.579399875,-1.331323394,87.72841837,2,200,800,1.6,30,3,0.2,0,0.4884,0,0
4,6,raw,21.2,4.593190029,139.6926745,0.589398522,-1.357979004,87.55985209,2,200,800,1.6,30,3,0.2,0,0.4884,0,0
4,6,raw,21.4,4.712064457,139.418413,0.599286704,-1.384625132,87.38794399,2,200,800,1.6,30,3,0.2,0,0.4884,0,0
4,6,raw,21.6,4.832904711,139.1388245,0.609049127,-1.411234868,87.21269696,2,200,800,1.6,30,3,0.2,0,0.4884,0,0
4,6,raw,21.8,4.955684108,138.853919,0.618670495,-1.437781301,87.03411723,2,200,800,1.6,30,3,0.2,0,0.4884,0,0
4,6,raw,22,5.080372908,138.5637119,0.628135511,-1.46423752,86.85221444,2,200,800,1.6,30,3,0.2,0,0.4884,0,0
4,6,raw,22.2,5.206938312,138.268224,0.637428882,-1.490576616,86.66700157,2,200,800,1.6,30,3,0.2,0,0.4884,0,0
4,6,raw,22.4,5.335344461,137.9674813,0.64653531,-1.516771676,86.47849501,2,200,800,1.6,30,3,0.2,0,0.4884,0,0
4,6,raw,22.6,5.465552436,137.6615153,0.655439501,-1.542795792,86.28671448,2,200,800,1.6,30,3,0.2,0,0.4884,0,0
4,6,raw,22.8,5.597520261,137.350363,0.664126159,-1.568622051,86.09168311,2,200,800,1.6,30,3,0.2,0,0.4884,0,0
4,6,raw,23,5.7312029,137.0340665,0.672579989,-1.594223544,85.89342739,2,200,800,1.6,30,3,0.2,0,0.4884,0,0
4,6,raw,23.2,5.866552257,136.7126736,0.680785694,-1.61957336,85.69197717,2,200,800,1.6,30,3,0.2,0,0.4884,0,0
4,6,raw,23.4,6.003517178,136.3862372,0.688727981,-1.644644587,85.48736571,2,200,800,1.6,30,3,0.2,0,0.4884,0,0
4,6,raw,23.6,6.142043449,136.0548157,0.696391552,-1.669410317,85.27962961,2,200,800,1.6,30,3,0.2,0,0.4884,0,0
4,6,raw,23.8,6.282073799,135.718473,0.703761113,-1.693843637,85.06880884,2,200,800,1.6,30,3,0.2,0,0.4884,0,0
4,6,raw,24,6.423547894,135.3772783,0.710821368,-1.717917637,84.85494678,2,200,800,1.6,30,3,0.2,0,0.4884,0,0
4,6,raw,24.2,6.566402346,135.031306,0.717557022,-1.741605407,84.63809015,2,200,800,1.6,30,3,0.2,0,0.4884,0,0
4,6,raw,24.4,6.710570703,134.6806361,0.723952779,-1.764880036,84.41828906,2,200,800,1.6,30,3,0.2,0,0.4884,0,0
4,6,raw,24.6,6.855983458,134.325354,0.729993343,-1.787714613,84.19559699,2,200,800,1.6,30,3,0.2,0,0.4884,0,0
4,6,raw,24.8,7.002568041,133.9655503,0.73566342,-1.810082229,83.97007078,2,200,800,1.6,30,3,0.2,0,0.4884,0,0
4,6,raw,25,7.150248826,133.6013211,0.740947713,-1.831955971,83.74177066,2,200,800,1.6,30,3,0.2,0,0.4884,0,0
4,6,raw,25.2,7.298947126,133.2327679,0.745830927,-1.853308929,83.51076024,2,200,800,1.6,30,3,0.2,0,0.4884,0,0
4,6,raw,25.4,7.448581196,132.8599975,0.750297767,-1.874114194,83.27710648,2,200,800,1.6,30,3,0.2,0,0.4884,0,0
4,6,raw,25.6,7.599066233,132.4831222,0.754332937,-1.894344854,83.04087973,2,200,800,1.6,30,3,0.2,0,0.4884,0,0
4,6,raw,25.8,7.750314371,132.1022596,0.757921141,-1.913973998,82.80215372,2,200,800,1.6,30,3,0.2,0,0.4884,0,0
4,6,raw,26,7.902234689,131.7175326,0.761047084,-1.932974716,82.56100552,2,200,800,1.6,30,3,0.2,0,0.4884,0,0
4,6,raw,26.2,8.054733205,131.3290697,0.763915768,-1.95170201,82.31751562,2,200,800,1.6,30,3,0.2,0,0.4884,0,0
4,6,raw,26.4,8.207800996,130.9368518,0.766849864,-1.970677639,82.07167209,2,200,800,1.6,30,3,0.2,0,0.4884,0,0
4,6,raw,26.6,8.36147315,130.5407986,0.769646631,-1.989486195,81.82342459,2,200,800,1.6,30,3,0.2,0,0.4884,0,0
4,6,raw,26.8,8.515659648,130.1410573,0.771995007,-2.007559464,81.57286536,2,200,800,1.6,30,3,0.2,0,0.4884,0,0
4,6,raw,27,8.670271153,129.7377748,0.773901329,-2.024903617,81.3200865,2,200,800,1.6,30,3,0.2,0,0.4884,0,0
4,6,raw,27.2,8.82522018,129.3310959,0.775374853,-2.041529994,81.06517872,2,200,800,1.6,30,3,0.2,0,0.4884,0,0
4,6,raw,27.4,8.980421094,128.9211628,0.776424834,-2.057449937,80.80823127,2,200,800,1.6,30,3,0.2,0,0.4884,0,0
4,6,raw,27.6,9.135790114,128.5081159,0.777060528,-2.072674785,80.54933202,2,200,800,1.6,30,3,0.2,0,0.4884,0,0
4,6,raw,27.8,9.291245306,128.0920929,0.777291191,-2.087215882,80.28856738,2,200,800,1.6,30,3,0.2,0,0.4884,0,0
4,6,raw,28,9.44670659,127.6732295,0.777126079,-2.101084567,80.02602236,2,200,800,1.6,30,3,0.2,0,0.4884,0,0
4,6,raw,28.2,9.602095737,127.2516591,0.776574448,-2.114292182,79.76178055,2,200,800,1.6,30,3,0.2,0,0.4884,0,0
4,6,raw,28.4,9.757336369,126.8275127,0.775645553,-2.126850068,79.4959241,2,200,800,1.6,30,3,0.2,0,0.4884,0,0
4,6,raw,28.6,9.912353958,126.4009191,0.77434865,-2.138769565,79.22853375,2,200,800,1.6,30,3,0.2,0,0.4884,0,0
4,6,raw,28.8,10.06707583,125.9720048,0.772692996,-2.150062016,78.95968883,2,200,800,1.6,30,3,0.2,0,0.4884,0,0
4,6,raw,29,10.22143116,125.5408943,0.770687845,-2.160738761,78.68946723,2,200,800,1.6,30,3,0.2,0,0.4884,0,0
4,6,raw,29.2,10.37535097,125.1077093,0.768342454,-2.17081114,78.41794542,2,200,800,1.6,30,3,0.2,0,0.4884,0,0
4,6,raw,29.4,10.52876814,124.6725698,0.765666079,-2.180290496,78.14519845,2,200,800,1.6,30,3,0.2,0,0.4884,0,0
4,6,raw,29.6,10.6816174,124.2355931,0.762667976,-2.189188169,77.87129996,2,200,800,1.6,30,3,0.2,0,0.4884,0,0
4,6,raw,29.8,10.83383533,123.7968945,0.759357399,-2.197515501,77.59632216,2,200,800,1.6,30,3,0.2,0,0.4884,0,0
4,6,raw,30,10.98536036,123.3565869,0.755743606,-2.205283831,77.32033583,2,200,800,1.6,30,3,0.2,0,0.4884,0,0
4,6,raw,30.2,11.13613277,122.914781,0.751835852,-2.212504503,77.04341034,2,200,800,1.6,30,3,0.2,0,0.4884,0,0
4,6,raw,30.4,11.2860947,122.4715851,0.747643392,-2.219188856,76.76561364,2,200,800,1.6,30,3,0.2,0,0.4884,0,0
4,6,raw,30.6,11.43519013,122.0271055,0.743175483,-2.225348231,76.48701224,2,200,800,1.6,30,3,0.2,0,0.4884,0,0
4,6,raw,30.8,11.58336489,121.5814458,0.73844138,-2.23099397,76.20767125,2,200,800,1.6,30,3,0.2,0,0.4884,0,0
4,6,raw,31,11.73056668,121.1347079,0.73345034,-2.236137415,75.92765434,2,200,800,1.6,30,3,0.2,0,0.4884,0,0
4,6,raw,31.2,11.87674503,120.6869909,0.728211617,-2.240789904,75.64702378,2,200,800,1.6,30,3,0.2,0,0.4884,0,0
4,6,raw,31.4,12.02185133,120.2383919,0.722734469,-2.244962781,75.36584039,2,200,800,1.6,30,3,0.2,0,0.4884,0,0
4,6,raw,31.6,12.16583882,119.7890058,0.71702815,-2.248667386,75.0841636,2,200,800,1.6,30,3,0.2,0,0.4884,0,0
4,6,raw,31.8,12.30866259,119.338925,0.711101917,-2.25191506,74.80205139,2,200,800,1.6,30,3,0.2,0,0.4884,0,0
4,6,raw,32,12.45027958,118.8882397,0.704965025,-2.254717144,74.51956034,2,200,800,1.6,30,3,0.2,0,0.4884,0,0
4,6,raw,32.2,12.5906486,118.4370381,0.698626731,-2.257084979,74.23674559,2,200,800,1.6,30,3,0.2,0,0.4884,0,0
4,6,raw,32.4,12.72973027,117.9854057,0.692096289,-2.259029907,73.95366087,2,200,800,1.6,30,3,0.2,0,0.4884,0,0
4,6,raw,32.6,12.86748711,117.5334261,0.685382956,-2.260563268,73.67035848,2,200,800,1.6,30,3,0.2,0,0.4884,0,0
4,6,raw,32.8,13.00388346,117.0811804,0.678495988,-2.261696404,73.38688931,2,200,800,1.6,30,3,0.2,0,0.4884,0,0
4,6,raw,33,13.13888551,116.6287476,0.671444641,-2.262440655,73.10330282,2,200,800,1.6,30,3,0.2,0,0.4884,0,0
4,6,raw,33.2,13.27246131,116.1762042,0.664238169,-2.262807363,72.81964706,2,200,800,1.6,30,3,0.2,0,0.4884,0,0
4,6,raw,33.4,13.40458078,115.7236246,0.65688583,-2.262807868,72.53596863,2,200,800,1.6,30,3,0.2,0,0.4884,0,0
4,6,raw,33.6,13.53521565,115.271081,0.649396879,-2.262453512,72.25231273,2,200,800,1.6,30,3,0.2,0,0.4884,0,0
4,6,raw,33.8,13.66433953,114.8186432,0.641780572,-2.261755636,71.96872315,2,200,800,1.6,30,3,0.2,0,0.4884,0,0
4,6,raw,34,13.79192787,114.3663788,0.634046164,-2.260725581,71.68524223,2,200,800,1.6,30,3,0.2,0,0.4884,0,0
4,6,raw,34.2,13.91795799,113.914353,0.626202912,-2.259374688,71.4019109,2,200,800,1.6,30,3,0.2,0,0.4884,0,0
4,6,raw,34.4,14.04240904,113.4626289,0.618260071,-2.257714298,71.11876868,2,200,800,1.6,30,3,0.2,0,0.4884,0,0
4,6,raw,34.6,14.16526202,113.0112673,0.610226897,-2.255755752,70.83585365,2,200,800,1.6,30,3,0.2,0,0.4884,0,0
4,6,raw,34.8,14.2864998,112.5603266,0.602112646,-2.253510392,70.55320247,2,200,800,1.6,30,3,0.2,0,0.4884,0,0
4,6,raw,35,14.40610708,112.1098631,0.593926574,-2.250989557,70.2708504,2,200,800,1.6,30,3,0.2,0,0.4884,0,0
4,6,raw,35.2,14.52407043,111.6599308,0.585677937,-2.24820459,69.98883125,2,200,800,1.6,30,3,0.2,0,0.4884,0,0
4,6,raw,35.4,14.64037825,111.2105813,0.57737599,-2.245166832,69.70717743,2,200,800,1.6,30,3,0.2,0,0.4884,0,0
4,6,raw,35.6,14.75502082,110.761864,0.569029989,-2.241887623,69.42591991,2,200,800,1.6,30,3,0.2,0,0.4884,0,0
4,6,raw,35.8,14.86799025,110.3138262,0.56064919,-2.238378305,69.14508826,2,200,800,1.6,30,3,0.2,0,0.4884,0,0
4,6,raw,36,14.9792805,109.8665127,0.552242849,-2.234650218,68.8647106,2,200,800,1.6,30,3,0.2,0,0.4884,0,0
4,6,raw,36.2,15.08888739,109.4199661,0.543820222,-2.230714704,68.58481366,2,200,800,1.6,30,3,0.2,0,0.4884,0,0
4,6,raw,36.4,15.19680859,108.9742268,0.535390565,-2.226583104,68.30542272,2,200,800,1.6,30,3,0.2,0,0.4884,0,0
4,6,raw,36.6,15.30304362,108.5293329,0.526963133,-2.222266759,68.02656166,2,200,800,1.6,30,3,0.2,0,0.4884,0,0
4,6,raw,36.8,15.40759384,108.0853201,0.518547182,-2.21777701,67.74825292,2,200,800,1.6,30,3,0.2,0,0.4884,0,0
4,6,raw,37,15.51046249,107.6422221,0.510151968,-2.213125198,67.47051754,2,200,800,1.6,30,3,0.2,0,0.4884,0,0
4,6,raw,37.2,15.61165463,107.2000701,0.501786747,-2.208322664,67.19337511,2,200,800,1.6,30,3,0.2,0,0.4884,0,0
4,6,raw,37.4,15.71117719,106.758893,0.493460775,-2.203380749,66.91684382,2,200,800,1.6,30,3,0.2,0,0.4884,0,0
4,6,raw,37.6,15.80903894,106.3187178,0.485183307,-2.198310795,66.64094044,2,200,800,1.6,30,3,0.2,0,0.4884,0,0
4,6,raw,37.8,15.90525051,105.8795687,0.476946746,-2.193080038,66.36568029,2,200,800,1.6,30,3,0.2,0,0.4884,0,0
4,6,raw,38,15.99981764,105.4414857,0.468644626,-2.18740352,66.09108837,2,200,800,1.6,30,3,0.2,0,0.4884,0,0
4,6,raw,38.2,16.09270836,105.0046073,0.46030212,-2.181355774,65.81725145,2,200,800,1.6,30,3,0.2,0,0.4884,0,0
4,6,raw,38.4,16.18393849,104.5689434,0.452065149,-2.175329118,65.54417583,2,200,800,1.6,30,3,0.2,0,0.4884,0,0
4,6,raw,38.6,16.27353442,104.1344757,0.443959394,-2.169393789,65.27184992,2,200,800,1.6,30,3,0.2,0,0.4884,0,0
4,6,raw,38.8,16.36152224,103.7011859,0.435983209,-2.163547756,65.00026241,2,200,800,1.6,30,3,0.2,0,0.4884,0,0
4,6,raw,39,16.4479277,103.2690566,0.428134947,-2.157788986,64.72940223,2,200,800,1.6,30,3,0.2,0,0.4884,0,0
4,6,raw,39.2,16.53277622,102.8380703,0.420412964,-2.152115445,64.45925857,2,200,800,1.6,30,3,0.2,0,0.4884,0,0
4,6,raw,39.4,16.61609289,102.4082104,0.412815612,-2.1465251,64.18982087,2,200,800,1.6,30,3,0.2,0,0.4884,0,0
4,6,raw,39.6,16.69790247,101.9794603,0.405341246,-2.141015917,63.92107883,2,200,800,1.6,30,3,0.2,0,0.4884,0,0
4,6,raw,39.8,16.77822939,101.551804,0.397988219,-2.135585865,63.65302239,2,200,800,1.6,30,3,0.2,0,0.4884,0,0
4,6,raw,40,16.85709775,101.1252259,0.390754886,-2.130232909,63.38564178,2,200,800,1.6,30,3,0.2,0,0.4884,0,0
4,6,raw,40.2,16.93453134,100.6997108,0.3836396,-2.124955017,63.11892745,2,200,800,1.6,30,3,0.2,0,0.4884,0,0
4,6,raw,40.4,17.01055359,100.2752439,0.376640716,-2.119750156,62.85287011,2,200,800,1.6,30,3,0.2,0,0.4884,0,0
4,6,raw,40.6,17.08518763,99.85181079,0.369756586,-2.114616291,62.58746075,2,200,800,1.6,30,3,0.2,0,0.4884,0,0
4,6,raw,40.8,17.15845623,99.42939742,0.362985567,-2.109551391,62.32269059,2,200,800,1.6,30,3,0.2,0,0.4884,0,0
4,6,raw,41,17.23038185,99.00799023,0.35632601,-2.104553422,62.05855111,2,200,800,1.6,30,3,0.2,0,0.4884,0,0
4,6,raw,41.2,17.30098663,98.58757605,0.34977627,-2.099620351,61.79503404,2,200,800,1.6,30,3,0.2,0,0.4884,0,0
4,6,raw,41.4,17.37029236,98.16814209,0.343334702,-2.094750144,61.53213138,2,200,800,1.6,30,3,0.2,0,0.4884,0,0
4,6,raw,41.6,17.43832051,97.74967599,0.336999658,-2.08994077,61.26983538,2,200,800,1.6,30,3,0.2,0,0.4884,0,0
4,6,raw,41.8,17.50509223,97.33216578,0.330769494,-2.085190193,61.00813854,2,200,800,1.6,30,3,0.2,0,0.4884,0,0
4,6,raw,42,17.57062831,96.91559991,0.324642562,-2.080496383,60.74703361,2,200,800,1.6,30,3,0.2,0,0.4884,0,0
4,6,raw,42.2,17.63494925,96.49996723,0.318617217,-2.075857304,60.4865136,2,200,800,1.6,30,3,0.2,0,0.4884,0,0
4,6,raw,42.4,17.6980752,96.08525699,0.312691813,-2.071270924,60.22657179,2,200,800,1.6,30,3,0.2,0,0.4884,0,0
4,6,raw,42.6,17.76002598,95.67145886,0.306864703,-2.066735211,59.96720169,2,200,800,1.6,30,3,0.2,0,0.4884,0,0
4,6,raw,42.8,17.82082108,95.25856291,0.301134242,-2.06224813,59.70839708,2,200,800,1.6,30,3,0.2,0,0.4884,0,0
4,6,raw,43,17.88047967,94.84655961,0.295498783,-2.057807649,59.45015198,2,200,800,1.6,30,3,0.2,0,0.4884,0,0
4,6,raw,43.2,17.93902059,94.43543985,0.289956681,-2.053411735,59.19246069,2,200,800,1.6,30,3,0.2,0,0.4884,0,0
4,6,raw,43.4,17.99646234,94.02519491,0.284506289,-2.049058354,58.93531775,2,200,800,1.6,30,3,0.2,0,0.4884,0,0
4,6,raw,43.6,18.05282311,93.6158165,0.279145961,-2.044745473,58.67871794,2,200,800,1.6,30,3,0.2,0,0.4884,0,0
4,6,raw,43.8,18.10812073,93.20729672,0.273874052,-2.04047106,58.42265633,2,200,800,1.6,30,3,0.2,0,0.4884,0,0
4,6,raw,44,18.16237273,92.79962808,0.268688915,-2.036233081,58.16712821,2,200,800,1.6,30,3,0.2,0,0.4884,0,0
4,6,raw,44.2,18.2155963,92.39280349,0.263588904,-2.032029502,57.91212915,2,200,800,1.6,30,3,0.2,0,0.4884,0,0
4,6,raw,44.4,18.26780829,91.98681628,0.258572373,-2.027858292,57.65765496,2,200,800,1.6,30,3,0.2,0,0.4884,0,0
4,6,raw,44.6,18.31902524,91.58166017,0.253637676,-2.023717416,57.40370171,2,200,800,1.6,30,3,0.2,0,0.4884,0,0
4,6,raw,44.8,18.36926336,91.17732931,0.248783166,-2.019604841,57.15026573,2,200,800,1.6,30,3,0.2,0,0.4884,0,0
4,6,raw,45,18.41853851,90.77381824,0.244007199,-2.015518536,56.89734359,2,200,800,1.6,30,3,0.2,0,0.4884,0,0
4,6,raw,45.2,18.46686624,90.3711219,0.239308127,-2.011456465,56.64493213,2,200,800,1.6,30,3,0.2,0,0.4884,0,0
4,6,raw,45.4,18.51426176,89.96923565,0.234684305,-2.007416596,56.39302844,2,200,800,1.6,30,3,0.2,0,0.4884,0,0
4,6,raw,45.6,18.56073996,89.56815526,0.230134087,-2.003396897,56.14162986,2,200,800,1.6,30,3,0.2,0,0.4884,0,0
4,6,raw,45.8,18.6063154,89.16787689,0.225655826,-1.999395333,55.89073399,2,200,800,1.6,30,3,0.2,0,0.4884,0,0
4,6,raw,46,18.65100229,88.76839713,0.221247877,-1.995409872,55.64033869,2,200,800,1.6,30,3,0.2,0,0.4884,0,0
4,6,raw,46.2,18.69481455,88.36971294,0.216908593,-1.991438481,55.39044207,2,200,800,1.6,30,3,0.2,0,0.4884,0,0
4,6,raw,46.4,18.73776573,87.97182173,0.212636328,-1.987479126,55.14104248,2,200,800,1.6,30,3,0.2,0,0.4884,0,0
4,6,raw,46.6,18.77986908,87.57472129,0.208429437,-1.983529774,54.89213855,2,200,800,1.6,30,3,0.2,0,0.4884,0,0
4,6,raw,46.8,18.8211375,87.17840983,0.204286273,-1.979588393,54.64372915,2,200,800,1.6,30,3,0.2,0,0.4884,0,0
4,6,raw,47,18.86158359,86.78288594,0.20020519,-1.975652949,54.3958134,2,200,800,1.6,30,3,0.2,0,0.4884,0,0
4,6,raw,47.2,18.90121958,86.38814865,0.196184542,-1.971721408,54.1483907,2,200,800,1.6,30,3,0.2,0,0.4884,0,0
4,6,raw,47.4,18.9400574,85.99419737,0.192222683,-1.967791739,53.90146068,2,200,800,1.6,30,3,0.2,0,0.4884,0,0
4,6,raw,47.6,18.97810865,85.60103195,0.188317967,-1.963861907,53.65502323,2,200,800,1.6,30,3,0.2,0,0.4884,0,0
4,6,raw,47.8,19.01538459,85.20865261,0.184468748,-1.95992988,53.4090785,2,200,800,1.6,30,3,0.2,0,0.4884,0,0
4,6,raw,48,19.05189615,84.81706,0.180673379,-1.955993624,53.1636269,2,200,800,1.6,30,3,0.2,0,0.4884,0,0
4,6,raw,48.2,19.08765394,84.42625516,0.176930216,-1.952051107,52.91866907,2,200,800,1.6,30,3,0.2,0,0.4884,0,0
4,6,raw,48.4,19.12266824,84.03623956,0.173237611,-1.948100294,52.67420594,2,200,800,1.6,30,3,0.2,0,0.4884,0,0
4,6,raw,48.6,19.15694899,83.64701504,0.169593919,-1.944139154,52.43023867,2,200,800,1.6,30,3,0.2,0,0.4884,0,0
4,6,raw,48.8,19.19050581,83.25858389,0.165997493,-1.940165652,52.18676868,2,200,800,1.6,30,3,0.2,0,0.4884,0,0
4,6,raw,49,19.22334798,82.87094878,0.162446688,-1.936177757,51.94379765,2,200,800,1.6,30,3,0.2,0,0.4884,0,0
4,6,raw,49.2,19.25548448,82.48411279,0.158939857,-1.932173434,51.70132751,2,200,800,1.6,30,3,0.2,0,0.4884,0,0
4,6,raw,49.4,19.28692393,82.09807941,0.155475354,-1.92815065,51.45936045,2,200,800,1.6,30,3,0.2,0,0.4884,0,0
4,6,raw,49.6,19.31767462,81.71285253,0.152051534,-1.924107373,51.21789891,2,200,800,1.6,30,3,0.2,0,0.4884,0,0
4,6,raw,49.8,19.34774454,81.32843646,0.14866675,-1.920041569,50.97694558,2,200,800,1.6,30,3,0.2,0,0.4884,0,0
4,6,raw,50,19.37714132,80.9448359,0.145319356,-1.915951205,50.73650343,2,200,800,1.6,30,3,0.2,0,0.4884,0,0
4,6,raw,50.2,19.40587228,80.56205598,0.142007706,-1.911834248,50.49657565,2,200,800,1.6,30,3,0.2,0,0.4884,0,0
4,6,raw,50.4,19.4339444,80.1801022,0.138730154,-1.907688665,50.2571657,2,200,800,1.6,30,3,0.2,0,0.4884,0,0
4,6,raw,50.6,19.46136434,79.79898051,0.135485054,-1.903512423,50.0182773,2,200,800,1.6,30,3,0.2,0,0.4884,0,0
4,6,raw,50.8,19.48813843,79.41869724,0.132270759,-1.899303488,49.77991443,2,200,800,1.6,30,3,0.2,0,0.4884,0,0
4,6,raw,51,19.51427265,79.03925912,0.129085625,-1.895059827,49.5420813,2,200,800,1.6,30,3,0.2,0,0.4884,0,0
4,6,raw,51.2,19.53977268,78.6606733,0.125928004,-1.890779408,49.3047824,2,200,800,1.6,30,3,0.2,0,0.4884,0,0
4,6,raw,51.4,19.56464385,78.28294735,0.122796251,-1.886460198,49.06802247,2,200,800,1.6,30,3,0.2,0,0.4884,0,0
4,6,raw,51.6,19.58889118,77.90608923,0.11968872,-1.882100162,48.83180649,2,200,800,1.6,30,3,0.2,0,0.4884,0,0
4,6,raw,51.8,19.61251934,77.53010729,0.116603764,-1.877697268,48.59613971,2,200,800,1.6,30,3,0.2,0,0.4884,0,0
4,6,raw,52,19.63553268,77.15501032,0.113587603,-1.873340435,48.36102763,2,200,800,1.6,30,3,0.2,0,0.4884,0,0
4,6,raw,52.2,19.65795438,76.78077111,0.11092999,-1.869588117,48.1264532,2,200,800,1.6,30,3,0.2,0,0.4884,0,0
4,6,raw,52.4,19.67990468,76.40717507,0.108642442,-1.866480458,47.89228191,2,200,800,1.6,30,3,0.2,0,0.4884,0,0
4,6,raw,52.6,19.70141135,76.03417893,0.106446481,-1.863500256,47.65848663,2,200,800,1.6,30,3,0.2,0,0.4884,0,0
4,6,raw,52.8,19.72248327,75.66177497,0.10429452,-1.860558363,47.42506254,2,200,800,1.6,30,3,0.2,0,0.4884,0,0
4,6,raw,53,19.74312916,75.28995559,0.10218595,-1.857654144,47.19200486,2,200,800,1.6,30,3,0.2,0,0.4884,0,0
4,6,raw,53.2,19.76335765,74.91871331,0.100120162,-1.854786963,46.95930892,2,200,800,1.6,30,3,0.2,0,0.4884,0,0
4,6,raw,53.4,19.78317723,74.5480408,0.098096549,-1.851956185,46.72697011,2,200,800,1.6,30,3,0.2,0,0.4884,0,0
4,6,raw,53.6,19.80259627,74.17793084,0.096114502,-1.849161177,46.4949839,2,200,800,1.6,30,3,0.2,0,0.4884,0,0
4,6,raw,53.8,19.82162303,73.80837633,0.094173412,-1.846401302,46.26334586,2,200,800,1.6,30,3,0.2,0,0.4884,0,0
4,6,raw,54,19.84026563,73.43937032,0.092272672,-1.843675927,46.03205161,2,200,800,1.6,30,3,0.2,0,0.4884,0,0
4,6,raw,54.2,19.8585321,73.07090596,0.090411673,-1.840984415,45.80109687,2,200,800,1.6,30,3,0.2,0,0.4884,0,0
4,6,raw,54.4,19.8764303,72.70297655,0.088589807,-1.838326132,45.57047745,2,200,800,1.6,30,3,0.2,0,0.4884,0,0
4,6,raw,54.6,19.89396802,72.33557551,0.086806466,-1.835700444,45.3401892,2,200,800,1.6,30,3,0.2,0,0.4884,0,0
4,6,raw,54.8,19.91115289,71.96869637,0.08506104,-1.833106715,45.11022809,2,200,800,1.6,30,3,0.2,0,0.4884,0,0
4,6,raw,55,19.92799244,71.60233282,0.083352923,-1.83054431,44.88059015,2,200,800,1.6,30,3,0.2,0,0.4884,0,0
4,6,raw,55.2,19.94449406,71.23647865,0.081681505,-1.828012595,44.65127148,2,200,800,1.6,30,3,0.2,0,0.4884,0,0
4,6,raw,55.4,19.96066504,70.87112778,0.080046178,-1.825510934,44.4222683,2,200,800,1.6,30,3,0.2,0,0.4884,0,0
4,6,raw,55.6,19.97651253,70.50627428,0.078446335,-1.823038693,44.19357685,2,200,800,1.6,30,3,0.2,0,0.4884,0,0
4,6,raw,55.8,19.99204357,70.14191231,0.076881366,-1.820595237,43.96519351,2,200,800,1.6,30,3,0.2,0,0.4884,0,0
4,6,raw,56,20.00726508,69.77803618,0.075350663,-1.81817993,43.73711469,2,200,800,1.6,30,3,0.2,0,0.4884,0,0
4,6,raw,56.2,20.02218384,69.41464033,0.073853619,-1.815792138,43.50933692,2,200,800,1.6,30,3,0.2,0,0.4884,0,0
4,6,raw,56.4,20.03680652,69.05171933,0.072389624,-1.813431225,43.28185678,2,200,800,1.6,30,3,0.2,0,0.4884,0,0
4,6,raw,56.6,20.05113969,68.68926784,0.070958071,-1.811096558,43.05467093,2,200,800,1.6,30,3,0.2,0,0.4884,0,0
4,6,raw,56.8,20.06518975,68.3272807,0.069558351,-1.808787501,42.82777614,2,200,800,1.6,30,3,0.2,0,0.4884,0,0
4,6,raw,57,20.07896303,67.96575284,0.068189856,-1.806503419,42.60116922,2,200,800,1.6,30,3,0.2,0,0.4884,0,0
4,6,raw,57.2,20.0924657,67.60467933,0.066851977,-1.804243677,42.3748471,2,200,800,1.6,30,3,0.2,0,0.4884,0,0
4,6,raw,57.4,20.10570382,67.24405537,0.065544107,-1.802007641,42.14880675,2,200,800,1.6,30,3,0.2,0,0.4884,0,0
4,6,raw,57.6,20.11868334,66.88387628,0.064265637,-1.799794675,41.92304525,2,200,800,1.6,30,3,0.2,0,0.4884,0,0
4,6,raw,57.8,20.13141007,66.5241375,0.063015958,-1.797604144,41.69755974,2,200,800,1.6,30,3,0.2,0,0.4884,0,0
4,6,raw,58,20.14388972,66.16483462,0.061794462,-1.795435414,41.47234745,2,200,800,1.6,30,3,0.2,0,0.4884,0,0
4,6,raw,58.2,20.15612786,65.80596334,0.060600542,-1.793287849,41.24740568,2,200,800,1.6,30,3,0.2,0,0.4884,0,0
4,6,raw,58.4,20.16812994,65.44751948,0.059433588,-1.791160815,41.02273183,2,200,800,1.6,30,3,0.2,0,0.4884,0,0
4,6,raw,58.6,20.17990129,65.08949901,0.058292993,-1.789053677,40.79832336,2,200,800,1.6,30,3,0.2,0,0.4884,0,0
4,6,raw,58.8,20.19144714,64.73189801,0.057178148,-1.786965799,40.57417782,2,200,800,1.6,30,3,0.2,0,0.4884,0,0
4,6,raw,59,20.20277255,64.37471269,0.056088444,-1.784896548,40.35029282,2,200,800,1.6,30,3,0.2,0,0.4884,0,0
4,6,raw,59.2,20.21388251,64.01793939,0.055023275,-1.782845287,40.12666608,2,200,800,1.6,30,3,0.2,0,0.4884,0,0
4,6,raw,59.4,20.22478186,63.66157458,0.05398203,-1.780811383,39.90329538,2,200,800,1.6,30,3,0.2,0,0.4884,0,0
4,6,raw,59.6,20.23547533,63.30561484,0.052964102,-1.778794199,39.68017859,2,200,800,1.6,30,3,0.2,0,0.4884,0,0
4,6,raw,59.8,20.2459675,62.9500569,0.051968883,-1.776793102,39.45731364,2,200,800,1.6,30,3,0.2,0,0.4884,0,0
4,6,raw,60,20.25626288,62.5948976,0.050995764,-1.774807456,39.23469856,2,200,800,1.6,30,3,0.2,0,0.4884,0,0
4,6,raw,60.2,20.26636581,62.24013391,0.050044137,-1.772836627,39.01233145,2,200,800,1.6,30,3,0.2,0,0.4884,0,0
4,6,raw,60.4,20.27628053,61.88576295,0.049113394,-1.770879979,38.7902105,2,200,800,1.6,30,3,0.2,0,0.4884,0,0
4,6,raw,60.6,20.28601117,61.53178192,0.048202926,-1.768936877,38.56833397,2,200,800,1.6,30,3,0.2,0,0.4884,0,0
4,6,raw,60.8,20.2955617,61.1781882,0.047312125,-1.767006687,38.3467002,2,200,800,1.6,30,3,0.2,0,0.4884,0,0
4,6,raw,61,20.30493602,60.82497925,0.046440383,-1.765088774,38.12530761,2,200,800,1.6,30,3,0.2,0,0.4884,0,0
4,6,raw,61.2,20.31413786,60.47215269,0.045587091,-1.763182503,37.9041547,2,200,800,1.6,30,3,0.2,0,0.4884,0,0
4,6,raw,61.4,20.32317085,60.11970625,0.044751642,-1.761287238,37.68324005,2,200,800,1.6,30,3,0.2,0,0.4884,0,0
4,6,raw,61.6,20.33203851,59.76763779,0.043933426,-1.759402345,37.46256232,2,200,800,1.6,30,3,0.2,0,0.4884,0,0
4,6,raw,61.8,20.34074422,59.41594531,0.043131836,-1.757527189,37.24212026,2,200,800,1.6,30,3,0.2,0,0.4884,0,0
4,6,raw,62,20.34929125,59.06462692,0.042346263,-1.755661136,37.02191267,2,200,800,1.6,30,3,0.2,0,0.4884,0,0
4,6,raw,62.2,20.35768273,58.71368085,0.041576099,-1.753803549,36.80193846,2,200,800,1.6,30,3,0.2,0,0.4884,0,0
4,6,raw,62.4,20.36592169,58.3631055,0.040820736,-1.751953795,36.58219662,2,200,800,1.6,30,3,0.2,0,0.4884,0,0
4,6,raw,62.6,20.37401102,58.01289934,0.040079565,-1.750111238,36.36268618,2,200,800,1.6,30,3,0.2,0,0.4884,0,0
4,6,raw,62.8,20.38195351,57.663061,0.039351978,-1.748275243,36.1434063,2,200,800,1.6,30,3,0.2,0,0.4884,0,0
4,6,raw,63,20.38975181,57.31358924,0.038637366,-1.746445176,35.92435619,2,200,800,1.6,30,3,0.2,0,0.4884,0,0
4,6,raw,63.2,20.39740846,56.96448293,0.037935122,-1.744620401,35.70553515,2,200,800,1.6,30,3,0.2,0,0.4884,0,0
4,6,raw,63.4,20.40492586,56.61574108,0.037244638,-1.742800284,35.48694255,2,200,800,1.6,30,3,0.2,0,0.4884,0,0
4,6,raw,63.6,20.41230632,56.26736282,0.036565304,-1.74098419,35.26857785,2,200,800,1.6,30,3,0.2,0,0.4884,0,0
4,6,raw,63.8,20.41955198,55.9193474,0.035896512,-1.739171483,35.05044058,2,200,800,1.6,30,3,0.2,0,0.4884,0,0
4,6,raw,64,20.42666492,55.57169422,0.035237655,-1.73736153,34.83253036,2,200,800,1.6,30,3,0.2,0,0.4884,0,0
4,6,raw,64.2,20.43364705,55.22440279,0.034588123,-1.735553694,34.61484689,2,200,800,1.6,30,3,0.2,0,0.4884,0,0
4,6,raw,64.4,20.44050017,54.87747275,0.033947309,-1.733747341,34.39738994,2,200,800,1.6,30,3,0.2,0,0.4884,0,0
4,6,raw,64.6,20.44722597,54.53090385,0.033314605,-1.731941837,34.18015936,2,200,800,1.6,30,3,0.2,0,0.4884,0,0
4,6,raw,64.8,20.45382601,54.18469601,0.032689401,-1.730136545,33.96315508,2,200,800,1.6,30,3,0.2,0,0.4884,0,0
4,6,raw,65,20.46030173,53.83884924,0.03207109,-1.728330832,33.74637713,2,200,800,1.6,30,3,0.2,0,0.4884,0,0
4,6,raw,65.2,20.46665445,53.49336368,0.031459063,-1.726524062,33.52982558,2,200,800,1.6,30,3,0.2,0,0.4884,0,0
4,6,raw,65.4,20.47288536,53.14823961,0.030852712,-1.7247156,33.31350062,2,200,800,1.6,30,3,0.2,0,0.4884,0,0
4,6,raw,65.6,20.47899553,52.80347744,0.03025143,-1.722904812,33.0974025,2,200,800,1.6,30,3,0.2,0,0.4884,0,0
4,6,raw,65.8,20.48498593,52.45907769,0.029654606,-1.721091062,32.88153154,2,200,800,1.6,30,3,0.2,0,0.4884,0,0
4,6,raw,66,20.49085737,52.11504101,0.029061634,-1.719273717,32.66588816,2,200,800,1.6,30,3,0.2,0,0.4884,0,0
4,6,raw,66.2,20.49661058,51.7713682,0.028471904,-1.717452139,32.45047285,2,200,800,1.6,30,3,0.2,0,0.4884,0,0
4,6,raw,66.4,20.50224614,51.42806016,0.027884809,-1.715625696,32.23528618,2,200,800,1.6,30,3,0.2,0,0.4884,0,0
4,6,raw,66.6,20.5077645,51.08511792,0.02729974,-1.713793751,32.0203288,2,200,800,1.6,30,3,0.2,0,0.4884,0,0
4,6,raw,66.8,20.51316603,50.74254266,0.026737837,-1.711991949,31.80560144,2,200,800,1.6,30,3,0.2,0,0.4884,0,0
4,6,raw,67,20.51845964,50.40032114,0.026236359,-1.710283106,31.59109581,2,200,800,1.6,30,3,0.2,0,0.4884,0,0
4,6,raw,67.2,20.52366058,50.05842941,0.025777162,-1.708637706,31.37679689,2,200,800,1.6,30,3,0.2,0,0.4884,0,0
4,6,raw,67.4,20.5287705,49.71686606,0.025325733,-1.706998495,31.1627038,2,200,800,1.6,30,3,0.2,0,0.4884,0,0
4,6,raw,67.6,20.53379087,49.37563002,0.024881479,-1.705364564,30.94881586,2,200,800,1.6,30,3,0.2,0,0.4884,0,0
4,6,raw,67.8,20.5387231,49.03472023,0.024444329,-1.703735866,30.73513243,2,200,800,1.6,30,3,0.2,0,0.4884,0,0
4,6,raw,68,20.5435686,48.69413567,0.024014211,-1.702112353,30.52165285,2,200,800,1.6,30,3,0.2,0,0.4884,0,0
4,6,raw,68.2,20.54832878,48.35387529,0.02359105,-1.700493979,30.30837647,2,200,800,1.6,30,3,0.2,0,0.4884,0,0
4,6,raw,68.4,20.55300502,48.01393808,0.023174776,-1.698880695,30.09530264,2,200,800,1.6,30,3,0.2,0,0.4884,0,0
4,6,raw,68.6,20.55759869,47.67432301,0.022765315,-1.697272456,29.88243075,2,200,800,1.6,30,3,0.2,0,0.4884,0,0
4,6,raw,68.8,20.56211115,47.3350291,0.022362595,-1.695669213,29.66976014,2,200,800,1.6,30,3,0.2,0,0.4884,0,0
4,6,raw,69,20.56654373,46.99605533,0.021966544,-1.694070919,29.45729021,2,200,800,1.6,30,3,0.2,0,0.4884,0,0
4,6,raw,69.2,20.57089776,46.65740073,0.021577088,-1.692477528,29.24502033,2,200,800,1.6,30,3,0.2,0,0.4884,0,0
4,6,raw,69.4,20.57517456,46.31906432,0.021194156,-1.690888992,29.0329499,2,200,800,1.6,30,3,0.2,0,0.4884,0,0
4,6,raw,69.6,20.57937543,45.98104513,0.020817674,-1.689305264,28.8210783,2,200,800,1.6,30,3,0.2,0,0.4884,0,0
4,6,raw,69.8,20.58350163,45.64334221,0.02044757,-1.687726297,28.60940495,2,200,800,1.6,30,3,0.2,0,0.4884,0,0
4,6,raw,70,20.58755445,45.30595461,0.020083772,-1.686152043,28.39792923,2,200,800,1.6,30,3,0.2,0,0.4884,0,0
4,6,raw,70.2,20.59153514,44.9688814,0.019726208,-1.684582455,28.18665057,2,200,800,1.6,30,3,0.2,0,0.4884,0,0
4,6,raw,70.4,20.59544494,44.63212163,0.019374803,-1.683017486,27.97556838,2,200,800,1.6,30,3,0.2,0,0.4884,0,0
4,6,raw,70.6,20.59928506,44.2956744,0.019029487,-1.68145709,27.76468209,2,200,800,1.6,30,3,0.2,0,0.4884,0,0
4,6,raw,70.8,20.60305673,43.9595388,0.018690186,-1.679901218,27.55399113,2,200,800,1.6,30,3,0.2,0,0.4884,0,0
4,6,raw,71,20.60676114,43.62371391,0.018356828,-1.678349823,27.34349493,2,200,800,1.6,30,3,0.2,0,0.4884,0,0
4,6,raw,71.2,20.61039946,43.28819887,0.018029341,-1.676802859,27.13319294,2,200,800,1.6,30,3,0.2,0,0.4884,0,0
4,6,raw,71.4,20.61397287,42.95299277,0.017707651,-1.675260278,26.9230846,2,200,800,1.6,30,3,0.2,0,0.4884,0,0
4,6,raw,71.6,20.61748252,42.61809475,0.017391686,-1.673722033,26.71316936,2,200,800,1.6,30,3,0.2,0,0.4884,0,0
4,6,raw,71.8,20.62092955,42.28350396,0.017081375,-1.672188077,26.50344669,2,200,800,1.6,30,3,0.2,0,0.4884,0,0
4,6,raw,72,20.62431507,41.94921952,0.016776643,-1.670658362,26.29391605,2,200,800,1.6,30,3,0.2,0,0.4884,0,0
4,6,raw,72.2,20.62764021,41.61524061,0.016477419,-1.669132842,26.08457691,2,200,800,1.6,30,3,0.2,0,0.4884,0,0
4,6,raw,72.4,20.63090604,41.28156639,0.01618363,-1.667611469,25.87542875,2,200,800,1.6,30,3,0.2,0,0.4884,0,0
4,6,raw,72.6,20.63411366,40.94819602,0.015895204,-1.666094196,25.66647106,2,200,800,1.6,30,3,0.2,0,0.4884,0,0
4,6,raw,72.8,20.63726412,40.61512871,0.015612068,-1.664580976,25.45770331,2,200,800,1.6,30,3,0.2,0,0.4884,0,0
4,6,raw,73,20.64035849,40.28236363,0.015334149,-1.663071761,25.24912501,2,200,800,1.6,30,3,0.2,0,0.4884,0,0
4,6,raw,73.2,20.64339778,39.9499,0.015061375,-1.661566505,25.04073566,2,200,800,1.6,30,3,0.2,0,0.4884,0,0
4,6,raw,73.4,20.64638304,39.61773703,0.014793674,-1.66006516,24.83253475,2,200,800,1.6,30,3,0.2,0,0.4884,0,0
4,6,raw,73.6,20.64931525,39.28587394,0.014530972,-1.658567678,24.62452182,2,200,800,1.6,30,3,0.2,0,0.4884,0,0
4,6,raw,73.8,20.65219543,38.95430996,0.014273198,-1.657074014,24.41669637,2,200,800,1.6,30,3,0.2,0,0.4884,0,0
4,6,raw,74,20.65502453,38.62304433,0.014020278,-1.655584119,24.20905793,2,200,800,1.6,30,3,0.2,0,0.4884,0,0
4,6,raw,74.2,20.65780354,38.29207631,0.013772141,-1.654097947,24.00160603,2,200,800,1.6,30,3,0.2,0,0.4884,0,0
4,6,raw,74.4,20.66053339,37.96140516,0.013528713,-1.65261545,23.7943402,2,200,800,1.6,30,3,0.2,0,0.4884,0,0
4,6,raw,74.6,20.66321502,37.63103013,0.013289922,-1.651136581,23.58725999,2,200,800,1.6,30,3,0.2,0,0.4884,0,0
4,6,raw,74.8,20.66584936,37.30095052,0.013055696,-1.649661293,23.38036495,2,200,800,1.6,30,3,0.2,0,0.4884,0,0
4,6,raw,75,20.6684373,36.97116562,0.012825962,-1.648189539,23.17365463,2,200,800,1.6,30,3,0.2,0,0.4884,0,0
4,6,raw,75.2,20.67097974,36.64167471,0.012600647,-1.646721271,22.96712858,2,200,800,1.6,30,3,0.2,0,0.4884,0,0
4,6,raw,75.4,20.67347756,36.31247711,0.012379679,-1.645256442,22.76078639,2,200,800,1.6,30,3,0.2,0,0.4884,0,0
4,6,raw,75.6,20.67593161,35.98357213,0.012162986,-1.643795006,22.55462761,2,200,800,1.6,30,3,0.2,0,0.4884,0,0
4,6,raw,75.8,20.67834275,35.6549591,0.011950495,-1.642336914,22.34865183,2,200,800,1.6,30,3,0.2,0,0.4884,0,0
4,6,raw,76,20.68071181,35.32663737,0.011742132,-1.64088212,22.14285862,2,200,800,1.6,30,3,0.2,0,0.4884,0,0
4,6,raw,76.2,20.68303961,34.99860626,0.011537827,-1.639430576,21.93724759,2,200,800,1.6,30,3,0.2,0,0.4884,0,0
4,6,raw,76.4,20.68532694,34.67086513,0.011337506,-1.637982236,21.73181832,2,200,800,1.6,30,3,0.2,0,0.4884,0,0
4,6,raw,76.6,20.68757461,34.34341336,0.011141096,-1.636537052,21.52657041,2,200,800,1.6,30,3,0.2,0,0.4884,0,0
4,6,raw,76.8,20.68978338,34.01625031,0.010948526,-1.635094977,21.32150348,2,200,800,1.6,30,3,0.2,0,0.4884,0,0
4,6,raw,77,20.69195402,33.68937537,0.010759722,-1.633655964,21.11661714,2,200,800,1.6,30,3,0.2,0,0.4884,0,0
4,6,raw,77.2,20.69408727,33.36278793,0.010574612,-1.632219965,20.911911,2,200,800,1.6,30,3,0.2,0,0.4884,0,0
4,6,raw,77.4,20.69618386,33.03648739,0.010393123,-1.630786933,20.70738469,2,200,800,1.6,30,3,0.2,0,0.4884,0,0
4,6,raw,77.6,20.69824452,32.71047316,0.010215184,-1.629356822,20.50303784,2,200,800,1.6,30,3,0.2,0,0.4884,0,0
4,6,raw,77.8,20.70026994,32.38474466,0.010040721,-1.627929583,20.29887009,2,200,800,1.6,30,3,0.2,0,0.4884,0,0
4,6,raw,78,20.70226081,32.05930132,0.009869661,-1.62650517,20.09488108,2,200,800,1.6,30,3,0.2,0,0.4884,0,0
4,6,raw,78.2,20.7042178,31.73414259,0.009701933,-1.625083536,19.89107046,2,200,800,1.6,30,3,0.2,0,0.4884,0,0
4,6,raw,78.4,20.70614158,31.40926791,0.009537464,-1.623664633,19.68743788,2,200,800,1.6,30,3,0.2,0,0.4884,0,0
4,6,raw,78.6,20.70803279,31.08467674,0.009376181,-1.622248415,19.48398301,2,200,800,1.6,30,3,0.2,0,0.4884,0,0
4,6,raw,78.8,20.70989205,30.76036854,0.009218012,-1.620834833,19.28070551,2,200,800,1.6,30,3,0.2,0,0.4884,0,0
4,6,raw,79,20.71171999,30.4363428,0.009062884,-1.619423841,19.07760506,2,200,800,1.6,30,3,0.2,0,0.4884,0,0
4,6,raw,79.2,20.71351721,30.11259901,0.008910724,-1.618015392,18.87468133,2,200,800,1.6,30,3,0.2,0,0.4884,0,0
4,6,raw,79.4,20.71528428,29.78913665,0.00876146,-1.616609438,18.671934,2,200,800,1.6,30,3,0.2,0,0.4884,0,0
4,6,raw,79.6,20.71702179,29.46595523,0.00861502,-1.615205932,18.46936277,2,200,800,1.6,30,3,0.2,0,0.4884,0,0
4,6,raw,79.8,20.71873029,29.14305427,0.008471331,-1.613804828,18.26696733,2,200,800,1.6,30,3,0.2,0,0.4884,0,0
4,6,raw,80,20.72041032,28.8204333,0.00833032,-1.612406077,18.06474739,2,200,800,1.6,30,3,0.2,0,0.4884,0,0
4,6,raw,80.2,20.72206242,28.49809184,0.008191915,-1.611009633,17.86270265,2,200,800,1.6,30,3,0.2,0,0.4884,0,0
4,6,raw,80.4,20.72368709,28.17602945,0.008056044,-1.609615448,17.66083282,2,200,800,1.6,30,3,0.2,0,0.4884,0,0
4,6,raw,80.6,20.72528483,27.85424566,0.007922633,-1.608223475,17.45913763,2,200,800,1.6,30,3,0.2,0,0.4884,0,0
4,6,raw,80.8,20.72685614,27.53274006,0.00779161,-1.606833668,17.2576168,2,200,800,1.6,30,3,0.2,0,0.4884,0,0
4,6,raw,81,20.72840148,27.2115122,0.007662903,-1.605445978,17.05627007,2,200,800,1.6,30,3,0.2,0,0.4884,0,0
4,6,raw,81.2,20.7299213,26.89056166,0.007536439,-1.604060359,16.85509716,2,200,800,1.6,30,3,0.2,0,0.4884,0,0
4,6,raw,81.4,20.73141605,26.56988805,0.007412146,-1.602676764,16.65409783,2,200,800,1.6,30,3,0.2,0,0.4884,0,0
4,6,raw,81.6,20.73288616,26.24949096,0.007289951,-1.601295144,16.45327183,2,200,800,1.6,30,3,0.2,0,0.4884,0,0
4,6,raw,81.8,20.73433203,25.92936999,0.007169781,-1.599915454,16.2526189,2,200,800,1.6,30,3,0.2,0,0.4884,0,0
4,6,raw,82,20.73575407,25.60952478,0.007051564,-1.598537646,16.05213881,2,200,800,1.6,30,3,0.2,0,0.4884,0,0
4,6,raw,82.2,20.73715266,25.28995494,0.006935228,-1.597161672,15.85183132,2,200,800,1.6,30,3,0.2,0,0.4884,0,0
4,6,raw,82.4,20.73852816,24.97066011,0.006820699,-1.595787486,15.65169622,2,200,800,1.6,30,3,0.2,0,0.4884,0,0
4,6,raw,82.6,20.73988094,24.65163994,0.006707906,-1.59441504,15.45173328,2,200,800,1.6,30,3,0.2,0,0.4884,0,0
4,6,raw,82.8,20.74121133,24.33289409,0.006596775,-1.593044288,15.25194227,2,200,800,1.6,30,3,0.2,0,0.4884,0,0
4,6,raw,83,20.74251965,24.01442223,0.006487235,-1.591675181,15.05232301,2,200,800,1.6,30,3,0.2,0,0.4884,0,0
4,6,raw,83.2,20.74380622,23.69622402,0.006379213,-1.590307673,14.85287527,2,200,800,1.6,30,3,0.2,0,0.4884,0,0
4,6,raw,83.4,20.74507134,23.37829916,0.006272635,-1.588941716,14.65359886,2,200,800,1.6,30,3,0.2,0,0.4884,0,0
4,6,raw,83.6,20.74631527,23.06064733,0.00616743,-1.587577264,14.4544936,2,200,800,1.6,30,3,0.2,0,0.4884,0,0
4,6,raw,83.8,20.74753831,22.74326825,0.006063526,-1.586214269,14.25555929,2,200,800,1.6,30,3,0.2,0,0.4884,0,0
4,6,raw,84,20.74874069,22.42616163,0.005960848,-1.584852684,14.05679576,2,200,800,1.6,30,3,0.2,0,0.4884,0,0
4,6,raw,84.2,20.74992265,22.10932718,0.005859326,-1.583492461,13.85820283,2,200,800,1.6,30,3,0.2,0,0.4884,0,0
4,6,raw,84.4,20.75108442,21.79276464,0.005758886,-1.582133555,13.65978034,2,200,800,1.6,30,3,0.2,0,0.4884,0,0
4,6,raw,84.6,20.7522262,21.47647376,0.005659456,-1.580775916,13.46152812,2,200,800,1.6,30,3,0.2,0,0.4884,0,0
4,6,raw,84.8,20.7533482,21.16045428,0.005560963,-1.579419499,13.26344601,2,200,800,1.6,30,3,0.2,0,0.4884,0,0
4,6,raw,85,20.75445059,20.84470596,0.005463335,-1.578064256,13.06553387,2,200,800,1.6,30,3,0.2,0,0.4884,0,0
4,6,raw,85.2,20.75553353,20.52922857,0.0053665,-1.576710139,12.86779156,2,200,800,1.6,30,3,0.2,0,0.4884,0,0
4,6,raw,85.4,20.75659719,20.2140219,0.005270384,-1.575357102,12.67021892,2,200,800,1.6,30,3,0.2,0,0.4884,0,0
4,6,raw,85.6,20.75764169,19.89908573,0.005174915,-1.574005098,12.47281584,2,200,800,1.6,30,3,0.2,0,0.4884,0,0
4,6,raw,85.8,20.75866715,19.58441986,0.00508002,-1.572654078,12.27558218,2,200,800,1.6,30,3,0.2,0,0.4884,0,0
4,6,raw,86,20.75967369,19.2700241,0.004985628,-1.571303997,12.07851783,2,200,800,1.6,30,3,0.2,0,0.4884,0,0
4,6,raw,86.2,20.7606614,18.95589826,0.004891666,-1.569954806,11.88162267,2,200,800,1.6,30,3,0.2,0,0.4884,0,0
4,6,raw,86.4,20.76163036,18.64204218,0.00479806,-1.56860646,11.68489659,2,200,800,1.6,30,3,0.2,0,0.4884,0,0
4,6,raw,86.6,20.76258063,18.32845568,0.004704738,-1.567258909,11.48833949,2,200,800,1.6,30,3,0.2,0,0.4884,0,0
4,6,raw,86.8,20.76351226,18.01513861,0.004611629,-1.565912108,11.29195126,2,200,800,1.6,30,3,0.2,0,0.4884,0,0
4,6,raw,87,20.76442528,17.70209084,0.004518659,-1.564566009,11.09573183,2,200,800,1.6,30,3,0.2,0,0.4884,0,0
4,6,raw,87.2,20.76531972,17.38931221,0.004425755,-1.563220564,10.89968111,2,200,800,1.6,30,3,0.2,0,0.4884,0,0
4,6,raw,87.4,20.76619558,17.07680261,0.004332846,-1.561875728,10.70379901,2,200,800,1.6,30,3,0.2,0,0.4884,0,0
4,6,raw,87.6,20.76705286,16.76456192,0.004239859,-1.560531452,10.50808546,2,200,800,1.6,30,3,0.2,0,0.4884,0,0
4,6,raw,87.8,20.76789152,16.45259003,0.004146721,-1.559187689,10.3125404,2,200,800,1.6,30,3,0.2,0,0.4884,0,0
4,6,raw,88,20.76871155,16.14088684,0.004053359,-1.557844392,10.11716376,2,200,800,1.6,30,3,0.2,0,0.4884,0,0
4,6,raw,88.2,20.76951287,15.82945227,0.003959701,-1.556501514,9.921955497,2,200,800,1.6,30,3,0.2,0,0.4884,0,0
4,6,raw,88.4,20.77029543,15.51828624,0.003865675,-1.555159007,9.726915549,2,200,800,1.6,30,3,0.2,0,0.4884,0,0
4,6,raw,88.6,20.77105914,15.20738867,0.003771208,-1.553816826,9.532043877,2,200,800,1.6,30,3,0.2,0,0.4884,0,0
4,6,raw,88.8,20.77180391,14.89675951,0.003676228,-1.552474921,9.337340443,2,200,800,1.6,30,3,0.2,0,0.4884,0,0
4,6,raw,89,20.77252963,14.5863987,0.003580661,-1.551133247,9.142805214,2,200,800,1.6,30,3,0.2,0,0.4884,0,0
4,6,raw,89.2,20.77323617,14.27630621,0.003484435,-1.549791755,8.948438167,2,200,800,1.6,30,3,0.2,0,0.4884,0,0
4,6,raw,89.4,20.7739234,13.966482,0.003387479,-1.548450399,8.754239279,2,200,800,1.6,30,3,0.2,0,0.4884,0,0
4,6,raw,89.6,20.77459117,13.65692605,0.003289718,-1.547109132,8.560208538,2,200,800,1.6,30,3,0.2,0,0.4884,0,0
4,6,raw,89.8,20.77523929,13.34763835,0.003191081,-1.545767906,8.366345935,2,200,800,1.6,30,3,0.2,0,0.4884,0,0
4,6,raw,90,20.7758676,13.03861889,0.003091496,-1.544426674,8.172651467,2,200,800,1.6,30,3,0.2,0,0.4884,0,0
4,6,raw,90.2,20.77647589,12.72986768,0.002990889,-1.54308539,7.97912514,2,200,800,1.6,30,3,0.2,0,0.4884,0,0
4,6,raw,90.4,20.77706395,12.42138473,0.002889188,-1.541744005,7.785766961,2,200,800,1.6,30,3,0.2,0,0.4884,0,0
4,6,raw,90.6,20.77763156,12.11317008,0.002786321,-1.540402472,7.592576947,2,200,800,1.6,30,3,0.2,0,0.4884,0,0
4,6,raw,90.8,20.77817848,11.80522374,0.00268253,-1.539060883,7.39955512,2,200,800,1.6,30,3,0.2,0,0.4884,0,0
4,6,raw,91,20.77870458,11.49754572,0.002587907,-1.537723654,7.206701471,2,200,800,1.6,30,3,0.2,0,0.4884,0,0
4,6,raw,91.2,20.77921364,11.19013428,0.002507689,-1.53639315,7.014014915,2,200,800,1.6,30,3,0.2,0,0.4884,0,0
4,6,raw,91.4,20.77970765,10.88298846,0.002432683,-1.535065416,6.821494853,2,200,800,1.6,30,3,0.2,0,0.4884,0,0
4,6,raw,91.6,20.78018672,10.57610812,0.002358258,-1.533738433,6.629141188,2,200,800,1.6,30,3,0.2,0,0.4884,0,0
4,6,raw,91.8,20.78065096,10.26949309,0.002284401,-1.532412182,6.436953828,2,200,800,1.6,30,3,0.2,0,0.4884,0,0
4,6,raw,92,20.78110048,9.963143242,0.002211094,-1.53108665,6.244932683,2,200,800,1.6,30,3,0.2,0,0.4884,0,0
4,6,raw,92.2,20.78153539,9.65705843,0.002138322,-1.52976182,6.053077663,2,200,800,1.6,30,3,0.2,0,0.4884,0,0
4,6,raw,92.4,20.78195581,9.351238514,0.002066071,-1.528437676,5.861388681,2,200,800,1.6,30,3,0.2,0,0.4884,0,0
4,6,raw,92.6,20.78236182,9.04568336,0.001994323,-1.527114202,5.669865652,2,200,800,1.6,30,3,0.2,0,0.4884,0,0
4,6,raw,92.8,20.78275354,8.740392834,0.001923063,-1.525791382,5.478508493,2,200,800,1.6,30,3,0.2,0,0.4884,0,0
4,6,raw,93,20.78313105,8.435366807,0.001852277,-1.524469201,5.287317123,2,200,800,1.6,30,3,0.2,0,0.4884,0,0
4,6,raw,93.2,20.78349445,8.130605153,0.001781947,-1.523147643,5.096291463,2,200,800,1.6,30,3,0.2,0,0.4884,0,0
4,6,raw,93.4,20.78384383,7.82610775,0.001712059,-1.521826692,4.905431437,2,200,800,1.6,30,3,0.2,0,0.4884,0,0
4,6,raw,93.6,20.78417927,7.521874476,0.001642597,-1.520506332,4.714736967,2,200,800,1.6,30,3,0.2,0,0.4884,0,0
4,6,raw,93.8,20.78450086,7.217905217,0.001573546,-1.519186547,4.524207983,2,200,800,1.6,30,3,0.2,0,0.4884,0,0
4,6,raw,94,20.78480869,6.914199858,0.001504889,-1.517867321,4.333844412,2,200,800,1.6,30,3,0.2,0,0.4884,0,0
4,6,raw,94.2,20.78510282,6.610758289,0.001436611,-1.516548639,4.143646186,2,200,800,1.6,30,3,0.2,0,0.4884,0,0
4,6,raw,94.4,20.78538333,6.307580402,0.001368696,-1.515230484,3.953613237,2,200,800,1.6,30,3,0.2,0,0.4884,0,0
4,6,raw,94.6,20.7856503,6.004666095,0.00130113,-1.513912841,3.7637455,2,200,800,1.6,30,3,0.2,0,0.4884,0,0
4,6,raw,94.8,20.78590379,5.702015266,0.001233896,-1.512595694,3.574042913,2,200,800,1.6,30,3,0.2,0,0.4884,0,0
4,6,raw,95,20.78614386,5.399627817,0.001166978,-1.511279027,3.384505413,2,200,800,1.6,30,3,0.2,0,0.4884,0,0
4,6,raw,95.2,20.78637058,5.097503655,0.001100361,-1.509962824,3.195132942,2,200,800,1.6,30,3,0.2,0,0.4884,0,0
4,6,raw,95.4,20.786584,4.795642688,0.00103403,-1.50864707,3.005925442,2,200,800,1.6,30,3,0.2,0,0.4884,0,0
4,6,raw,95.6,20.78678419,4.494044827,0.000967969,-1.507331748,2.816882859,2,200,800,1.6,30,3,0.2,0,0.4884,0,0
4,6,raw,95.8,20.78697119,4.192709988,0.000902162,-1.506016843,2.628005139,2,200,800,1.6,30,3,0.2,0,0.4884,0,0
4,6,raw,96,20.78714505,3.89163809,0.000836593,-1.504702339,2.43929223,2,200,800,1.6,30,3,0.2,0,0.4884,0,0
4,6,raw,96.2,20.78730583,3.590829053,0.000803866,-1.504045185,2.250744084,2,200,800,1.6,30,3,0.2,0,0.4884,0,0
5,1,pure,0,8.753541076,21.50141643,0.296276216,-1.066756728,4.003358964,1.5,150,550,1.5,30,3.5,0.125,0,0.2442,0,0
5,1,pure,0.2,8.812796319,21.28806508,0.298116036,-1.073098121,3.963634975,1.5,150,550,1.5,30,3.5,0.125,0,0.2442,0,0
5,1,pure,0.4,8.87278749,21.07217718,0.301839987,-1.085929669,3.923438704,1.5,150,550,1.5,30,3.5,0.125,0,0.2442,0,0
5,1,pure,0.6,8.933532314,20.85369322,0.305654197,-1.099064179,3.88275907,1.5,150,550,1.5,30,3.5,0.125,0,0.2442,0,0
5,1,pure,0.8,8.995049169,20.63255151,0.309562512,-1.11251442,3.841584591,1.5,150,550,1.5,30,3.5,0.125,0,0.2442,0,0
5,1,pure,1,9.057357319,20.40868745,0.313569357,-1.12629506,3.799903234,1.5,150,550,1.5,30,3.5,0.125,0,0.2442,0,0
5,1,pure,1.2,9.120476912,20.18203349,0.317679153,-1.140420763,3.757702425,1.5,150,550,1.5,30,3.5,0.125,0,0.2442,0,0
5,1,pure,1.4,9.18442898,19.95251914,0.321896323,-1.154906196,3.714969041,1.5,150,550,1.5,30,3.5,0.125,0,0.2442,0,0
5,1,pure,1.6,9.249235441,19.72007101,0.32622529,-1.169766025,3.671689411,1.5,150,550,1.5,30,3.5,0.125,0,0.2442,0,0
5,1,pure,1.8,9.314919096,19.48461273,0.330670477,-1.185014916,3.627849323,1.5,150,550,1.5,30,3.5,0.125,0,0.2442,0,0
5,1,pure,2,9.381503632,19.24606504,0.335633383,-1.201969614,3.583434015,1.5,150,550,1.5,30,3.5,0.125,0,0.2442,0,0
5,1,pure,2.2,9.449172449,19.00382489,0.342339653,-1.224649308,3.538331205,1.5,150,550,1.5,30,3.5,0.125,0,0.2442,0,0
5,1,pure,2.4,9.518439493,18.75620532,0.350136224,-1.250912573,3.4922268,1.5,150,550,1.5,30,3.5,0.125,0,0.2442,0,0
5,1,pure,2.6,9.589226939,18.50345986,0.357445037,-1.275584898,3.445168002,1.5,150,550,1.5,30,3.5,0.125,0,0.2442,0,0
5,1,pure,2.8,9.661417508,18.24597136,0.36420133,-1.298454226,3.397226096,1.5,150,550,1.5,30,3.5,0.125,0,0.2442,0,0
5,1,pure,3,9.734907471,17.98407817,0.370472859,-1.319743051,3.348464078,1.5,150,550,1.5,30,3.5,0.125,0,0.2442,0,0
5,1,pure,3.2,9.809606651,17.71807414,0.376327381,-1.339673872,3.298936661,1.5,150,550,1.5,30,3.5,0.125,0,0.2442,0,0
5,1,pure,3.4,9.885438423,17.44820862,0.381832653,-1.358469182,3.248690272,1.5,150,550,1.5,30,3.5,0.125,0,0.2442,0,0
5,1,pure,3.6,9.962339713,17.17468647,0.387056432,-1.376351479,3.197763051,1.5,150,550,1.5,30,3.5,0.125,0,0.2442,0,0
5,1,pure,3.8,10.040261,16.89766803,0.392066474,-1.393543259,3.146184857,1.5,150,550,1.5,30,3.5,0.125,0,0.2442,0,0
5,1,pure,4,10.1191663,16.61726916,0.396930537,-1.410267018,3.093977258,1.5,150,550,1.5,30,3.5,0.125,0,0.2442,0,0
5,1,pure,4.2,10.19903321,16.33356122,0.401716376,-1.426745252,3.041153542,1.5,150,550,1.5,30,3.5,0.125,0,0.2442,0,0
5,1,pure,4.4,10.27985285,16.04657106,0.406491749,-1.443200457,2.987718707,1.5,150,550,1.5,30,3.5,0.125,0,0.2442,0,0
5,1,pure,4.6,10.36162991,15.75628104,0.411324412,-1.459855129,2.93366947,1.5,150,550,1.5,30,3.5,0.125,0,0.2442,0,0
5,1,pure,4.8,10.44438262,15.46262901,0.416282123,-1.476931764,2.878994258,1.5,150,550,1.5,30,3.5,0.125,0,0.2442,0,0
5,1,pure,5,10.52814276,15.16550833,0.421432638,-1.494652859,2.823673218,1.5,150,550,1.5,30,3.5,0.125,0,0.2442,0,0
5,1,pure,5.2,10.61295567,14.86476787,0.426843714,-1.51324091,2.767678207,1.5,150,550,1.5,30,3.5,0.125,0,0.2442,0,0
5,1,pure,5.4,10.69888025,14.56021197,0.432583107,-1.532918412,2.7109728,1.5,150,550,1.5,30,3.5,0.125,0,0.2442,0,0
5,1,pure,5.6,10.78598892,14.2516005,0.438718575,-1.553907862,2.653512284,1.5,150,550,1.5,30,3.5,0.125,0,0.2442,0,0
5,1,pure,5.8,10.87436768,13.93864882,0.445317874,-1.576431756,2.595243662,1.5,150,550,1.5,30,3.5,0.125,0,0.2442,0,0
5,1,pure,6,10.96411607,13.6210278,0.45244876,-1.60071259,2.536105652,1.5,150,550,1.5,30,3.5,0.125,0,0.2442,0,0
5,1,pure,6.2,11.05534718,13.29836379,0.460178992,-1.62697286,2.476028686,1.5,150,550,1.5,30,3.5,0.125,0,0.2442,0,0
5,1,pure,6.4,11.14818766,12.97023865,0.468576325,-1.655435063,2.414934911,1.5,150,550,1.5,30,3.5,0.125,0,0.2442,0,0
5,1,pure,6.6,11.24277771,12.63618976,0.477708516,-1.686321694,2.352738189,1.5,150,550,1.5,30,3.5,0.125,0,0.2442,0,0
5,1,pure,6.8,11.33927107,12.29570998,0.487643322,-1.71985525,2.289344096,1.5,150,550,1.5,30,3.5,0.125,0,0.2442,0,0
5,1,pure,7,11.43783504,11.94824766,0.4984485,-1.756258226,2.224649922,1.5,150,550,1.5,30,3.5,0.125,0,0.2442,0,0
5,1,pure,7.2,11.53865047,11.59320669,0.510191806,-1.795753119,2.158544674,1.5,150,550,1.5,30,3.5,0.125,0,0.2442,0,0
5,1,pure,7.4,11.64191176,11.22994642,0.522940998,-1.838562425,2.090909071,1.5,150,550,1.5,30,3.5,0.125,0,0.2442,0,0
5,1,pure,7.6,11.74782687,10.85778172,0.536763832,-1.88490864,2.021615548,1.5,150,550,1.5,30,3.5,0.125,0,0.2442,0,0
5,1,pure,7.8,11.85661729,10.47598296,0.551728065,-1.935014261,1.950528256,1.5,150,550,1.5,30,3.5,0.125,0,0.2442,0,0
5,1,pure,8,11.96851809,10.08377601,0.567901453,-1.989101783,1.877503058,1.5,150,550,1.5,30,3.5,0.125,0,0.2442,0,0
5,1,pure,8.2,12.08377787,9.680342246,0.585351754,-2.047393702,1.802387533,1.5,150,550,1.5,30,3.5,0.125,0,0.2442,0,0
5,1,pure,8.4,12.20265879,9.264818532,0.604146724,-2.110112515,1.725020974,1.5,150,550,1.5,30,3.5,0.125,0,0.2442,0,0
5,1,pure,8.6,12.32543656,8.83629724,0.62435412,-2.177480717,1.645234391,1.5,150,550,1.5,30,3.5,0.125,0,0.2442,0,0
5,1,pure,8.8,12.45240044,8.393826245,0.646041699,-2.249720805,1.562850506,1.5,150,550,1.5,30,3.5,0.125,0,0.2442,0,0
5,1,pure,9,12.58385324,7.936408918,0.669277217,-2.327055275,1.477683756,1.5,150,550,1.5,30,3.5,0.125,0,0.2442,0,0
5,1,pure,9.2,12.72011133,7.463004135,0.694128432,-2.409706624,1.389540294,1.5,150,550,1.5,30,3.5,0.125,0,0.2442,0,0
5,1,pure,9.4,12.86150462,6.972526269,0.720663099,-2.497897346,1.298217986,1.5,150,550,1.5,30,3.5,0.125,0,0.2442,0,0
5,1,pure,9.6,13.00837657,6.463845196,0.748948977,-2.591849939,1.203506415,1.5,150,550,1.5,30,3.5,0.125,0,0.2442,0,0
5,1,pure,9.8,13.16108421,5.935786294,0.779053821,-2.691786898,1.105186877,1.5,150,550,1.5,30,3.5,0.125,0,0.2442,0,0
5,1,pure,10,13.3199981,5.387130437,0.811045388,-2.797930719,1.003032381,1.5,150,550,1.5,30,3.5,0.125,0,0.2442,0,0
5,1,pure,10.2,13.48550236,4.816614006,0.844991436,-2.9105039,0.896807655,1.5,150,550,1.5,30,3.5,0.125,0,0.2442,0,0
5,1,pure,10.4,13.65799467,4.222928877,0.880959721,-3.029728935,0.786269139,1.5,150,550,1.5,30,3.5,0.125,0,0.2442,0,0
5,1,pure,10.6,13.83788625,3.604722432,0.919017999,-3.155828321,0.671164986,1.5,150,550,1.5,30,3.5,0.125,0,0.2442,0,0
5,1,pure,10.8,14.02560187,2.960597549,0.959234028,-3.289024554,0.551235067,1.5,150,550,1.5,30,3.5,0.125,0,0.2442,0,0
5,1,pure,11,14.22157986,2.28911261,0.979889949,-3.357424694,0.426210967,1.5,150,550,1.5,30,3.5,0.125,0,0.2442,0,0
5,2,raw,0,11.13314448,23.96600567,0.231621997,-1.439061774,4.462242008,1.5,150,550,1.5,30,3.5,0.125,0,0.2442,0,0
5,2,raw,0.2,11.17946888,23.67819332,0.233470491,-1.443529368,4.408654089,1.5,150,550,1.5,30,3.5,0.125,0,0.2442,0,0
5,2,raw,0.4,11.22653268,23.38859392,0.237228057,-1.452569185,4.35473344,1.5,150,550,1.5,30,3.5,0.125,0,0.2442,0,0
5,2,raw,0.6,11.2743601,23.09716564,0.241109684,-1.461822638,4.300472269,1.5,150,550,1.5,30,3.5,0.125,0,0.2442,0,0
5,2,raw,0.8,11.32297655,22.80386487,0.245122424,-1.471300154,4.245862459,1.5,150,550,1.5,30,3.5,0.125,0,0.2442,0,0
5,2,raw,1,11.37240907,22.50864558,0.249274565,-1.481013832,4.190895439,1.5,150,550,1.5,30,3.5,0.125,0,0.2442,0,0
5,2,raw,1.2,11.42268638,22.21145933,0.253574396,-1.490975771,4.13556219,1.5,150,550,1.5,30,3.5,0.125,0,0.2442,0,0
5,2,raw,1.4,11.47383883,21.91225527,0.258030206,-1.501198069,4.079853243,1.5,150,550,1.5,30,3.5,0.125,0,0.2442,0,0
5,2,raw,1.6,11.52589846,21.61098011,0.262650283,-1.511692825,4.023758677,1.5,150,550,1.5,30,3.5,0.125,0,0.2442,0,0
5,2,raw,1.8,11.57889894,21.30757814,0.267442914,-1.522472138,3.967268121,1.5,150,550,1.5,30,3.5,0.125,0,0.2442,0,0
5,2,raw,2,11.63287562,21.00199125,0.272445183,-1.533585377,3.910370752,1.5,150,550,1.5,30,3.5,0.125,0,0.2442,0,0
5,2,raw,2.2,11.68787702,20.69414399,0.277708769,-1.545101132,3.853052524,1.5,150,550,1.5,30,3.5,0.125,0,0.2442,0,0
5,2,raw,2.4,11.74395913,20.3839508,0.28317837,-1.55694983,3.795297506,1.5,150,550,1.5,30,3.5,0.125,0,0.2442,0,0
5,2,raw,2.6,11.80114836,20.07136406,0.288793525,-1.569054962,3.737096832,1.5,150,550,1.5,30,3.5,0.125,0,0.2442,0,0
5,2,raw,2.8,11.85947654,19.75632881,0.294584673,-1.581457407,3.67844027,1.5,150,550,1.5,30,3.5,0.125,0,0.2442,0,0
5,2,raw,3,11.91898223,19.4387811,0.30058551,-1.594202256,3.619315909,1.5,150,550,1.5,30,3.5,0.125,0,0.2442,0,0
5,2,raw,3.2,11.97971075,19.11864791,0.306829734,-1.607334602,3.559710159,1.5,150,550,1.5,30,3.5,0.125,0,0.2442,0,0
5,2,raw,3.4,12.04171413,18.79584725,0.31335104,-1.620899534,3.499607751,1.5,150,550,1.5,30,3.5,0.125,0,0.2442,0,0
5,2,raw,3.6,12.10505116,18.4702881,0.320183125,-1.634942146,3.438991736,1.5,150,550,1.5,30,3.5,0.125,0,0.2442,0,0
5,2,raw,3.8,12.16978738,18.1418704,0.327359684,-1.649507528,3.377843488,1.5,150,550,1.5,30,3.5,0.125,0,0.2442,0,0
5,2,raw,4,12.23599504,17.81048509,0.334914416,-1.664640772,3.316142699,1.5,150,550,1.5,30,3.5,0.125,0,0.2442,0,0
5,2,raw,4.2,12.30375314,17.47601409,0.342881016,-1.680386969,3.253867385,1.5,150,550,1.5,30,3.5,0.125,0,0.2442,0,0
5,2,raw,4.4,12.37314744,17.1383303,0.35129318,-1.696791211,3.190993879,1.5,150,550,1.5,30,3.5,0.125,0,0.2442,0,0
5,2,raw,4.6,12.44427041,16.7972976,0.360184605,-1.71389859,3.127496839,1.5,150,550,1.5,30,3.5,0.125,0,0.2442,0,0
5,2,raw,4.8,12.51722128,16.45277086,0.369588987,-1.731754196,3.063349242,1.5,150,550,1.5,30,3.5,0.125,0,0.2442,0,0
5,2,raw,5,12.59210601,16.10459592,0.379540023,-1.750403122,2.998522384,1.5,150,550,1.5,30,3.5,0.125,0,0.2442,0,0
5,2,raw,5.2,12.66903729,15.75260961,0.39007141,-1.769890458,2.932985885,1.5,150,550,1.5,30,3.5,0.125,0,0.2442,0,0
5,2,raw,5.4,12.74813457,15.39663974,0.401216843,-1.790261297,2.866707685,1.5,150,550,1.5,30,3.5,0.125,0,0.2442,0,0
5,2,raw,5.6,12.82952403,15.0365051,0.413010019,-1.811560729,2.799654044,1.5,150,550,1.5,30,3.5,0.125,0,0.2442,0,0
5,2,raw,5.8,12.91333858,14.67201545,0.425484634,-1.833833847,2.731789543,1.5,150,550,1.5,30,3.5,0.125,0,0.2442,0,0
5,2,raw,6,12.99971788,14.30297156,0.43868104,-1.857133365,2.663077085,1.5,150,550,1.5,30,3.5,0.125,0,0.2442,0,0
5,2,raw,6.2,13.088811,13.9291621,0.458422457,-1.888141962,2.593477325,1.5,150,550,1.5,30,3.5,0.125,0,0.2442,0,0
5,2,raw,6.4,13.18308687,13.54771477,0.486438089,-1.928873114,2.522455465,1.5,150,550,1.5,30,3.5,0.125,0,0.2442,0,0
5,2,raw,6.6,13.28338623,13.15761286,0.512719264,-1.967895441,2.449822204,1.5,150,550,1.5,30,3.5,0.125,0,0.2442,0,0
5,2,raw,6.8,13.38817457,12.7605566,0.532248232,-1.999476704,2.375894109,1.5,150,550,1.5,30,3.5,0.125,0,0.2442,0,0
5,2,raw,7,13.49628553,12.35782218,0.546865799,-2.025737125,2.300908796,1.5,150,550,1.5,30,3.5,0.125,0,0.2442,0,0
5,2,raw,7.2,13.60692089,11.95026175,0.558412774,-2.048796926,2.225024925,1.5,150,550,1.5,30,3.5,0.125,0,0.2442,0,0
5,2,raw,7.4,13.71965064,11.53830341,0.568729965,-2.070776326,2.148322206,1.5,150,550,1.5,30,3.5,0.125,0,0.2442,0,0
5,2,raw,7.6,13.83441288,11.12195121,0.579658179,-2.093795549,2.070801393,1.5,150,550,1.5,30,3.5,0.125,0,0.2442,0,0
5,2,raw,7.8,13.95151391,10.70078519,0.593038223,-2.119974815,1.992384289,1.5,150,550,1.5,30,3.5,0.125,0,0.2442,0,0
5,2,raw,8,14.07162817,10.27396129,0.610710906,-2.151434346,1.912913745,1.5,150,550,1.5,30,3.5,0.125,0,0.2442,0,0
5,2,raw,8.2,14.19579827,9.840211448,0.634517035,-2.190294364,1.832153655,1.5,150,550,1.5,30,3.5,0.125,0,0.2442,0,0
5,2,raw,8.4,14.32543498,9.397843543,0.666297417,-2.238675088,1.749788964,1.5,150,550,1.5,30,3.5,0.125,0,0.2442,0,0
5,2,raw,8.6,14.46231724,8.944741412,0.707892861,-2.298696742,1.665425663,1.5,150,550,1.5,30,3.5,0.125,0,0.2442,0,0
5,2,raw,8.8,14.60859213,8.478364846,0.761144174,-2.372479546,1.578590788,1.5,150,550,1.5,30,3.5,0.125,0,0.2442,0,0
5,2,raw,9,14.76677491,7.995749594,0.827892163,-2.462143722,1.488732424,1.5,150,550,1.5,30,3.5,0.125,0,0.2442,0,0
5,2,raw,9.2,14.93974899,7.493507358,0.909977637,-2.569809491,1.395219703,1.5,150,550,1.5,30,3.5,0.125,0,0.2442,0,0
5,2,raw,9.4,15.13076596,6.967825797,1.009241403,-2.697597075,1.297342803,1.5,150,550,1.5,30,3.5,0.125,0,0.2442,0,0
5,2,raw,9.6,15.34344555,6.414468528,1.127524268,-2.847626694,1.19431295,1.5,150,550,1.5,30,3.5,0.125,0,0.2442,0,0
5,2,raw,9.8,15.58177567,5.82877512,1.266667041,-3.022018572,1.085262415,1.5,150,550,1.5,30,3.5,0.125,0,0.2442,0,0
5,2,raw,10,15.85011237,5.205661099,1.428510528,-3.222892927,0.969244519,1.5,150,550,1.5,30,3.5,0.125,0,0.2442,0,0
5,2,raw,10.2,16.15317988,4.539617949,1.618709242,-3.456561783,0.845233628,1.5,150,550,1.5,30,3.5,0.125,0,0.2442,0,0
5,2,raw,10.4,16.49759606,3.823036386,1.894749064,-3.786823784,0.711812965,1.5,150,550,1.5,30,3.5,0.125,0,0.2442,0,0
5,2,raw,10.6,16.9110795,3.024888435,2.39597066,-4.366690764,0.563205418,1.5,150,550,1.5,30,3.5,0.125,0,0.2442,0,0
5,2,raw,10.8,17.45598433,2.07636008,3.642845908,-5.759758738,0.386598472,1.5,150,550,1.5,30,3.5,0.125,0,0.2442,0,0
5,2,raw,11,18.36821787,0.72098494,4.561167692,-6.776875702,0.134240529,1.5,150,550,1.5,30,3.5,0.125,0,0.2442,0,0
5,3,pure,0,5.491803279,24.83606557,0.827438915,-1.620136482,4.624238875,1.5,150,550,1.5,30,3.5,0.125,0,0.2442,0,0
5,3,pure,0.2,5.657291062,24.51203827,0.839574491,-1.644010711,4.563908079,1.5,150,550,1.5,30,3.5,0.125,0,0.2442,0,0
5,3,pure,0.4,5.827633075,24.17846129,0.864172854,-1.692412743,4.50179922,1.5,150,550,1.5,30,3.5,0.125,0,0.2442,0,0
5,3,pure,0.6,6.002960204,23.83507318,0.889430882,-1.742133757,4.437863625,1.5,150,550,1.5,30,3.5,0.125,0,0.2442,0,0
5,3,pure,0.8,6.183405428,23.48160778,0.915358575,-1.793196826,4.372051735,1.5,150,550,1.5,30,3.5,0.125,0,0.2442,0,0
5,3,pure,1,6.369103634,23.11779445,0.941965454,-1.845624427,4.304313156,1.5,150,550,1.5,30,3.5,0.125,0,0.2442,0,0
5,3,pure,1.2,6.56019161,22.74335801,0.969261038,-1.899439036,4.234596658,1.5,150,550,1.5,30,3.5,0.125,0,0.2442,0,0
5,3,pure,1.4,6.756808049,22.35801883,0.997254847,-1.95466313,4.162850173,1.5,150,550,1.5,30,3.5,0.125,0,0.2442,0,0
5,3,pure,1.6,6.959093548,21.96149276,1.025938921,-2.011290175,4.089020795,1.5,150,550,1.5,30,3.5,0.125,0,0.2442,0,0
5,3,pure,1.8,7.167183617,21.55350276,1.055254156,-2.069228738,4.013056943,1.5,150,550,1.5,30,3.5,0.125,0,0.2442,0,0
5,3,pure,2,7.381195211,21.13380126,1.085274763,-2.128608933,3.934912521,1.5,150,550,1.5,30,3.5,0.125,0,0.2442,0,0
5,3,pure,2.2,7.601293523,20.70205919,1.116119542,-2.189635429,3.854526258,1.5,150,550,1.5,30,3.5,0.125,0,0.2442,0,0
5,3,pure,2.4,7.827643028,20.25794709,1.147765715,-2.252278178,3.771836816,1.5,150,550,1.5,30,3.5,0.125,0,0.2442,0,0
5,3,pure,2.6,8.060399809,19.80114792,1.180171321,-2.316475305,3.68678516,1.5,150,550,1.5,30,3.5,0.125,0,0.2442,0,0
5,3,pure,2.8,8.299711556,19.33135697,1.213294396,-2.382164933,3.59931456,1.5,150,550,1.5,30,3.5,0.125,0,0.2442,0,0
5,3,pure,3,8.545717567,18.84828194,1.24709298,-2.449285186,3.50937059,1.5,150,550,1.5,30,3.5,0.125,0,0.2442,0,0
5,3,pure,3.2,8.798548748,18.3516429,1.281525111,-2.517774187,3.41690113,1.5,150,550,1.5,30,3.5,0.125,0,0.2442,0,0
5,3,pure,3.4,9.058327612,17.84117227,1.316548826,-2.58757006,3.321856361,1.5,150,550,1.5,30,3.5,0.125,0,0.2442,0,0
5,3,pure,3.6,9.325168279,17.31661487,1.352122164,-2.658610929,3.224188769,1.5,150,550,1.5,30,3.5,0.125,0,0.2442,0,0
5,3,pure,3.8,9.599176477,16.7777279,1.388203162,-2.730834916,3.123853147,1.5,150,550,1.5,30,3.5,0.125,0,0.2442,0,0
5,3,pure,4,9.880449543,16.22428091,1.424749859,-2.804180146,3.020806588,1.5,150,550,1.5,30,3.5,0.125,0,0.2442,0,0
5,3,pure,4.2,10.16907642,15.65605584,1.461720293,-2.878584742,2.915008492,1.5,150,550,1.5,30,3.5,0.125,0,0.2442,0,0
5,3,pure,4.4,10.46513766,15.07284701,1.499072502,-2.953986827,2.806420562,1.5,150,550,1.5,30,3.5,0.125,0,0.2442,0,0
5,3,pure,4.6,10.76870542,14.47446111,1.536764524,-3.030324526,2.695006806,1.5,150,550,1.5,30,3.5,0.125,0,0.2442,0,0
5,3,pure,4.8,11.07984347,13.8607172,1.574753142,-3.107533881,2.580733536,1.5,150,550,1.5,30,3.5,0.125,0,0.2442,0,0
5,3,pure,5,11.39860668,13.23144756,1.612665081,-3.185004465,2.463569521,1.5,150,550,1.5,30,3.5,0.125,0,0.2442,0,0
5,3,pure,5.2,11.7249095,12.58671541,1.650223609,-3.262287031,2.343526536,1.5,150,550,1.5,30,3.5,0.125,0,0.2442,0,0
5,3,pure,5.4,12.05869612,11.92653274,1.687486495,-3.339486388,2.220606811,1.5,150,550,1.5,30,3.5,0.125,0,0.2442,0,0
5,3,pure,5.6,12.3999041,11.25092086,1.724072011,-3.41597788,2.094814312,1.5,150,550,1.5,30,3.5,0.125,0,0.2442,0,0
5,3,pure,5.8,12.74832493,10.56014159,1.759249771,-3.49055892,1.966197791,1.5,150,550,1.5,30,3.5,0.125,0,0.2442,0,0
5,3,pure,6,13.10360401,9.85469729,1.792289387,-3.562026921,1.834850781,1.5,150,550,1.5,30,3.5,0.125,0,0.2442,0,0
5,3,pure,6.2,13.46524068,9.135330823,1.822460475,-3.629179294,1.700911596,1.5,150,550,1.5,30,3.5,0.125,0,0.2442,0,0
5,3,pure,6.4,13.8325882,8.403025573,1.849032647,-3.690813453,1.564563333,1.5,150,550,1.5,30,3.5,0.125,0,0.2442,0,0
5,3,pure,6.6,14.20485374,7.659005442,1.871146806,-3.745512615,1.42603387,1.5,150,550,1.5,30,3.5,0.125,0,0.2442,0,0
5,3,pure,6.8,14.58104692,6.904820526,1.886778555,-3.789926753,1.285611822,1.5,150,550,1.5,30,3.5,0.125,0,0.2442,0,0
5,3,pure,7,14.95956516,6.14303474,1.894271951,-3.821354077,1.143774564,1.5,150,550,1.5,30,3.5,0.125,0,0.2442,0,0
5,3,pure,7.2,15.3387557,5.376278896,1.89047074,-3.834639117,1.001011928,1.5,150,550,1.5,30,3.5,0.125,0,0.2442,0,0
5,3,pure,7.4,15.71575346,4.609179093,1.868639321,-3.818684166,0.85818525,1.5,150,550,1.5,30,3.5,0.125,0,0.2442,0,0
5,3,pure,7.6,16.08621143,3.848805229,1.821368109,-3.761270246,0.716610878,1.5,150,550,1.5,30,3.5,0.125,0,0.2442,0,0
5,3,pure,7.8,16.4443007,3.104670995,1.741247517,-3.650178381,0.578060171,1.5,150,550,1.5,30,3.5,0.125,0,0.2442,0,0
5,3,pure,8,16.78271044,2.388733877,1.618466224,-3.469242434,0.444759498,1.5,150,550,1.5,30,3.5,0.125,0,0.2442,0,0
5,3,pure,8.2,17.09168719,1.716974021,1.429647951,-3.180199897,0.319684211,1.5,150,550,1.5,30,3.5,0.125,0,0.2442,0,0
5,3,pure,8.4,17.35456962,1.116653918,1.155416497,-2.751010187,0.207910325,1.5,150,550,1.5,30,3.5,0.125,0,0.2442,0,0
5,3,pure,8.6,17.55385379,0.616569946,0.799519799,-2.186785012,0.114799452,1.5,150,550,1.5,30,3.5,0.125,0,0.2442,0,0
5,3,pure,8.8,17.67437754,0.241939914,0.395432031,-1.540817784,0.045046908,1.5,150,550,1.5,30,3.5,0.125,0,0.2442,0,0
5,3,pure,9,17.7120266,0.000242832,0.188245328,-1.208485406,4.52131E-05,1.5,150,550,1.5,30,3.5,0.125,0,0.2442,0,0
5,4,raw,0,6.475409836,23.52459016,0.872400435,-1.483236381,4.380054644,1.5,150,550,1.5,30,3.5,0.125,0,0.2442,0,0
5,4,raw,0.2,6.649889923,23.22794288,0.883720991,-1.50300724,4.324821746,1.5,150,550,1.5,30,3.5,0.125,0,0.2442,0,0
5,4,raw,0.4,6.828898233,22.92338726,0.906621722,-1.543045012,4.268116391,1.5,150,550,1.5,30,3.5,0.125,0,0.2442,0,0
5,4,raw,0.6,7.012538612,22.61072488,0.930043708,-1.584084242,4.209901632,1.5,150,550,1.5,30,3.5,0.125,0,0.2442,0,0
5,4,raw,0.8,7.200915716,22.28975357,0.953990185,-1.626143617,4.150139831,1.5,150,550,1.5,30,3.5,0.125,0,0.2442,0,0
5,4,raw,1,7.394134686,21.96026743,0.978463585,-1.669241805,4.08879265,1.5,150,550,1.5,30,3.5,0.125,0,0.2442,0,0
5,4,raw,1.2,7.59230115,21.62205685,1.003466342,-1.713397474,4.02582106,1.5,150,550,1.5,30,3.5,0.125,0,0.2442,0,0
5,4,raw,1.4,7.795521223,21.27490844,1.029000887,-1.758629294,3.961185334,1.5,150,550,1.5,30,3.5,0.125,0,0.2442,0,0
5,4,raw,1.6,8.003901505,20.91860513,1.055055292,-1.804945993,3.89484505,1.5,150,550,1.5,30,3.5,0.125,0,0.2442,0,0
5,4,raw,1.8,8.217543339,20.55293005,1.081497497,-1.852272489,3.826759832,1.5,150,550,1.5,30,3.5,0.125,0,0.2442,0,0
5,4,raw,2,8.436500504,20.17769613,1.108395032,-1.900671345,3.756894851,1.5,150,550,1.5,30,3.5,0.125,0,0.2442,0,0
5,4,raw,2.2,8.660901352,19.79266151,1.135963643,-1.950310153,3.685205071,1.5,150,550,1.5,30,3.5,0.125,0,0.2442,0,0
5,4,raw,2.4,8.890885961,19.39757207,1.164201612,-2.001208493,3.611643181,1.5,150,550,1.5,30,3.5,0.125,0,0.2442,0,0
5,4,raw,2.6,9.126581997,18.99217811,1.193046897,-2.05334443,3.536162686,1.5,150,550,1.5,30,3.5,0.125,0,0.2442,0,0
5,4,raw,2.8,9.36810472,18.5762343,1.222437457,-2.106696027,3.45871791,1.5,150,550,1.5,30,3.5,0.125,0,0.2442,0,0
5,4,raw,3,9.615556979,18.1494997,1.252311248,-2.16124135,3.379263992,1.5,150,550,1.5,30,3.5,0.125,0,0.2442,0,0
5,4,raw,3.2,9.869029219,17.71173776,1.282606231,-2.216958462,3.297756888,1.5,150,550,1.5,30,3.5,0.125,0,0.2442,0,0
5,4,raw,3.4,10.12859947,17.26271631,1.313260362,-2.273825427,3.214153371,1.5,150,550,1.5,30,3.5,0.125,0,0.2442,0,0
5,4,raw,3.6,10.39433336,16.80220759,1.3442116,-2.331820309,3.128411032,1.5,150,550,1.5,30,3.5,0.125,0,0.2442,0,0
5,4,raw,3.8,10.66628411,16.32998819,1.375397903,-2.390921174,3.040488277,1.5,150,550,1.5,30,3.5,0.125,0,0.2442,0,0
5,4,raw,4,10.94449253,15.84583912,1.40675723,-2.451106084,2.950344331,1.5,150,550,1.5,30,3.5,0.125,0,0.2442,0,0
5,4,raw,4.2,11.228987,15.34954576,1.438227537,-2.512353104,2.857939234,1.5,150,550,1.5,30,3.5,0.125,0,0.2442,0,0
5,4,raw,4.4,11.51978354,14.84089788,1.469746785,-2.574640299,2.763233843,1.5,150,550,1.5,30,3.5,0.125,0,0.2442,0,0
5,4,raw,4.6,11.81688572,14.31968964,1.50125293,-2.637945732,2.666189833,1.5,150,550,1.5,30,3.5,0.125,0,0.2442,0,0
5,4,raw,4.8,12.12028471,13.78571958,1.53268393,-2.702247468,2.566769694,1.5,150,550,1.5,30,3.5,0.125,0,0.2442,0,0
5,4,raw,5,12.42995929,13.23879065,1.563977745,-2.76752357,2.464936735,1.5,150,550,1.5,30,3.5,0.125,0,0.2442,0,0
5,4,raw,5.2,12.74587581,12.67871016,1.595072332,-2.833752104,2.360655081,1.5,150,550,1.5,30,3.5,0.125,0,0.2442,0,0
5,4,raw,5.4,13.06798822,12.10528981,1.625723391,-2.900783723,2.253889674,1.5,150,550,1.5,30,3.5,0.125,0,0.2442,0,0
5,4,raw,5.6,13.39616517,11.51839667,1.653983239,-2.967258462,2.14461576,1.5,150,550,1.5,30,3.5,0.125,0,0.2442,0,0
5,4,raw,5.8,13.72958152,10.91838642,1.680752633,-3.033796896,2.032899568,1.5,150,550,1.5,30,3.5,0.125,0,0.2442,0,0
5,4,raw,6,14.06846622,10.30487791,1.708620244,-3.102283688,1.918670125,1.5,150,550,1.5,30,3.5,0.125,0,0.2442,0,0
5,4,raw,6.2,14.41302962,9.677472949,1.736468838,-3.172095824,1.801853297,1.5,150,550,1.5,30,3.5,0.125,0,0.2442,0,0
5,4,raw,6.4,14.76305375,9.036039579,1.762156925,-3.241902292,1.682424512,1.5,150,550,1.5,30,3.5,0.125,0,0.2442,0,0
5,4,raw,6.6,15.11789239,8.380712032,1.783543012,-3.310372077,1.560408764,1.5,150,550,1.5,30,3.5,0.125,0,0.2442,0,0
5,4,raw,6.8,15.47647096,7.711890748,1.79848561,-3.376174165,1.435880611,1.5,150,550,1.5,30,3.5,0.125,0,0.2442,0,0
5,4,raw,7,15.83728663,7.030242366,1.804843226,-3.43797754,1.308964174,1.5,150,550,1.5,30,3.5,0.125,0,0.2442,0,0
5,4,raw,7.2,16.19840825,6.336699732,1.800474369,-3.49445119,1.17983314,1.5,150,550,1.5,30,3.5,0.125,0,0.2442,0,0
5,4,raw,7.4,16.55747638,5.63246189,1.783237549,-3.544264099,1.048710761,1.5,150,550,1.5,30,3.5,0.125,0,0.2442,0,0
5,4,raw,7.6,16.91170327,4.918994092,1.750991274,-3.586085253,0.915869852,1.5,150,550,1.5,30,3.5,0.125,0,0.2442,0,0
5,4,raw,7.8,17.25787289,4.198027789,1.701594052,-3.618583637,0.781632793,1.5,150,550,1.5,30,3.5,0.125,0,0.2442,0,0
5,4,raw,8,17.59234089,3.471560637,1.630631585,-3.639282912,0.646371528,1.5,150,550,1.5,30,3.5,0.125,0,0.2442,0,0
5,4,raw,8.2,17.91012552,2.742314625,1.516177763,-3.63661089,0.510592866,1.5,150,550,1.5,30,3.5,0.125,0,0.2442,0,0
5,4,raw,8.4,18.198812,2.016916281,1.344788701,-3.60238574,0.375530603,1.5,150,550,1.5,30,3.5,0.125,0,0.2442,0,0
5,4,raw,8.6,18.448041,1.301360328,1.083474296,-3.518079812,0.242300899,1.5,150,550,1.5,30,3.5,0.125,0,0.2442,0,0
5,4,raw,8.8,18.63220171,0.609684356,0.646579658,-3.338776916,0.113517421,1.5,150,550,1.5,30,3.5,0.125,0,0.2442,0,0
5,4,raw,9,18.70667286,-0.034150438,0.372355751,-3.219173972,-0.006358486,1.5,150,550,1.5,30,3.5,0.125,0,0.2442,0,0
5,5,pure,0,5.819397993,24.68227425,0.424036715,-1.352626021,4.595604396,1.5,150,550,1.5,30,3.5,0.125,0,0.2442,0,0
5,5,pure,0.2,5.904205336,24.41174905,0.428238459,-1.362652185,4.545235179,1.5,150,550,1.5,30,3.5,0.125,0,0.2442,0,0
5,5,pure,0.4,5.990693377,24.13721338,0.436764256,-1.382908535,4.494119252,1.5,150,550,1.5,30,3.5,0.125,0,0.2442,0,0
5,5,pure,0.6,6.078911038,23.85858563,0.445539854,-1.403579142,4.44224142,1.5,150,550,1.5,30,3.5,0.125,0,0.2442,0,0
5,5,pure,0.8,6.168909318,23.57578172,0.454576738,-1.424677462,4.389586025,1.5,150,550,1.5,30,3.5,0.125,0,0.2442,0,0
5,5,pure,1,6.260741734,23.28871465,0.463887507,-1.446217984,4.33613687,1.5,150,550,1.5,30,3.5,0.125,0,0.2442,0,0
5,5,pure,1.2,6.354464321,22.99729453,0.47348476,-1.4682152,4.281877219,1.5,150,550,1.5,30,3.5,0.125,0,0.2442,0,0
5,5,pure,1.4,6.450135638,22.70142857,0.483381096,-1.490683601,4.226789795,1.5,150,550,1.5,30,3.5,0.125,0,0.2442,0,0
5,5,pure,1.6,6.54781676,22.40102109,0.493589116,-1.513637678,4.170856783,1.5,150,550,1.5,30,3.5,0.125,0,0.2442,0,0
5,5,pure,1.8,6.647571284,22.0959735,0.504225029,-1.537166967,4.114059827,1.5,150,550,1.5,30,3.5,0.125,0,0.2442,0,0
5,5,pure,2,6.749506771,21.7861543,0.515920381,-1.561736886,4.056374443,1.5,150,550,1.5,30,3.5,0.125,0,0.2442,0,0
5,5,pure,2.2,6.853939436,21.47127874,0.528481577,-1.587219389,3.997747613,1.5,150,550,1.5,30,3.5,0.125,0,0.2442,0,0
5,5,pure,2.4,6.960899402,21.15126654,0.541081047,-1.613024641,3.93816439,1.5,150,550,1.5,30,3.5,0.125,0,0.2442,0,0
5,5,pure,2.6,7.070371855,20.82606889,0.55364355,-1.639103205,3.877615683,1.5,150,550,1.5,30,3.5,0.125,0,0.2442,0,0
5,5,pure,2.8,7.182356822,20.49562526,0.566243307,-1.665513544,3.816090227,1.5,150,550,1.5,30,3.5,0.125,0,0.2442,0,0
5,5,pure,3,7.296869178,20.15986347,0.578954537,-1.692314122,3.753574579,1.5,150,550,1.5,30,3.5,0.125,0,0.2442,0,0
5,5,pure,3.2,7.413938637,19.81869961,0.591851461,-1.719563401,3.690053118,1.5,150,550,1.5,30,3.5,0.125,0,0.2442,0,0
5,5,pure,3.4,7.533609762,19.47203811,0.605008298,-1.747319843,3.625508048,1.5,150,550,1.5,30,3.5,0.125,0,0.2442,0,0
5,5,pure,3.6,7.655941956,19.11977167,0.618499268,-1.775641911,3.559919393,1.5,150,550,1.5,30,3.5,0.125,0,0.2442,0,0
5,5,pure,3.8,7.781009469,18.76178134,0.63239859,-1.804588068,3.493265002,1.5,150,550,1.5,30,3.5,0.125,0,0.2442,0,0
5,5,pure,4,7.908901392,18.39793645,0.646780486,-1.834216775,3.425520548,1.5,150,550,1.5,30,3.5,0.125,0,0.2442,0,0
5,5,pure,4.2,8.039721663,18.02809463,0.661719174,-1.864586497,3.356659524,1.5,150,550,1.5,30,3.5,0.125,0,0.2442,0,0
5,5,pure,4.4,8.173589062,17.65210185,0.677288874,-1.895755694,3.286653249,1.5,150,550,1.5,30,3.5,0.125,0,0.2442,0,0
5,5,pure,4.6,8.310637213,17.26979235,0.693563807,-1.927782831,3.215470862,1.5,150,550,1.5,30,3.5,0.125,0,0.2442,0,0
5,5,pure,4.8,8.451014585,16.88098872,0.710618192,-1.960726369,3.143079328,1.5,150,550,1.5,30,3.5,0.125,0,0.2442,0,0
5,5,pure,5,8.59488449,16.48550181,0.728526249,-1.994644772,3.069443432,1.5,150,550,1.5,30,3.5,0.125,0,0.2442,0,0
5,5,pure,5.2,8.742425084,16.08313081,0.747362198,-2.029596501,2.994525784,1.5,150,550,1.5,30,3.5,0.125,0,0.2442,0,0
5,5,pure,5.4,8.893829369,15.67366321,0.767200259,-2.065640019,2.918286816,1.5,150,550,1.5,30,3.5,0.125,0,0.2442,0,0
5,5,pure,5.6,9.049305188,15.2568748,0.788114651,-2.10283379,2.840684784,1.5,150,550,1.5,30,3.5,0.125,0,0.2442,0,0
5,5,pure,5.8,9.209075229,14.83252969,0.810179595,-2.141236275,2.761675766,1.5,150,550,1.5,30,3.5,0.125,0,0.2442,0,0
5,5,pure,6,9.373377026,14.40038029,0.83346931,-2.180905937,2.681213663,1.5,150,550,1.5,30,3.5,0.125,0,0.2442,0,0
5,5,pure,6.2,9.542462954,13.96016732,0.858058017,-2.221901239,2.5992502,1.5,150,550,1.5,30,3.5,0.125,0,0.2442,0,0
5,5,pure,6.4,9.716600233,13.51161979,0.884019935,-2.264280643,2.515734924,1.5,150,550,1.5,30,3.5,0.125,0,0.2442,0,0
5,5,pure,6.6,9.896070927,13.05445506,0.911429283,-2.308102612,2.430615204,1.5,150,550,1.5,30,3.5,0.125,0,0.2442,0,0
5,5,pure,6.8,10.08117195,12.58837875,0.940360283,-2.353425608,2.343836234,1.5,150,550,1.5,30,3.5,0.125,0,0.2442,0,0
5,5,pure,7,10.27221504,12.11308482,0.970887153,-2.400308095,2.25534103,1.5,150,550,1.5,30,3.5,0.125,0,0.2442,0,0
5,5,pure,7.2,10.46952681,11.62825551,1.003084113,-2.448808534,2.165070431,1.5,150,550,1.5,30,3.5,0.125,0,0.2442,0,0
5,5,pure,7.4,10.67344869,11.1335614,1.037025384,-2.498985389,2.072963099,1.5,150,550,1.5,30,3.5,0.125,0,0.2442,0,0
5,5,pure,7.6,10.88433696,10.62866136,1.072785186,-2.550897122,1.978955519,1.5,150,550,1.5,30,3.5,0.125,0,0.2442,0,0
5,5,pure,7.8,11.10256276,10.11320255,1.110437737,-2.604602195,1.882981999,1.5,150,550,1.5,30,3.5,0.125,0,0.2442,0,0
5,5,pure,8,11.32851206,9.586820478,1.150057258,-2.660159071,1.78497467,1.5,150,550,1.5,30,3.5,0.125,0,0.2442,0,0
5,5,pure,8.2,11.56258566,9.049138925,1.19171797,-2.717626213,1.684863485,1.5,150,550,1.5,30,3.5,0.125,0,0.2442,0,0
5,5,pure,8.4,11.80519924,8.499769993,1.235494091,-2.777062083,1.582576223,1.5,150,550,1.5,30,3.5,0.125,0,0.2442,0,0
5,5,pure,8.6,12.0567833,7.938314091,1.281459841,-2.838525144,1.478038481,1.5,150,550,1.5,30,3.5,0.125,0,0.2442,0,0
5,5,pure,8.8,12.31778318,7.364359935,1.329689441,-2.902073858,1.371173683,1.5,150,550,1.5,30,3.5,0.125,0,0.2442,0,0
5,5,pure,9,12.58865908,6.777484548,1.380258165,-2.967766914,1.261903075,1.5,150,550,1.5,30,3.5,0.125,0,0.2442,0,0
5,5,pure,9.2,12.86988645,6.17725317,1.435116332,-3.036170103,1.150145709,1.5,150,550,1.5,30,3.5,0.125,0,0.2442,0,0
5,5,pure,9.4,13.16270561,5.563016507,1.49640228,-3.108296196,1.035780692,1.5,150,550,1.5,30,3.5,0.125,0,0.2442,0,0
5,5,pure,9.6,13.46844736,4.933934691,1.562900034,-3.184436675,0.91865165,1.5,150,550,1.5,30,3.5,0.125,0,0.2442,0,0
5,5,pure,9.8,13.78786562,4.289241837,1.633274333,-3.264457047,0.79861598,1.5,150,550,1.5,30,3.5,0.125,0,0.2442,0,0
5,5,pure,10,14.12175709,3.628151873,1.707738982,-3.348458236,0.675527325,1.5,150,550,1.5,30,3.5,0.125,0,0.2442,0,0
5,5,pure,10.2,14.47096122,2.949858543,1.786507783,-3.436541167,0.549235567,1.5,150,550,1.5,30,3.5,0.125,0,0.2442,0,0
5,5,pure,10.4,14.8363602,2.253535406,1.869794541,-3.528806764,0.41958683,1.5,150,550,1.5,30,3.5,0.125,0,0.2442,0,0
5,5,pure,10.6,15.21887903,1.538335837,1.957813057,-3.62535595,0.286423482,1.5,150,550,1.5,30,3.5,0.125,0,0.2442,0,0
5,5,pure,10.8,15.61948543,0.803393026,2.050777137,-3.72628965,0.14958413,1.5,150,550,1.5,30,3.5,0.125,0,0.2442,0,0
5,5,pure,11,16.03918989,0.047819977,2.148900582,-3.831708789,0.008903624,1.5,150,550,1.5,30,3.5,0.125,0,0.2442,0,0
5,5,pure,11.2,16.47904566,-0.72929049,2.199278872,-3.885552333,-0.135786944,1.5,150,550,1.5,30,3.5,0.125,0,0.2442,0,0
5,6,raw,0,10.53511706,21.8729097,0.357894549,-1.683825739,4.072527473,1.5,150,550,1.5,30,3.5,0.125,0,0.2442,0,0
5,6,raw,0.2,10.60669597,21.53614455,0.361224168,-1.689825344,4.009825009,1.5,150,550,1.5,30,3.5,0.125,0,0.2442,0,0
5,6,raw,0.4,10.67960673,21.19697956,0.368001363,-1.701943018,3.946675719,1.5,150,550,1.5,30,3.5,0.125,0,0.2442,0,0
5,6,raw,0.6,10.75389652,20.85536734,0.375020889,-1.714302158,3.883070777,1.5,150,550,1.5,30,3.5,0.125,0,0.2442,0,0
5,6,raw,0.8,10.82961508,20.5112587,0.382297532,-1.726912852,3.819001025,1.5,150,550,1.5,30,3.5,0.125,0,0.2442,0,0
5,6,raw,1,10.90681553,20.1646022,0.389848026,-1.739786212,3.754456887,1.5,150,550,1.5,30,3.5,0.125,0,0.2442,0,0
5,6,raw,1.2,10.98555429,19.81534421,0.397689105,-1.75293335,3.689428375,1.5,150,550,1.5,30,3.5,0.125,0,0.2442,0,0
5,6,raw,1.4,11.06589117,19.46342886,0.405837505,-1.766365376,3.623905089,1.5,150,550,1.5,30,3.5,0.125,0,0.2442,0,0
5,6,raw,1.6,11.1478893,19.10879806,0.414309959,-1.780093401,3.557876211,1.5,150,550,1.5,30,3.5,0.125,0,0.2442,0,0
5,6,raw,1.8,11.23161515,18.7513915,0.423300116,-1.794216446,3.491330513,1.5,150,550,1.5,30,3.5,0.125,0,0.2442,0,0
5,6,raw,2,11.31720934,18.39111149,0.435004779,-1.809844422,3.424249805,1.5,150,550,1.5,30,3.5,0.125,0,0.2442,0,0
5,6,raw,2.2,11.40561707,18.02745373,0.449180921,-1.826904958,3.356540195,1.5,150,550,1.5,30,3.5,0.125,0,0.2442,0,0
5,6,raw,2.4,11.49688171,17.6603495,0.462813398,-1.843928795,3.288188884,1.5,150,550,1.5,30,3.5,0.125,0,0.2442,0,0
5,6,raw,2.6,11.59074242,17.28988222,0.475257019,-1.860585894,3.219211403,1.5,150,550,1.5,30,3.5,0.125,0,0.2442,0,0
5,6,raw,2.8,11.68698452,16.91611515,0.486742601,-1.876977068,3.149619534,1.5,150,550,1.5,30,3.5,0.125,0,0.2442,0,0
5,6,raw,3,11.78543946,16.53909139,0.497500961,-1.89320313,3.079421302,1.5,150,550,1.5,30,3.5,0.125,0,0.2442,0,0
5,6,raw,3.2,11.8859849,16.15883389,0.507762917,-1.909364894,3.008620977,1.5,150,550,1.5,30,3.5,0.125,0,0.2442,0,0
5,6,raw,3.4,11.98854463,15.77534543,0.517759284,-1.925563172,2.937219078,1.5,150,550,1.5,30,3.5,0.125,0,0.2442,0,0
5,6,raw,3.6,12.09308862,15.38860862,0.527720881,-1.941898777,2.865212368,1.5,150,550,1.5,30,3.5,0.125,0,0.2442,0,0
5,6,raw,3.8,12.19963298,14.99858592,0.537878524,-1.958472522,2.792593855,1.5,150,550,1.5,30,3.5,0.125,0,0.2442,0,0
5,6,raw,4,12.30824003,14.60521962,0.548463029,-1.97538522,2.719352795,1.5,150,550,1.5,30,3.5,0.125,0,0.2442,0,0
5,6,raw,4.2,12.4190182,14.20843183,0.559705214,-1.992737684,2.645474689,1.5,150,550,1.5,30,3.5,0.125,0,0.2442,0,0
5,6,raw,4.4,12.53212211,13.80812454,0.571835897,-2.010630727,2.570941284,1.5,150,550,1.5,30,3.5,0.125,0,0.2442,0,0
5,6,raw,4.6,12.64775255,13.40417954,0.585085892,-2.029165162,2.495730572,1.5,150,550,1.5,30,3.5,0.125,0,0.2442,0,0
5,6,raw,4.8,12.76615647,12.99645848,0.599686019,-2.048441801,2.419816793,1.5,150,550,1.5,30,3.5,0.125,0,0.2442,0,0
5,6,raw,5,12.88762696,12.58480282,0.615867093,-2.068561458,2.34317043,1.5,150,550,1.5,30,3.5,0.125,0,0.2442,0,0
5,6,raw,5.2,13.01250331,12.16903389,0.633859932,-2.089624946,2.265758215,1.5,150,550,1.5,30,3.5,0.125,0,0.2442,0,0
5,6,raw,5.4,13.14117093,11.74895284,0.653895353,-2.111733077,2.187543125,1.5,150,550,1.5,30,3.5,0.125,0,0.2442,0,0
5,6,raw,5.6,13.27406145,11.32434066,0.676204172,-2.134986665,2.10848438,1.5,150,550,1.5,30,3.5,0.125,0,0.2442,0,0
5,6,raw,5.8,13.4116526,10.89495818,0.701017206,-2.159486522,2.028537451,1.5,150,550,1.5,30,3.5,0.125,0,0.2442,0,0
5,6,raw,6,13.55446833,10.46054605,0.728565273,-2.185333462,1.947654051,1.5,150,550,1.5,30,3.5,0.125,0,0.2442,0,0
5,6,raw,6.2,13.70307871,10.02082479,0.759079189,-2.212628296,1.86578214,1.5,150,550,1.5,30,3.5,0.125,0,0.2442,0,0
5,6,raw,6.4,13.8581,9.575494735,0.792789772,-2.241471839,1.782865924,1.5,150,550,1.5,30,3.5,0.125,0,0.2442,0,0
5,6,raw,6.6,14.02019462,9.124236057,0.829927837,-2.271964904,1.698845856,1.5,150,550,1.5,30,3.5,0.125,0,0.2442,0,0
5,6,raw,6.8,14.19007114,8.666708773,0.870724203,-2.304208302,1.613658634,1.5,150,550,1.5,30,3.5,0.125,0,0.2442,0,0
5,6,raw,7,14.3684843,8.202552736,0.915409686,-2.338302847,1.5272372,1.5,150,550,1.5,30,3.5,0.125,0,0.2442,0,0
5,6,raw,7.2,14.55623501,7.731387634,0.964215103,-2.374349353,1.439510745,1.5,150,550,1.5,30,3.5,0.125,0,0.2442,0,0
5,6,raw,7.4,14.75417034,7.252812995,1.017371271,-2.412448631,1.350404705,1.5,150,550,1.5,30,3.5,0.125,0,0.2442,0,0
5,6,raw,7.6,14.96318352,6.766408182,1.075109007,-2.452701495,1.259840762,1.5,150,550,1.5,30,3.5,0.125,0,0.2442,0,0
5,6,raw,7.8,15.18421395,6.271732397,1.137659128,-2.495208758,1.167736842,1.5,150,550,1.5,30,3.5,0.125,0,0.2442,0,0
5,6,raw,8,15.41824717,5.768324679,1.205252451,-2.540071233,1.074007119,1.5,150,550,1.5,30,3.5,0.125,0,0.2442,0,0
5,6,raw,8.2,15.66631493,5.255703904,1.278119793,-2.587389733,0.978562013,1.5,150,550,1.5,30,3.5,0.125,0,0.2442,0,0
5,6,raw,8.4,15.92949509,4.733368786,1.35649197,-2.63726507,0.881308188,1.5,150,550,1.5,30,3.5,0.125,0,0.2442,0,0
5,6,raw,8.6,16.20891172,4.200797876,1.4405998,-2.689798058,0.782148557,1.5,150,550,1.5,30,3.5,0.125,0,0.2442,0,0
5,6,raw,8.8,16.50573501,3.657449563,1.5306741,-2.745089509,0.680982276,1.5,150,550,1.5,30,3.5,0.125,0,0.2442,0,0
5,6,raw,9,16.82118135,3.102762072,1.63380504,-2.804735443,0.577704748,1.5,150,550,1.5,30,3.5,0.125,0,0.2442,0,0
5,6,raw,9.2,17.15925703,2.535555385,1.763421887,-2.871867622,0.472096265,1.5,150,550,1.5,30,3.5,0.125,0,0.2442,0,0
5,6,raw,9.4,17.52655011,1.954015023,1.923394148,-2.947622405,0.363818988,1.5,150,550,1.5,30,3.5,0.125,0,0.2442,0,0
5,6,raw,9.6,17.92861469,1.356506423,2.117044217,-3.032851746,0.252568577,1.5,150,550,1.5,30,3.5,0.125,0,0.2442,0,0
5,6,raw,9.8,18.3733678,0.740874325,2.356236401,-3.130169653,0.137943743,1.5,150,550,1.5,30,3.5,0.125,0,0.2442,0,0
5,6,raw,10,18.87110925,0.104438562,2.488707249,-3.182178813,0.019445466,1.5,150,550,1.5,30,3.5,0.125,0,0.2442,0,0
5,7,pure,0,5.194194469,23.82106014,0.450489456,-0.912995095,4.435254531,1.5,150,550,1.5,30,3.5,0.125,0,0.2442,0,0
5,7,pure,0.2,5.28429236,23.63846112,0.454929072,-0.921986609,4.401256333,1.5,150,550,1.5,30,3.5,0.125,0,0.2442,0,0
5,7,pure,0.4,5.376166098,23.4522655,0.463917192,-0.940189947,4.366588481,1.5,150,550,1.5,30,3.5,0.125,0,0.2442,0,0
5,7,pure,0.6,5.469859237,23.26238514,0.473126728,-0.958841265,4.331234567,1.5,150,550,1.5,30,3.5,0.125,0,0.2442,0,0
5,7,pure,0.8,5.565416789,23.06872899,0.48256559,-0.977956547,4.295177636,1.5,150,550,1.5,30,3.5,0.125,0,0.2442,0,0
5,7,pure,1,5.662885473,22.87120252,0.492242314,-0.997553044,4.258400089,1.5,150,550,1.5,30,3.5,0.125,0,0.2442,0,0
5,7,pure,1.2,5.762313715,22.66970777,0.502165437,-1.017648009,4.220883685,1.5,150,550,1.5,30,3.5,0.125,0,0.2442,0,0
5,7,pure,1.4,5.863751648,22.46414332,0.512343496,-1.038258693,4.182609542,1.5,150,550,1.5,30,3.5,0.125,0,0.2442,0,0
5,7,pure,1.6,5.967251114,22.2544043,0.522785028,-1.059402348,4.143558133,1.5,150,550,1.5,30,3.5,0.125,0,0.2442,0,0
5,7,pure,1.8,6.072865659,22.04038238,0.533701742,-1.081506102,4.103709291,1.5,150,550,1.5,30,3.5,0.125,0,0.2442,0,0
5,7,pure,2,6.18073181,21.82180185,0.546032126,-1.106463251,4.063011679,1.5,150,550,1.5,30,3.5,0.125,0,0.2442,0,0
5,7,pure,2.2,6.29127851,21.59779708,0.559455974,-1.133627827,4.021304123,1.5,150,550,1.5,30,3.5,0.125,0,0.2442,0,0
5,7,pure,2.4,6.4045142,21.36835072,0.572791083,-1.16061491,3.978583397,1.5,150,550,1.5,30,3.5,0.125,0,0.2442,0,0
5,7,pure,2.6,6.520394943,21.13355112,0.585935411,-1.187218693,3.934865946,1.5,150,550,1.5,30,3.5,0.125,0,0.2442,0,0
5,7,pure,2.8,6.638888364,20.89346325,0.598946779,-1.213555869,3.890163871,1.5,150,550,1.5,30,3.5,0.125,0,0.2442,0,0
5,7,pure,3,6.759973655,20.64812877,0.611883007,-1.239743135,3.844484928,1.5,150,550,1.5,30,3.5,0.125,0,0.2442,0,0
5,7,pure,3.2,6.883641567,20.39756599,0.624801915,-1.265897186,3.797832525,1.5,150,550,1.5,30,3.5,0.125,0,0.2442,0,0
5,7,pure,3.4,7.009894421,20.14176989,0.637761324,-1.292134718,3.750205728,1.5,150,550,1.5,30,3.5,0.125,0,0.2442,0,0
5,7,pure,3.6,7.138746097,19.88071211,0.650819054,-1.318572424,3.701599254,1.5,150,550,1.5,30,3.5,0.125,0,0.2442,0,0
5,7,pure,3.8,7.270222042,19.61434092,0.664032925,-1.345327002,3.652003477,1.5,150,550,1.5,30,3.5,0.125,0,0.2442,0,0
5,7,pure,4,7.404359267,19.3425813,0.677460759,-1.372515147,3.601404424,1.5,150,550,1.5,30,3.5,0.125,0,0.2442,0,0
5,7,pure,4.2,7.541206346,19.06533486,0.691160375,-1.400253553,3.549783777,1.5,150,550,1.5,30,3.5,0.125,0,0.2442,0,0
5,7,pure,4.4,7.680823417,18.78247988,0.705189595,-1.428658917,3.497118873,1.5,150,550,1.5,30,3.5,0.125,0,0.2442,0,0
5,7,pure,4.6,7.823282184,18.4938713,0.719606238,-1.457847933,3.443382704,1.5,150,550,1.5,30,3.5,0.125,0,0.2442,0,0
5,7,pure,4.8,7.968665912,18.19934071,0.734468125,-1.487937297,3.388543913,1.5,150,550,1.5,30,3.5,0.125,0,0.2442,0,0
5,7,pure,5,8.117069433,17.89869638,0.749833076,-1.519043705,3.332566802,1.5,150,550,1.5,30,3.5,0.125,0,0.2442,0,0
5,7,pure,5.2,8.268599142,17.59172323,0.765758912,-1.551283851,3.275411325,1.5,150,550,1.5,30,3.5,0.125,0,0.2442,0,0
5,7,pure,5.4,8.423372998,17.27818284,0.782303453,-1.584774432,3.217033091,1.5,150,550,1.5,30,3.5,0.125,0,0.2442,0,0
5,7,pure,5.6,8.581520524,16.95781346,0.79952452,-1.619632142,3.157383362,1.5,150,550,1.5,30,3.5,0.125,0,0.2442,0,0
5,7,pure,5.8,8.743182806,16.63032998,0.817479934,-1.655973677,3.096409059,1.5,150,550,1.5,30,3.5,0.125,0,0.2442,0,0
5,7,pure,6,8.908512497,16.29542398,0.836227514,-1.693915733,3.034052751,1.5,150,550,1.5,30,3.5,0.125,0,0.2442,0,0
5,7,pure,6.2,9.077673812,15.95276369,0.855825081,-1.733575005,2.970252668,1.5,150,550,1.5,30,3.5,0.125,0,0.2442,0,0
5,7,pure,6.4,9.250842529,15.60199398,0.876330456,-1.775068187,2.904942689,1.5,150,550,1.5,30,3.5,0.125,0,0.2442,0,0
5,7,pure,6.6,9.428205994,15.24273641,0.897801458,-1.818511977,2.838052351,1.5,150,550,1.5,30,3.5,0.125,0,0.2442,0,0
5,7,pure,6.8,9.609963113,14.87458919,0.92029591,-1.864023068,2.769506845,1.5,150,550,1.5,30,3.5,0.125,0,0.2442,0,0
5,7,pure,7,9.796324358,14.49712719,0.94387163,-1.911718157,2.699227014,1.5,150,550,1.5,30,3.5,0.125,0,0.2442,0,0
5,7,pure,7.2,9.987511765,14.10990193,0.968586439,-1.961713938,2.627129359,1.5,150,550,1.5,30,3.5,0.125,0,0.2442,0,0
5,7,pure,7.4,10.18375893,13.71244161,0.994498159,-2.014127108,2.553126033,1.5,150,550,1.5,30,3.5,0.125,0,0.2442,0,0
5,7,pure,7.6,10.38531103,13.30425109,1.021664608,-2.069074361,2.477124845,1.5,150,550,1.5,30,3.5,0.125,0,0.2442,0,0
5,7,pure,7.8,10.59242478,12.88481187,1.050143609,-2.126672393,2.399029257,1.5,150,550,1.5,30,3.5,0.125,0,0.2442,0,0
5,7,pure,8,10.80536847,12.45358213,1.07999298,-2.187037899,2.318738387,1.5,150,550,1.5,30,3.5,0.125,0,0.2442,0,0
5,7,pure,8.2,11.02442197,12.00999671,1.111270544,-2.250287576,2.236147006,1.5,150,550,1.5,30,3.5,0.125,0,0.2442,0,0
5,7,pure,8.4,11.24987669,11.5534671,1.144034119,-2.316538117,2.151145541,1.5,150,550,1.5,30,3.5,0.125,0,0.2442,0,0
5,7,pure,8.6,11.48203562,11.08338146,1.178341527,-2.385906219,2.063620072,1.5,150,550,1.5,30,3.5,0.125,0,0.2442,0,0
5,7,pure,8.8,11.7212133,10.59910461,1.214250588,-2.458508577,1.973452335,1.5,150,550,1.5,30,3.5,0.125,0,0.2442,0,0
5,7,pure,9,11.96773585,10.09997803,1.251819123,-2.534461886,1.880519719,1.5,150,550,1.5,30,3.5,0.125,0,0.2442,0,0
5,7,pure,9.2,12.22194095,9.585319857,1.291104951,-2.613882842,1.784695269,1.5,150,550,1.5,30,3.5,0.125,0,0.2442,0,0
5,7,pure,9.4,12.48417783,9.054424893,1.332165894,-2.69688814,1.685847683,1.5,150,550,1.5,30,3.5,0.125,0,0.2442,0,0
5,7,pure,9.6,12.75480731,8.506564601,1.375059772,-2.783594475,1.583841314,1.5,150,550,1.5,30,3.5,0.125,0,0.2442,0,0
5,7,pure,9.8,13.03420174,7.940987103,1.419844405,-2.874118543,1.47853617,1.5,150,550,1.5,30,3.5,0.125,0,0.2442,0,0
5,7,pure,10,13.32274507,7.356917184,1.466577613,-2.96857704,1.369787914,1.5,150,550,1.5,30,3.5,0.125,0,0.2442,0,0
5,7,pure,10.2,13.62083279,6.753556287,1.515317218,-3.06708666,1.257447861,1.5,150,550,1.5,30,3.5,0.125,0,0.2442,0,0
5,7,pure,10.4,13.92887196,6.13008252,1.56612104,-3.1697641,1.141362983,1.5,150,550,1.5,30,3.5,0.125,0,0.2442,0,0
5,7,pure,10.6,14.2472812,5.485650647,1.619046898,-3.276726054,1.021375906,1.5,150,550,1.5,30,3.5,0.125,0,0.2442,0,0
5,7,pure,10.8,14.57649072,4.819392098,1.674152614,-3.388089217,0.89732491,1.5,150,550,1.5,30,3.5,0.125,0,0.2442,0,0
5,7,pure,11,14.91694225,4.13041496,1.731496009,-3.503970286,0.769043928,1.5,150,550,1.5,30,3.5,0.125,0,0.2442,0,0
5,7,pure,11.2,15.26908912,3.417803984,1.760734353,-3.563054884,0.636362551,1.5,150,550,1.5,30,3.5,0.125,0,0.2442,0,0
5,8,raw,0,6.358208955,22.65671642,0.674026987,-1.128177377,4.218464819,1.5,150,550,1.5,30,3.5,0.125,0,0.2442,0,0
5,8,raw,0.2,6.493014352,22.43108094,0.681045409,-1.140121186,4.176453643,1.5,150,550,1.5,30,3.5,0.125,0,0.2442,0,0
5,8,raw,0.4,6.630627119,22.20066795,0.695220324,-1.164256297,4.133552937,1.5,150,550,1.5,30,3.5,0.125,0,0.2442,0,0
5,8,raw,0.6,6.771102482,21.96537843,0.709673413,-1.188891136,4.089744269,1.5,150,550,1.5,30,3.5,0.125,0,0.2442,0,0
5,8,raw,0.8,6.914496484,21.72511149,0.724408725,-1.214035487,4.045008854,1.5,150,550,1.5,30,3.5,0.125,0,0.2442,0,0
5,8,raw,1,7.060865972,21.47976423,0.739430294,-1.239699434,3.999327531,1.5,150,550,1.5,30,3.5,0.125,0,0.2442,0,0
5,8,raw,1.2,7.210268602,21.22923172,0.754742158,-1.26589306,3.952680763,1.5,150,550,1.5,30,3.5,0.125,0,0.2442,0,0
5,8,raw,1.4,7.362762835,20.97340701,0.770348352,-1.292626451,3.905048638,1.5,150,550,1.5,30,3.5,0.125,0,0.2442,0,0
5,8,raw,1.6,7.518407942,20.71218114,0.786252911,-1.31990969,3.856410869,1.5,150,550,1.5,30,3.5,0.125,0,0.2442,0,0
5,8,raw,1.8,7.677264,20.44544313,0.802375844,-1.347718024,3.806746792,1.5,150,550,1.5,30,3.5,0.125,0,0.2442,0,0
5,8,raw,2,7.83935828,20.17309393,0.818654476,-1.376030952,3.756037965,1.5,150,550,1.5,30,3.5,0.125,0,0.2442,0,0
5,8,raw,2.2,8.00472579,19.89503075,0.835239597,-1.404915952,3.704265249,1.5,150,550,1.5,30,3.5,0.125,0,0.2442,0,0
5,8,raw,2.4,8.173454119,19.61112755,0.852255737,-1.434434308,3.651405177,1.5,150,550,1.5,30,3.5,0.125,0,0.2442,0,0
5,8,raw,2.6,8.345628085,19.32125703,0.869688496,-1.464591995,3.597434046,1.5,150,550,1.5,30,3.5,0.125,0,0.2442,0,0
5,8,raw,2.8,8.521329517,19.02529075,0.88752292,-1.495394762,3.542327944,1.5,150,550,1.5,30,3.5,0.125,0,0.2442,0,0
5,8,raw,3,8.700637253,18.72309912,0.905744056,-1.526848361,3.486062741,1.5,150,550,1.5,30,3.5,0.125,0,0.2442,0,0
5,8,raw,3.2,8.88362714,18.4145514,0.924336953,-1.558958542,3.428614095,1.5,150,550,1.5,30,3.5,0.125,0,0.2442,0,0
5,8,raw,3.4,9.070372034,18.09951571,0.943286656,-1.591731055,3.369957448,1.5,150,550,1.5,30,3.5,0.125,0,0.2442,0,0
5,8,raw,3.6,9.260941802,17.77785898,0.962578213,-1.625171652,3.31006803,1.5,150,550,1.5,30,3.5,0.125,0,0.2442,0,0
5,8,raw,3.8,9.455403319,17.44944704,0.982196671,-1.659286082,3.248920854,1.5,150,550,1.5,30,3.5,0.125,0,0.2442,0,0
5,8,raw,4,9.65382047,17.11414455,1.002127077,-1.694080096,3.186490723,1.5,150,550,1.5,30,3.5,0.125,0,0.2442,0,0
5,8,raw,4.2,9.85625415,16.77181501,1.022354479,-1.729559446,3.122752223,1.5,150,550,1.5,30,3.5,0.125,0,0.2442,0,0
5,8,raw,4.4,10.06276226,16.42232077,1.042863924,-1.765729881,3.057679725,1.5,150,550,1.5,30,3.5,0.125,0,0.2442,0,0
5,8,raw,4.6,10.27339972,16.06552305,1.063640458,-1.802597152,2.991247388,1.5,150,550,1.5,30,3.5,0.125,0,0.2442,0,0
5,8,raw,4.8,10.48821845,15.70128191,1.084669128,-1.84016701,2.923429156,1.5,150,550,1.5,30,3.5,0.125,0,0.2442,0,0
5,8,raw,5,10.70726737,15.32945625,1.105934983,-1.878445204,2.854198759,1.5,150,550,1.5,30,3.5,0.125,0,0.2442,0,0
5,8,raw,5.2,10.93059244,14.94990383,1.127423069,-1.917437487,2.783529713,1.5,150,550,1.5,30,3.5,0.125,0,0.2442,0,0
5,8,raw,5.4,11.1582366,14.56248125,1.149118433,-1.957149608,2.711395319,1.5,150,550,1.5,30,3.5,0.125,0,0.2442,0,0
5,8,raw,5.6,11.39023981,14.16704399,1.171006123,-1.997587318,2.637768666,1.5,150,550,1.5,30,3.5,0.125,0,0.2442,0,0
5,8,raw,5.8,11.62663905,13.76344633,1.193071185,-2.038756367,2.562622626,1.5,150,550,1.5,30,3.5,0.125,0,0.2442,0,0
5,8,raw,6,11.86746829,13.35154144,1.215298667,-2.080662507,2.485929858,1.5,150,550,1.5,30,3.5,0.125,0,0.2442,0,0
5,8,raw,6.2,12.11275851,12.93118133,1.237673615,-2.123311487,2.407662809,1.5,150,550,1.5,30,3.5,0.125,0,0.2442,0,0
5,8,raw,6.4,12.36253773,12.50221684,1.260181078,-2.166709058,2.327793708,1.5,150,550,1.5,30,3.5,0.125,0,0.2442,0,0
5,8,raw,6.6,12.61683095,12.0644977,1.282806101,-2.210860971,2.246294572,1.5,150,550,1.5,30,3.5,0.125,0,0.2442,0,0
5,8,raw,6.8,12.87566017,11.61787246,1.305533733,-2.255772977,2.163137205,1.5,150,550,1.5,30,3.5,0.125,0,0.2442,0,0
5,8,raw,7,13.13904444,11.16218851,1.32834902,-2.301450825,2.078293194,1.5,150,550,1.5,30,3.5,0.125,0,0.2442,0,0
5,8,raw,7.2,13.40699978,10.69729213,1.35123701,-2.347900267,1.991733915,1.5,150,550,1.5,30,3.5,0.125,0,0.2442,0,0
5,8,raw,7.4,13.67953924,10.2230284,1.374182749,-2.395127054,1.903430527,1.5,150,550,1.5,30,3.5,0.125,0,0.2442,0,0
5,8,raw,7.6,13.95667288,9.739241304,1.397171285,-2.443136934,1.813353976,1.5,150,550,1.5,30,3.5,0.125,0,0.2442,0,0
5,8,raw,7.8,14.23840776,9.24577363,1.419305347,-2.491664543,1.721474995,1.5,150,550,1.5,30,3.5,0.125,0,0.2442,0,0
5,8,raw,8,14.52439502,8.742575487,1.438456273,-2.540026233,1.627784293,1.5,150,550,1.5,30,3.5,0.125,0,0.2442,0,0
5,8,raw,8.2,14.81379027,8.229763137,1.457512895,-2.589076016,1.532303517,1.5,150,550,1.5,30,3.5,0.125,0,0.2442,0,0
5,8,raw,8.4,15.10740018,7.70694508,1.479791756,-2.639916677,1.434959774,1.5,150,550,1.5,30,3.5,0.125,0,0.2442,0,0
5,8,raw,8.6,15.40570697,7.173796466,1.503217179,-2.692078988,1.33569258,1.5,150,550,1.5,30,3.5,0.125,0,0.2442,0,0
5,8,raw,8.8,15.70868705,6.630113485,1.525260131,-2.744957757,1.234463987,1.5,150,550,1.5,30,3.5,0.125,0,0.2442,0,0
5,8,raw,9,16.01581102,6.075813363,1.543391579,-2.797947793,1.131258583,1.5,150,550,1.5,30,3.5,0.125,0,0.2442,0,0
5,8,raw,9.2,16.32604368,5.510934368,1.55508249,-2.850443904,1.026083494,1.5,150,550,1.5,30,3.5,0.125,0,0.2442,0,0
5,8,raw,9.4,16.63784402,4.935635802,1.557803831,-2.901840899,0.91896838,1.5,150,550,1.5,30,3.5,0.125,0,0.2442,0,0
5,8,raw,9.6,16.94916521,4.350198008,1.549026569,-2.951533586,0.809965439,1.5,150,550,1.5,30,3.5,0.125,0,0.2442,0,0
5,8,raw,9.8,17.25745464,3.755022368,1.526221669,-2.998916773,0.699149403,1.5,150,550,1.5,30,3.5,0.125,0,0.2442,0,0
5,8,raw,10,17.55965388,3.150631299,1.486860101,-3.04338527,0.586617542,1.5,150,550,1.5,30,3.5,0.125,0,0.2442,0,0
5,8,raw,10.2,17.85219868,2.537668259,1.428412829,-3.084333886,0.472489662,1.5,150,550,1.5,30,3.5,0.125,0,0.2442,0,0
5,8,raw,10.4,18.13101901,1.916897745,1.360395668,-3.122660958,0.356908104,1.5,150,550,1.5,30,3.5,0.125,0,0.2442,0,0
5,8,raw,10.6,18.39635695,1.288603876,1.210833452,-3.148768044,0.239925769,1.5,150,550,1.5,30,3.5,0.125,0,0.2442,0,0
5,8,raw,10.8,18.61535239,0.657390527,0.749780958,-3.12996106,0.122399855,1.5,150,550,1.5,30,3.5,0.125,0,0.2442,0,0
5,8,raw,11,18.69626933,0.036619452,0.177086884,-3.081968772,0.006818193,1.5,150,550,1.5,30,3.5,0.125,0,0.2442,0,0
5,8,raw,11.2,18.68618715,-0.575396982,-0.050410941,-3.06008217,-0.107133438,1.5,150,550,1.5,30,3.5,0.125,0,0.2442,0,0
5,9,pure,0,5.965909091,25.65340909,0.677365036,-1.286480392,4.776420454,1.5,150,550,1.5,30,3.5,0.125,0,0.2442,0,0
5,9,pure,0.2,6.101382098,25.39611301,0.681242976,-1.300628849,4.728514375,1.5,150,550,1.5,30,3.5,0.125,0,0.2442,0,0
5,9,pure,0.4,6.238406281,25.13315755,0.688839595,-1.329064295,4.679554573,1.5,150,550,1.5,30,3.5,0.125,0,0.2442,0,0
5,9,pure,0.6,6.376917936,24.86448729,0.696105756,-1.357768557,4.629530729,1.5,150,550,1.5,30,3.5,0.125,0,0.2442,0,0
5,9,pure,0.8,6.516848584,24.59005013,0.703017325,-1.386724097,4.578433143,1.5,150,550,1.5,30,3.5,0.125,0,0.2442,0,0
5,9,pure,1,6.658124866,24.30979765,0.709549905,-1.415912342,4.526252801,1.5,150,550,1.5,30,3.5,0.125,0,0.2442,0,0
5,9,pure,1.2,6.800668546,24.02368519,0.7156791,-1.445314717,4.472981386,1.5,150,550,1.5,30,3.5,0.125,0,0.2442,0,0
5,9,pure,1.4,6.944396506,23.73167177,0.721380513,-1.47491265,4.418611267,1.5,150,550,1.5,30,3.5,0.125,0,0.2442,0,0
5,9,pure,1.6,7.089220751,23.43372013,0.726630455,-1.504687614,4.36313551,1.5,150,550,1.5,30,3.5,0.125,0,0.2442,0,0
5,9,pure,1.8,7.235048688,23.12979672,0.731838935,-1.534652555,4.306547866,1.5,150,550,1.5,30,3.5,0.125,0,0.2442,0,0
5,9,pure,2,7.381956325,22.81985911,0.737226961,-1.564814511,4.248840434,1.5,150,550,1.5,30,3.5,0.125,0,0.2442,0,0
5,9,pure,2.2,7.529939473,22.50387092,0.742166485,-1.595116764,4.190006442,1.5,150,550,1.5,30,3.5,0.125,0,0.2442,0,0
5,9,pure,2.4,7.678822919,22.1818124,0.746232923,-1.62550226,4.130042214,1.5,150,550,1.5,30,3.5,0.125,0,0.2442,0,0
5,9,pure,2.6,7.828432642,21.85367001,0.749432214,-1.655940036,4.068945226,1.5,150,550,1.5,30,3.5,0.125,0,0.2442,0,0
5,9,pure,2.8,7.978595805,21.51943639,0.7517703,-1.686399126,4.006714109,1.5,150,550,1.5,30,3.5,0.125,0,0.2442,0,0
5,9,pure,3,8.129140762,21.17911036,0.753253122,-1.716848565,3.943348644,1.5,150,550,1.5,30,3.5,0.125,0,0.2442,0,0
5,9,pure,3.2,8.279897054,20.83269696,0.753886621,-1.747257388,3.878849768,1.5,150,550,1.5,30,3.5,0.125,0,0.2442,0,0
5,9,pure,3.4,8.43069541,20.48020741,0.753676737,-1.777594628,3.81321957,1.5,150,550,1.5,30,3.5,0.125,0,0.2442,0,0
5,9,pure,3.6,8.581367749,20.12165911,0.752629412,-1.807829322,3.746461292,1.5,150,550,1.5,30,3.5,0.125,0,0.2442,0,0
5,9,pure,3.8,8.731747175,19.75707568,0.750750586,-1.837930504,3.678579329,1.5,150,550,1.5,30,3.5,0.125,0,0.2442,0,0
5,9,pure,4,8.881667983,19.38648691,0.7480462,-1.867867208,3.609579229,1.5,150,550,1.5,30,3.5,0.125,0,0.2442,0,0
5,9,pure,4.2,9.030965655,19.0099288,0.744522195,-1.89760847,3.539467695,1.5,150,550,1.5,30,3.5,0.125,0,0.2442,0,0
5,9,pure,4.4,9.179476861,18.62744352,0.740184512,-1.927123324,3.46825258,1.5,150,550,1.5,30,3.5,0.125,0,0.2442,0,0
5,9,pure,4.6,9.327039459,18.23907947,0.735039091,-1.956380805,3.395942891,1.5,150,550,1.5,30,3.5,0.125,0,0.2442,0,0
5,9,pure,4.8,9.473492497,17.8448912,0.729091874,-1.985349948,3.32254879,1.5,150,550,1.5,30,3.5,0.125,0,0.2442,0,0
5,9,pure,5,9.618676209,17.44493949,0.722348802,-2.013999787,3.24808159,1.5,150,550,1.5,30,3.5,0.125,0,0.2442,0,0
5,9,pure,5.2,9.762432018,17.03929128,0.714815815,-2.042299358,3.172553758,1.5,150,550,1.5,30,3.5,0.125,0,0.2442,0,0
5,9,pure,5.4,9.904602535,16.62801974,0.706498853,-2.070217694,3.095978914,1.5,150,550,1.5,30,3.5,0.125,0,0.2442,0,0
5,9,pure,5.6,10.04503156,16.21120421,0.697403859,-2.097723832,3.018371831,1.5,150,550,1.5,30,3.5,0.125,0,0.2442,0,0
5,9,pure,5.8,10.18356408,15.78893021,0.687536773,-2.124786805,2.939748435,1.5,150,550,1.5,30,3.5,0.125,0,0.2442,0,0
5,9,pure,6,10.32004627,15.36128949,0.676903535,-2.151375648,2.860125804,1.5,150,550,1.5,30,3.5,0.125,0,0.2442,0,0
5,9,pure,6.2,10.45432549,14.92837995,0.665510087,-2.177459397,2.779522172,1.5,150,550,1.5,30,3.5,0.125,0,0.2442,0,0
5,9,pure,6.4,10.5862503,14.49030573,0.65336237,-2.203007085,2.697956923,1.5,150,550,1.5,30,3.5,0.125,0,0.2442,0,0
5,9,pure,6.6,10.71567044,14.04717712,0.640466324,-2.227987749,2.615450597,1.5,150,550,1.5,30,3.5,0.125,0,0.2442,0,0
5,9,pure,6.8,10.84243683,13.59911063,0.626827889,-2.252370421,2.532024883,1.5,150,550,1.5,30,3.5,0.125,0,0.2442,0,0
5,9,pure,7,10.9664016,13.14622895,0.612453008,-2.276124138,2.447702628,1.5,150,550,1.5,30,3.5,0.125,0,0.2442,0,0
5,9,pure,7.2,11.08741804,12.68866097,0.597347621,-2.299217934,2.362507829,1.5,150,550,1.5,30,3.5,0.125,0,0.2442,0,0
5,9,pure,7.4,11.20534064,12.22654178,0.581517668,-2.321620844,2.276465635,1.5,150,550,1.5,30,3.5,0.125,0,0.2442,0,0
5,9,pure,7.6,11.3200251,11.76001263,0.564969091,-2.343301902,2.189602352,1.5,150,550,1.5,30,3.5,0.125,0,0.2442,0,0
5,9,pure,7.8,11.43132828,11.28922101,0.54770783,-2.364230144,2.101945437,1.5,150,550,1.5,30,3.5,0.125,0,0.2442,0,0
5,9,pure,8,11.53910824,10.81432058,0.529739827,-2.384374603,2.013523498,1.5,150,550,1.5,30,3.5,0.125,0,0.2442,0,0
5,9,pure,8.2,11.64322421,10.33547117,0.511071022,-2.403704316,1.924366299,1.5,150,550,1.5,30,3.5,0.125,0,0.2442,0,0
5,9,pure,8.4,11.74353664,9.85283885,0.491707355,-2.422188316,1.834504757,1.5,150,550,1.5,30,3.5,0.125,0,0.2442,0,0
5,9,pure,8.6,11.83990715,9.366595847,0.471654769,-2.439795639,1.743970941,1.5,150,550,1.5,30,3.5,0.125,0,0.2442,0,0
5,9,pure,8.8,11.93219855,8.876920595,0.450919203,-2.456495319,1.652798073,1.5,150,550,1.5,30,3.5,0.125,0,0.2442,0,0
5,9,pure,9,12.02027484,8.383997719,0.429506599,-2.472256391,1.561020528,1.5,150,550,1.5,30,3.5,0.125,0,0.2442,0,0
5,9,pure,9.2,12.10400119,7.888018039,0.407422898,-2.487047889,1.468673835,1.5,150,550,1.5,30,3.5,0.125,0,0.2442,0,0
5,9,pure,9.4,12.18324399,7.389178564,0.384674039,-2.500838849,1.375794675,1.5,150,550,1.5,30,3.5,0.125,0,0.2442,0,0
5,9,pure,9.6,12.25787081,6.887682499,0.361265965,-2.513598306,1.282420884,1.5,150,550,1.5,30,3.5,0.125,0,0.2442,0,0
5,9,pure,9.8,12.32775038,6.383739241,0.337204616,-2.525295293,1.188591449,1.5,150,550,1.5,30,3.5,0.125,0,0.2442,0,0
5,9,pure,10,12.39275265,5.877564382,0.312495932,-2.535898846,1.094346511,1.5,150,550,1.5,30,3.5,0.125,0,0.2442,0,0
5,9,pure,10.2,12.45274875,5.369379703,0.287145856,-2.545378,0.999727364,1.5,150,550,1.5,30,3.5,0.125,0,0.2442,0,0
5,9,pure,10.4,12.507611,4.859413182,0.261160327,-2.553701789,0.904776454,1.5,150,550,1.5,30,3.5,0.125,0,0.2442,0,0
5,9,pure,10.6,12.55721288,4.347898987,0.234545286,-2.560839249,0.809537383,1.5,150,550,1.5,30,3.5,0.125,0,0.2442,0,0
5,9,pure,10.8,12.60142911,3.835077482,0.207306675,-2.566759413,0.714054903,1.5,150,550,1.5,30,3.5,0.125,0,0.2442,0,0
5,9,pure,11,12.64013555,3.321195222,0.179450433,-2.571431317,0.61837492,1.5,150,550,1.5,30,3.5,0.125,0,0.2442,0,0
5,9,pure,11.2,12.67320928,2.806504955,0.165368648,-2.573451333,0.522544494,1.5,150,550,1.5,30,3.5,0.125,0,0.2442,0,0
5,10,raw,0,5.965909091,23.35227273,0.602914584,-1.238447418,4.34797078,1.5,150,550,1.5,30,3.5,0.125,0,0.2442,0,0
5,10,raw,0.2,6.086492008,23.10458325,0.608516963,-1.25090466,4.301853357,1.5,150,550,1.5,30,3.5,0.125,0,0.2442,0,0
5,10,raw,0.4,6.209315876,22.85191087,0.619796078,-1.276047209,4.254808166,1.5,150,550,1.5,30,3.5,0.125,0,0.2442,0,0
5,10,raw,0.6,6.334410439,22.59416436,0.631222415,-1.301648491,4.206818222,1.5,150,550,1.5,30,3.5,0.125,0,0.2442,0,0
5,10,raw,0.8,6.461804842,22.33125147,0.642792327,-1.327713592,4.157866345,1.5,150,550,1.5,30,3.5,0.125,0,0.2442,0,0
5,10,raw,1,6.59152737,22.06307893,0.654501497,-1.35424748,4.107935171,1.5,150,550,1.5,30,3.5,0.125,0,0.2442,0,0
5,10,raw,1.2,6.723605441,21.78955248,0.66634561,-1.381255124,4.057007152,1.5,150,550,1.5,30,3.5,0.125,0,0.2442,0,0
5,10,raw,1.4,6.858065614,21.51057688,0.678320348,-1.408741492,4.005064552,1.5,150,550,1.5,30,3.5,0.125,0,0.2442,0,0
5,10,raw,1.6,6.99493358,21.22605588,0.690421395,-1.436711552,3.952089452,1.5,150,550,1.5,30,3.5,0.125,0,0.2442,0,0
5,10,raw,1.8,7.134234172,20.93589226,0.702536049,-1.465109986,3.898063749,1.5,150,550,1.5,30,3.5,0.125,0,0.2442,0,0
5,10,raw,2,7.275948,20.64001189,0.714556996,-1.493881333,3.842973642,1.5,150,550,1.5,30,3.5,0.125,0,0.2442,0,0
5,10,raw,2.2,7.42005697,20.33833972,0.726681417,-1.523138576,3.786805158,1.5,150,550,1.5,30,3.5,0.125,0,0.2442,0,0
5,10,raw,2.4,7.566620567,20.03075646,0.73908383,-1.552986969,3.729536083,1.5,150,550,1.5,30,3.5,0.125,0,0.2442,0,0
5,10,raw,2.6,7.715690502,19.71714493,0.75172322,-1.583414579,3.671144604,1.5,150,550,1.5,30,3.5,0.125,0,0.2442,0,0
5,10,raw,2.8,7.867309855,19.39739062,0.764556431,-1.614408292,3.611609397,1.5,150,550,1.5,30,3.5,0.125,0,0.2442,0,0
5,10,raw,3,8.021513075,19.07138162,0.777540307,-1.645954998,3.550909625,1.5,150,550,1.5,30,3.5,0.125,0,0.2442,0,0
5,10,raw,3.2,8.178325978,18.73900863,0.790631692,-1.678041585,3.489024939,1.5,150,550,1.5,30,3.5,0.125,0,0.2442,0,0
5,10,raw,3.4,8.337765751,18.40016498,0.803787429,-1.710654939,3.42593548,1.5,150,550,1.5,30,3.5,0.125,0,0.2442,0,0
5,10,raw,3.6,8.49984095,18.05474665,0.816964363,-1.743781951,3.361621876,1.5,150,550,1.5,30,3.5,0.125,0,0.2442,0,0
5,10,raw,3.8,8.664551497,17.7026522,0.830119337,-1.777409506,3.296065244,1.5,150,550,1.5,30,3.5,0.125,0,0.2442,0,0
5,10,raw,4,8.831888685,17.34378285,0.843209196,-1.811524495,3.229247187,1.5,150,550,1.5,30,3.5,0.125,0,0.2442,0,0
5,10,raw,4.2,9.001835175,16.97804241,0.856190783,-1.846113803,3.1611498,1.5,150,550,1.5,30,3.5,0.125,0,0.2442,0,0
5,10,raw,4.4,9.174364998,16.60533733,0.869020942,-1.881164321,3.091755664,1.5,150,550,1.5,30,3.5,0.125,0,0.2442,0,0
5,10,raw,4.6,9.349443552,16.22557668,0.881656517,-1.916662935,3.021047848,1.5,150,550,1.5,30,3.5,0.125,0,0.2442,0,0
5,10,raw,4.8,9.527027604,15.83867215,0.894054352,-1.952596534,2.94900991,1.5,150,550,1.5,30,3.5,0.125,0,0.2442,0,0
5,10,raw,5,9.707065292,15.44453806,0.90617129,-1.988952006,2.875625897,1.5,150,550,1.5,30,3.5,0.125,0,0.2442,0,0
5,10,raw,5.2,9.88949612,15.04309135,0.917964177,-2.025716239,2.800880342,1.5,150,550,1.5,30,3.5,0.125,0,0.2442,0,0
5,10,raw,5.4,10.07425096,14.63425157,0.929389855,-2.062876121,2.724758268,1.5,150,550,1.5,30,3.5,0.125,0,0.2442,0,0
5,10,raw,5.6,10.26125206,14.2179409,0.940405169,-2.10041854,2.647245187,1.5,150,550,1.5,30,3.5,0.125,0,0.2442,0,0
5,10,raw,5.8,10.45041303,13.79408415,0.950966962,-2.138330384,2.568327097,1.5,150,550,1.5,30,3.5,0.125,0,0.2442,0,0
5,10,raw,6,10.64163885,13.36260875,0.961032079,-2.176598541,2.487990486,1.5,150,550,1.5,30,3.5,0.125,0,0.2442,0,0
5,10,raw,6.2,10.83482586,12.92344474,0.970557363,-2.215209899,2.406222329,1.5,150,550,1.5,30,3.5,0.125,0,0.2442,0,0
5,10,raw,6.4,11.02986179,12.47652479,0.979499658,-2.254151347,2.323010091,1.5,150,550,1.5,30,3.5,0.125,0,0.2442,0,0
5,10,raw,6.6,11.22662573,12.0217842,0.987815808,-2.293409771,2.238341724,1.5,150,550,1.5,30,3.5,0.125,0,0.2442,0,0
5,10,raw,6.8,11.42498812,11.55916088,0.995462657,-2.332972062,2.152205668,1.5,150,550,1.5,30,3.5,0.125,0,0.2442,0,0
5,10,raw,7,11.62481079,11.08859537,1.002397049,-2.372825105,2.064590853,1.5,150,550,1.5,30,3.5,0.125,0,0.2442,0,0
5,10,raw,7.2,11.82594694,10.61003084,1.004855338,-2.412259162,1.975486694,1.5,150,550,1.5,30,3.5,0.125,0,0.2442,0,0
5,10,raw,7.4,12.02675292,10.12369171,0.995927092,-2.449944324,1.88493498,1.5,150,550,1.5,30,3.5,0.125,0,0.2442,0,0
5,10,raw,7.6,12.22431777,9.630053108,0.983501068,-2.487263146,1.793024174,1.5,150,550,1.5,30,3.5,0.125,0,0.2442,0,0
5,10,raw,7.8,12.42015335,9.12878645,0.978128198,-2.526081407,1.699693096,1.5,150,550,1.5,30,3.5,0.125,0,0.2442,0,0
5,10,raw,8,12.61556905,8.619620545,0.978241472,-2.566008717,1.604891254,1.5,150,550,1.5,30,3.5,0.125,0,0.2442,0,0
5,10,raw,8.2,12.81144994,8.102382963,0.981719238,-2.60655129,1.508586542,1.5,150,550,1.5,30,3.5,0.125,0,0.2442,0,0
5,10,raw,8.4,13.00825675,7.577000029,0.986439847,-2.64721534,1.410765244,1.5,150,550,1.5,30,3.5,0.125,0,0.2442,0,0
5,10,raw,8.6,13.20602588,7.043496827,0.99028165,-2.687507082,1.311432028,1.5,150,550,1.5,30,3.5,0.125,0,0.2442,0,0
5,10,raw,8.8,13.40436941,6.501997196,0.991122996,-2.726932731,1.210609954,1.5,150,550,1.5,30,3.5,0.125,0,0.2442,0,0
5,10,raw,9,13.60247508,5.952723734,0.986842236,-2.7649985,1.108340467,1.5,150,550,1.5,30,3.5,0.125,0,0.2442,0,0
5,10,raw,9.2,13.7991063,5.395997796,0.97531772,-2.801210604,1.004683399,1.5,150,550,1.5,30,3.5,0.125,0,0.2442,0,0
5,10,raw,9.4,13.99260216,4.832239493,0.954427798,-2.835075257,0.899716972,1.5,150,550,1.5,30,3.5,0.125,0,0.2442,0,0
5,10,raw,9.6,14.18087742,4.261967693,0.922050821,-2.866098674,0.793537794,1.5,150,550,1.5,30,3.5,0.125,0,0.2442,0,0
5,10,raw,9.8,14.36142249,3.685800023,0.876065138,-2.893787069,0.686260861,1.5,150,550,1.5,30,3.5,0.125,0,0.2442,0,0
5,10,raw,10,14.53130348,3.104452865,0.814349099,-2.917646657,0.578019557,1.5,150,550,1.5,30,3.5,0.125,0,0.2442,0,0
5,10,raw,10.2,14.68716213,2.51874136,0.734781056,-2.937183651,0.468965653,1.5,150,550,1.5,30,3.5,0.125,0,0.2442,0,0
5,10,raw,10.4,14.8252159,1.929579405,0.635239357,-2.951904266,0.359269308,1.5,150,550,1.5,30,3.5,0.125,0,0.2442,0,0
5,10,raw,10.6,14.94125788,1.337979654,0.513602353,-2.961314717,0.249119069,1.5,150,550,1.5,30,3.5,0.125,0,0.2442,0,0
5,10,raw,10.8,15.03065684,0.745053519,0.367748395,-2.964921217,0.138721869,1.5,150,550,1.5,30,3.5,0.125,0,0.2442,0,0
5,10,raw,11,15.08835723,0.152011167,0.195555833,-2.962229982,0.028303032,1.5,150,550,1.5,30,3.5,0.125,0,0.2442,0,0
5,10,raw,11.2,15.10887917,-0.439838474,0.102609694,-2.959248207,-0.081893735,1.5,150,550,1.5,30,3.5,0.125,0,0.2442,0,0
5,11,pure,0,4.554973822,25.52356021,0.636384167,-1.311161328,4.75224383,1.5,150,550,1.5,30,3.5,0.125,0,0.2442,0,0
5,11,pure,0.2,4.682250655,25.26132794,0.644871244,-1.328881354,4.703418679,1.5,150,550,1.5,30,3.5,0.125,0,0.2442,0,0
5,11,pure,0.4,4.81292232,24.99200767,0.662041364,-1.364748887,4.653273809,1.5,150,550,1.5,30,3.5,0.125,0,0.2442,0,0
5,11,pure,0.6,4.947067201,24.71542839,0.679604788,-1.401476539,4.601777381,1.5,150,550,1.5,30,3.5,0.125,0,0.2442,0,0
5,11,pure,0.8,5.084764235,24.43141705,0.697563691,-1.439073931,4.548897175,1.5,150,550,1.5,30,3.5,0.125,0,0.2442,0,0
5,11,pure,1,5.226092677,24.13979882,0.715919685,-1.477549986,4.494600637,1.5,150,550,1.5,30,3.5,0.125,0,0.2442,0,0
5,11,pure,1.2,5.371132109,23.84039706,0.73467438,-1.516913625,4.438854881,1.5,150,550,1.5,30,3.5,0.125,0,0.2442,0,0
5,11,pure,1.4,5.519962429,23.53303337,0.753829388,-1.557173773,4.381626689,1.5,150,550,1.5,30,3.5,0.125,0,0.2442,0,0
5,11,pure,1.6,5.672663864,23.21752755,0.773377238,-1.598324907,4.32288251,1.5,150,550,1.5,30,3.5,0.125,0,0.2442,0,0
5,11,pure,1.8,5.829313325,22.8937034,0.793233425,-1.640238796,4.262589539,1.5,150,550,1.5,30,3.5,0.125,0,0.2442,0,0
5,11,pure,2,5.989957234,22.56143203,0.813437117,-1.682983858,4.200723773,1.5,150,550,1.5,30,3.5,0.125,0,0.2442,0,0
5,11,pure,2.2,6.154688171,22.22050986,0.834123071,-1.726781295,4.137247312,1.5,150,550,1.5,30,3.5,0.125,0,0.2442,0,0
5,11,pure,2.4,6.323606462,21.87071951,0.855292422,-1.771640459,4.072119681,1.5,150,550,1.5,30,3.5,0.125,0,0.2442,0,0
5,11,pure,2.6,6.49680514,21.51185368,0.876908719,-1.817510981,4.00530228,1.5,150,550,1.5,30,3.5,0.125,0,0.2442,0,0
5,11,pure,2.8,6.67436995,21.14371512,0.898935515,-1.864342493,3.936758387,1.5,150,550,1.5,30,3.5,0.125,0,0.2442,0,0
5,11,pure,3,6.856379346,20.76611668,0.921336358,-1.912084626,3.866453153,1.5,150,550,1.5,30,3.5,0.125,0,0.2442,0,0
5,11,pure,3.2,7.042904493,20.37888127,0.944074798,-1.960687012,3.794353608,1.5,150,550,1.5,30,3.5,0.125,0,0.2442,0,0
5,11,pure,3.4,7.234009265,19.98184188,0.967114386,-2.010099283,3.720428654,1.5,150,550,1.5,30,3.5,0.125,0,0.2442,0,0
5,11,pure,3.6,7.429750247,19.57484156,0.990418673,-2.060271069,3.644649071,1.5,150,550,1.5,30,3.5,0.125,0,0.2442,0,0
5,11,pure,3.8,7.630176734,19.15773345,1.013951207,-2.111152003,3.566987513,1.5,150,550,1.5,30,3.5,0.125,0,0.2442,0,0
5,11,pure,4,7.83533073,18.73038076,1.03767554,-2.162691715,3.487418512,1.5,150,550,1.5,30,3.5,0.125,0,0.2442,0,0
5,11,pure,4.2,8.04524695,18.29265676,1.061555222,-2.214839838,3.405918473,1.5,150,550,1.5,30,3.5,0.125,0,0.2442,0,0
5,11,pure,4.4,8.259952819,17.84444482,1.085553803,-2.267546002,3.322465678,1.5,150,550,1.5,30,3.5,0.125,0,0.2442,0,0
5,11,pure,4.6,8.479468471,17.38563836,1.109634832,-2.32075984,3.237040285,1.5,150,550,1.5,30,3.5,0.125,0,0.2442,0,0
5,11,pure,4.8,8.703806752,16.91614088,1.133761861,-2.374430982,3.149624327,1.5,150,550,1.5,30,3.5,0.125,0,0.2442,0,0
5,11,pure,5,8.932973216,16.43586597,1.157898439,-2.42850906,3.060201711,1.5,150,550,1.5,30,3.5,0.125,0,0.2442,0,0
5,11,pure,5.2,9.166966128,15.94473726,1.182008117,-2.482943705,2.968758223,1.5,150,550,1.5,30,3.5,0.125,0,0.2442,0,0
5,11,pure,5.4,9.405776462,15.44268849,1.206054444,-2.53768455,2.875281523,1.5,150,550,1.5,30,3.5,0.125,0,0.2442,0,0
5,11,pure,5.6,9.649387905,14.92966344,1.22996654,-2.592624412,2.779761145,1.5,150,550,1.5,30,3.5,0.125,0,0.2442,0,0
5,11,pure,5.8,9.897763078,14.40563872,1.253092073,-2.646697317,2.682192733,1.5,150,550,1.5,30,3.5,0.125,0,0.2442,0,0
5,11,pure,6,10.15062473,13.87098451,1.275423265,-2.699908477,2.582645212,1.5,150,550,1.5,30,3.5,0.125,0,0.2442,0,0
5,11,pure,6.2,10.40793238,13.32567533,1.297624152,-2.753384979,2.481113835,1.5,150,550,1.5,30,3.5,0.125,0,0.2442,0,0
5,11,pure,6.4,10.6696744,12.76963052,1.319493001,-2.806832126,2.377583588,1.5,150,550,1.5,30,3.5,0.125,0,0.2442,0,0
5,11,pure,6.6,10.93572958,12.20294248,1.340482057,-2.85938472,2.272071671,1.5,150,550,1.5,30,3.5,0.125,0,0.2442,0,0
5,11,pure,6.8,11.20586722,11.62587663,1.360043564,-2.910177564,2.164627507,1.5,150,550,1.5,30,3.5,0.125,0,0.2442,0,0
5,11,pure,7,11.47974701,11.03887145,1.377629767,-2.958345458,2.055332733,1.5,150,550,1.5,30,3.5,0.125,0,0.2442,0,0
5,11,pure,7.2,11.75691912,10.44253845,1.392692911,-3.003023205,1.944301207,1.5,150,550,1.5,30,3.5,0.125,0,0.2442,0,0
5,11,pure,7.4,12.03682417,9.837662172,1.404685242,-3.043345607,1.831679004,1.5,150,550,1.5,30,3.5,0.125,0,0.2442,0,0
5,11,pure,7.6,12.31879322,9.225200208,1.413059003,-3.078447465,1.71764442,1.5,150,550,1.5,30,3.5,0.125,0,0.2442,0,0
5,11,pure,7.8,12.60204778,8.606283187,1.417266439,-3.107463581,1.602407965,1.5,150,550,1.5,30,3.5,0.125,0,0.2442,0,0
5,11,pure,8,12.8856998,7.982214776,1.416759796,-3.129528757,1.48621237,1.5,150,550,1.5,30,3.5,0.125,0,0.2442,0,0
5,11,pure,8.2,13.16875169,7.354471684,1.410991318,-3.143777794,1.369332585,1.5,150,550,1.5,30,3.5,0.125,0,0.2442,0,0
5,11,pure,8.4,13.45009632,6.724703658,1.399413251,-3.149345496,1.252075776,1.5,150,550,1.5,30,3.5,0.125,0,0.2442,0,0
5,11,pure,8.6,13.72851699,6.094733486,1.381477838,-3.145366663,1.13478133,1.5,150,550,1.5,30,3.5,0.125,0,0.2442,0,0
5,11,pure,8.8,14.00268746,5.466556993,1.356553199,-3.130781026,1.01782085,1.5,150,550,1.5,30,3.5,0.125,0,0.2442,0,0
5,11,pure,9,14.27113827,4.842421075,1.321356121,-3.100504023,0.901612686,1.5,150,550,1.5,30,3.5,0.125,0,0.2442,0,0
5,11,pure,9.2,14.53122991,4.226355384,1.270655821,-3.046684561,0.786907121,1.5,150,550,1.5,30,3.5,0.125,0,0.2442,0,0
5,11,pure,9.4,14.7794006,3.623747251,1.201899166,-2.965395111,0.674707226,1.5,150,550,1.5,30,3.5,0.125,0,0.2442,0,0
5,11,pure,9.6,15.01198957,3.040197339,1.114624282,-2.855612076,0.56605579,1.5,150,550,1.5,30,3.5,0.125,0,0.2442,0,0
5,11,pure,9.8,15.22525032,2.481502421,1.008402532,-2.7163549,0.462032117,1.5,150,550,1.5,30,3.5,0.125,0,0.2442,0,0
5,11,pure,10,15.41535059,1.953655379,0.882805281,-2.546643025,0.363752025,1.5,150,550,1.5,30,3.5,0.125,0,0.2442,0,0
5,11,pure,10.2,15.57837243,1.462845211,0.737403894,-2.345495895,0.272367846,1.5,150,550,1.5,30,3.5,0.125,0,0.2442,0,0
5,11,pure,10.4,15.71031214,1.015457021,0.571769734,-2.111932954,0.189068426,1.5,150,550,1.5,30,3.5,0.125,0,0.2442,0,0
5,11,pure,10.6,15.80708032,0.618072029,0.387116317,-1.847435073,0.115079125,1.5,150,550,1.5,30,3.5,0.125,0,0.2442,0,0
5,11,pure,10.8,15.86515867,0.276482992,0.197273663,-1.572245586,0.0514785,1.5,150,550,1.5,30,3.5,0.125,0,0.2442,0,0
5,11,pure,11,15.88598979,-0.010826205,0.051898601,-1.359892852,-0.002015736,1.5,150,550,1.5,30,3.5,0.125,0,0.2442,0,0
5,11,pure,11.2,15.88591811,-0.267474149,-0.000358373,-1.283239719,-0.049801139,1.5,150,550,1.5,30,3.5,0.125,0,0.2442,0,0
5,12,raw,0,7.303664921,22.93193717,0.701341431,-1.485760941,4.269708302,1.5,150,550,1.5,30,3.5,0.125,0,0.2442,0,0
5,12,raw,0.2,7.443933207,22.63478498,0.707956941,-1.499855097,4.214381394,1.5,150,550,1.5,30,3.5,0.125,0,0.2442,0,0
5,12,raw,0.4,7.586847697,22.33199513,0.721304965,-1.528297917,4.158004808,1.5,150,550,1.5,30,3.5,0.125,0,0.2442,0,0
5,12,raw,0.6,7.732455193,22.02346581,0.73488835,-1.557253196,4.100559587,1.5,150,550,1.5,30,3.5,0.125,0,0.2442,0,0
5,12,raw,0.8,7.880803037,21.70909385,0.748709691,-1.586727748,4.042026522,1.5,150,550,1.5,30,3.5,0.125,0,0.2442,0,0
5,12,raw,1,8.03193907,21.38877472,0.76277148,-1.616728323,3.982386149,1.5,150,550,1.5,30,3.5,0.125,0,0.2442,0,0
5,12,raw,1.2,8.185911629,21.06240252,0.777076208,-1.647261669,3.921618756,1.5,150,550,1.5,30,3.5,0.125,0,0.2442,0,0
5,12,raw,1.4,8.342769553,20.72987005,0.791626365,-1.678334537,3.859704376,1.5,150,550,1.5,30,3.5,0.125,0,0.2442,0,0
5,12,raw,1.6,8.502562176,20.39106871,0.806424444,-1.709953673,3.796622793,1.5,150,550,1.5,30,3.5,0.125,0,0.2442,0,0
5,12,raw,1.8,8.665339331,20.04588858,0.821458948,-1.74210491,3.73235354,1.5,150,550,1.5,30,3.5,0.125,0,0.2442,0,0
5,12,raw,2,8.831145755,19.69422675,0.836723619,-1.774781949,3.666877456,1.5,150,550,1.5,30,3.5,0.125,0,0.2442,0,0
5,12,raw,2.2,9.000028778,19.3359758,0.852249188,-1.808033918,3.600174542,1.5,150,550,1.5,30,3.5,0.125,0,0.2442,0,0
5,12,raw,2.4,9.17204543,18.97101318,0.868056471,-1.841895218,3.532221977,1.5,150,550,1.5,30,3.5,0.125,0,0.2442,0,0
5,12,raw,2.6,9.347251366,18.59921771,0.884138454,-1.876358649,3.462997203,1.5,150,550,1.5,30,3.5,0.125,0,0.2442,0,0
5,12,raw,2.8,9.525700811,18.22046972,0.900487963,-1.911416773,3.392477933,1.5,150,550,1.5,30,3.5,0.125,0,0.2442,0,0
5,12,raw,3,9.707446552,17.834651,0.917097825,-1.947062149,3.320642163,1.5,150,550,1.5,30,3.5,0.125,0,0.2442,0,0
5,12,raw,3.2,9.892539941,17.44164486,0.933960865,-1.983287338,3.247468162,1.5,150,550,1.5,30,3.5,0.125,0,0.2442,0,0
5,12,raw,3.4,10.0810309,17.04133607,0.95106991,-2.0200849,3.172934477,1.5,150,550,1.5,30,3.5,0.125,0,0.2442,0,0
5,12,raw,3.6,10.27296791,16.6336109,0.968417785,-2.057447395,3.097019934,1.5,150,550,1.5,30,3.5,0.125,0,0.2442,0,0
5,12,raw,3.8,10.46839801,16.21835711,0.985997316,-2.095367384,3.019703633,1.5,150,550,1.5,30,3.5,0.125,0,0.2442,0,0
5,12,raw,4,10.66736683,15.79546395,1.00380133,-2.133837428,2.940964954,1.5,150,550,1.5,30,3.5,0.125,0,0.2442,0,0
5,12,raw,4.2,10.86991854,15.36482214,1.021822652,-2.172850086,2.860783551,1.5,150,550,1.5,30,3.5,0.125,0,0.2442,0,0
5,12,raw,4.4,11.07609589,14.92632391,1.040054109,-2.212397919,2.779139357,1.5,150,550,1.5,30,3.5,0.125,0,0.2442,0,0
5,12,raw,4.6,11.28594019,14.47986297,1.058488526,-2.252473487,2.696012582,1.5,150,550,1.5,30,3.5,0.125,0,0.2442,0,0
5,12,raw,4.8,11.4994913,14.02533452,1.077118729,-2.293069351,2.611383712,1.5,150,550,1.5,30,3.5,0.125,0,0.2442,0,0
5,12,raw,5,11.71678768,13.56263523,1.095937545,-2.334178071,2.525233512,1.5,150,550,1.5,30,3.5,0.125,0,0.2442,0,0
5,12,raw,5.2,11.93786632,13.09166329,1.1149378,-2.375792208,2.437543022,1.5,150,550,1.5,30,3.5,0.125,0,0.2442,0,0
5,12,raw,5.4,12.1627628,12.61231835,1.134112319,-2.417904322,2.348293559,1.5,150,550,1.5,30,3.5,0.125,0,0.2442,0,0
5,12,raw,5.6,12.39151125,12.12450156,1.153449129,-2.460499757,2.257466719,1.5,150,550,1.5,30,3.5,0.125,0,0.2442,0,0
5,12,raw,5.8,12.62414245,11.62811844,1.172812116,-2.50337729,2.16504491,1.5,150,550,1.5,30,3.5,0.125,0,0.2442,0,0
5,12,raw,6,12.8606361,11.12315064,1.192165726,-2.546487043,2.071024715,1.5,150,550,1.5,30,3.5,0.125,0,0.2442,0,0
5,12,raw,6.2,13.10100874,10.60952363,1.211597263,-2.589963866,1.975392256,1.5,150,550,1.5,30,3.5,0.125,0,0.2442,0,0
5,12,raw,6.4,13.345275,10.0871651,1.231014232,-2.633672185,1.878134073,1.5,150,550,1.5,30,3.5,0.125,0,0.2442,0,0
5,12,raw,6.6,13.59341443,9.556054753,1.250241372,-2.677351983,1.779246385,1.5,150,550,1.5,30,3.5,0.125,0,0.2442,0,0
5,12,raw,6.8,13.84537155,9.016224303,1.269103425,-2.720743245,1.678735096,1.5,150,550,1.5,30,3.5,0.125,0,0.2442,0,0
5,12,raw,7,14.1010558,8.467757455,1.287425133,-2.763585956,1.576615793,1.5,150,550,1.5,30,3.5,0.125,0,0.2442,0,0
5,12,raw,7.2,14.3603416,7.910789921,1.305031235,-2.8056201,1.472913742,1.5,150,550,1.5,30,3.5,0.125,0,0.2442,0,0
5,12,raw,7.4,14.6230683,7.345509415,1.321746473,-2.846585662,1.367663896,1.5,150,550,1.5,30,3.5,0.125,0,0.2442,0,0
5,12,raw,7.6,14.88904019,6.772155656,1.337395589,-2.886222625,1.260910886,1.5,150,550,1.5,30,3.5,0.125,0,0.2442,0,0
5,12,raw,7.8,15.15802653,6.191020365,1.35135138,-2.92359853,1.15270903,1.5,150,550,1.5,30,3.5,0.125,0,0.2442,0,0
5,12,raw,8,15.42958074,5.602716244,1.363188601,-2.958079587,1.043172405,1.5,150,550,1.5,30,3.5,0.125,0,0.2442,0,0
5,12,raw,8.2,15.70330197,5.00778853,1.372543055,-2.989129571,0.932402531,1.5,150,550,1.5,30,3.5,0.125,0,0.2442,0,0
5,12,raw,8.4,15.97859797,4.407064416,1.377447763,-3.013839757,0.820553422,1.5,150,550,1.5,30,3.5,0.125,0,0.2442,0,0
5,12,raw,8.6,16.25428108,3.802252627,1.374925303,-3.027801728,0.707943227,1.5,150,550,1.5,30,3.5,0.125,0,0.2442,0,0
5,12,raw,8.8,16.52856809,3.195943724,1.361997748,-3.026606317,0.595054284,1.5,150,550,1.5,30,3.5,0.125,0,0.2442,0,0
5,12,raw,9,16.79908018,2.5916101,1.334772241,-3.004489504,0.482533119,1.5,150,550,1.5,30,3.5,0.125,0,0.2442,0,0
5,12,raw,9.2,17.06247698,1.994147923,1.283719157,-2.947463957,0.371291351,1.5,150,550,1.5,30,3.5,0.125,0,0.2442,0,0
5,12,raw,9.4,17.31256784,1.412624517,1.185136613,-2.820828894,0.263017232,1.5,150,550,1.5,30,3.5,0.125,0,0.2442,0,0
5,12,raw,9.6,17.53653163,0.865816365,0.999051055,-2.565868576,0.161206761,1.5,150,550,1.5,30,3.5,0.125,0,0.2442,0,0
5,12,raw,9.8,17.71218826,0.386277087,0.637325945,-2.053518311,0.071921115,1.5,150,550,1.5,30,3.5,0.125,0,0.2442,0,0
5,12,raw,10,17.79146201,0.044409041,0.204600601,-1.433088593,0.00826854,1.5,150,550,1.5,30,3.5,0.125,0,0.2442,0,0
5,12,raw,10.2,17.7940285,-0.18695835,0.012832482,-1.156836954,-0.034809864,1.5,150,550,1.5,30,3.5,0.125,0,0.2442,0,0
5,13,pure,0,6.263736264,21.26373626,0.738623851,-0.914921669,3.95910518,1.5,150,550,1.5,30,3.5,0.125,0,0.2442,0,0
5,13,pure,0.2,6.411461034,21.08075193,0.743065939,-0.925227349,3.92503524,1.5,150,550,1.5,30,3.5,0.125,0,0.2442,0,0
5,13,pure,0.4,6.56096264,20.89364532,0.751797871,-0.945939839,3.890197772,1.5,150,550,1.5,30,3.5,0.125,0,0.2442,0,0
5,13,pure,0.6,6.712180183,20.70237599,0.760215974,-0.966849279,3.854585244,1.5,150,550,1.5,30,3.5,0.125,0,0.2442,0,0
5,13,pure,0.8,6.865049029,20.50690561,0.768301989,-0.987944642,3.818190521,1.5,150,550,1.5,30,3.5,0.125,0,0.2442,0,0
5,13,pure,1,7.019500979,20.30719813,0.776038082,-1.0092145,3.781006891,1.5,150,550,1.5,30,3.5,0.125,0,0.2442,0,0
5,13,pure,1.2,7.175464262,20.10321981,0.783406416,-1.030647423,3.743028069,1.5,150,550,1.5,30,3.5,0.125,0,0.2442,0,0
5,13,pure,1.4,7.332863545,19.89493916,0.790389157,-1.05223198,3.704248197,1.5,150,550,1.5,30,3.5,0.125,0,0.2442,0,0
5,13,pure,1.6,7.491619925,19.68232702,0.796969294,-1.073957067,3.66466184,1.5,150,550,1.5,30,3.5,0.125,0,0.2442,0,0
5,13,pure,1.8,7.651651262,19.46535634,0.803358637,-1.095904243,3.624263966,1.5,150,550,1.5,30,3.5,0.125,0,0.2442,0,0
5,13,pure,2,7.81296338,19.24396532,0.809644079,-1.118111632,3.583043067,1.5,150,550,1.5,30,3.5,0.125,0,0.2442,0,0
5,13,pure,2.2,7.975508894,19.01811168,0.81548045,-1.140441413,3.540991271,1.5,150,550,1.5,30,3.5,0.125,0,0.2442,0,0
5,13,pure,2.4,8.13915556,18.78778875,0.820660816,-1.162799466,3.498107335,1.5,150,550,1.5,30,3.5,0.125,0,0.2442,0,0
5,13,pure,2.6,8.303773221,18.5529919,0.825195621,-1.185175556,3.454390396,1.5,150,550,1.5,30,3.5,0.125,0,0.2442,0,0
5,13,pure,2.8,8.469233808,18.31371853,0.829095306,-1.207559445,3.409839974,1.5,150,550,1.5,30,3.5,0.125,0,0.2442,0,0
5,13,pure,3,8.635411343,18.06996812,0.832370314,-1.229940898,3.364455969,1.5,150,550,1.5,30,3.5,0.125,0,0.2442,0,0
5,13,pure,3.2,8.802181934,17.82174217,0.835031088,-1.252309677,3.318238662,1.5,150,550,1.5,30,3.5,0.125,0,0.2442,0,0
5,13,pure,3.4,8.969423778,17.56904425,0.83708807,-1.274655546,3.271188715,1.5,150,550,1.5,30,3.5,0.125,0,0.2442,0,0
5,13,pure,3.6,9.137017162,17.31187995,0.838551702,-1.296968269,3.223307172,1.5,150,550,1.5,30,3.5,0.125,0,0.2442,0,0
5,13,pure,3.8,9.304844459,17.05025694,0.839432426,-1.319237608,3.174595459,1.5,150,550,1.5,30,3.5,0.125,0,0.2442,0,0
5,13,pure,4,9.472790132,16.78418491,0.839740686,-1.341453326,3.125055381,1.5,150,550,1.5,30,3.5,0.125,0,0.2442,0,0
5,13,pure,4.2,9.640740733,16.51367561,0.839486923,-1.363605188,3.074689126,1.5,150,550,1.5,30,3.5,0.125,0,0.2442,0,0
5,13,pure,4.4,9.808584902,16.23874284,0.83868158,-1.385682957,3.023499261,1.5,150,550,1.5,30,3.5,0.125,0,0.2442,0,0
5,13,pure,4.6,9.976213365,15.95940243,0.837335099,-1.407676396,2.971488738,1.5,150,550,1.5,30,3.5,0.125,0,0.2442,0,0
5,13,pure,4.8,10.14351894,15.67567228,0.835457922,-1.429575268,2.918660886,1.5,150,550,1.5,30,3.5,0.125,0,0.2442,0,0
5,13,pure,5,10.31039653,15.38757232,0.833060493,-1.451369336,2.865019418,1.5,150,550,1.5,30,3.5,0.125,0,0.2442,0,0
5,13,pure,5.2,10.47674314,15.09512454,0.830153252,-1.473048365,2.810568427,1.5,150,550,1.5,30,3.5,0.125,0,0.2442,0,0
5,13,pure,5.4,10.64245784,14.79835298,0.826746644,-1.494602116,2.755312387,1.5,150,550,1.5,30,3.5,0.125,0,0.2442,0,0
5,13,pure,5.6,10.8074418,14.4972837,0.822851109,-1.516020355,2.699256155,1.5,150,550,1.5,30,3.5,0.125,0,0.2442,0,0
5,13,pure,5.8,10.97159828,14.19194483,0.818477091,-1.537292844,2.642404967,1.5,150,550,1.5,30,3.5,0.125,0,0.2442,0,0
5,13,pure,6,11.13483263,13.88236656,0.813635032,-1.558409346,2.58476444,1.5,150,550,1.5,30,3.5,0.125,0,0.2442,0,0
5,13,pure,6.2,11.29705229,13.5685811,0.808335374,-1.579359624,2.526340575,1.5,150,550,1.5,30,3.5,0.125,0,0.2442,0,0
5,13,pure,6.4,11.45816678,13.25062271,0.80258856,-1.600133443,2.467139752,1.5,150,550,1.5,30,3.5,0.125,0,0.2442,0,0
5,13,pure,6.6,11.61808772,12.92852772,0.796405032,-1.620720565,2.407168732,1.5,150,550,1.5,30,3.5,0.125,0,0.2442,0,0
5,13,pure,6.8,11.77672879,12.60233448,0.789795232,-1.641110754,2.346434659,1.5,150,550,1.5,30,3.5,0.125,0,0.2442,0,0
5,13,pure,7,11.93400581,12.27208342,0.782769603,-1.661293773,2.284945055,1.5,150,550,1.5,30,3.5,0.125,0,0.2442,0,0
5,13,pure,7.2,12.08983664,11.93781697,0.775338587,-1.681259386,2.222707827,1.5,150,550,1.5,30,3.5,0.125,0,0.2442,0,0
5,13,pure,7.4,12.24414124,11.59957966,0.767512627,-1.700997355,2.159731261,1.5,150,550,1.5,30,3.5,0.125,0,0.2442,0,0
5,13,pure,7.6,12.39684169,11.25741803,0.759302165,-1.720497445,2.096024024,1.5,150,550,1.5,30,3.5,0.125,0,0.2442,0,0
5,13,pure,7.8,12.54786211,10.91138068,0.750717643,-1.739749418,2.031595165,1.5,150,550,1.5,30,3.5,0.125,0,0.2442,0,0
5,13,pure,8,12.69712874,10.56151826,0.741769503,-1.758743038,1.966454115,1.5,150,550,1.5,30,3.5,0.125,0,0.2442,0,0
5,13,pure,8.2,12.84456991,10.20788347,0.732468189,-1.777468068,1.900610684,1.5,150,550,1.5,30,3.5,0.125,0,0.2442,0,0
5,13,pure,8.4,12.99011602,9.850531038,0.722824142,-1.795914272,1.834075065,1.5,150,550,1.5,30,3.5,0.125,0,0.2442,0,0
5,13,pure,8.6,13.13369957,9.48951776,0.712847806,-1.814071413,1.766857831,1.5,150,550,1.5,30,3.5,0.125,0,0.2442,0,0
5,13,pure,8.8,13.27525514,9.124902472,0.702549621,-1.831929254,1.698969937,1.5,150,550,1.5,30,3.5,0.125,0,0.2442,0,0
5,13,pure,9,13.41471942,8.756746058,0.691940031,-1.849477558,1.630422719,1.5,150,550,1.5,30,3.5,0.125,0,0.2442,0,0
5,13,pure,9.2,13.55203115,8.385111449,0.681029478,-1.86670609,1.561227894,1.5,150,550,1.5,30,3.5,0.125,0,0.2442,0,0
5,13,pure,9.4,13.68713121,8.010063622,0.669828405,-1.883604612,1.49139756,1.5,150,550,1.5,30,3.5,0.125,0,0.2442,0,0
5,13,pure,9.6,13.81996252,7.631669604,0.658347253,-1.900162887,1.420944198,1.5,150,550,1.5,30,3.5,0.125,0,0.2442,0,0
5,13,pure,9.8,13.95047011,7.249998468,0.646596466,-1.91637068,1.349880667,1.5,150,550,1.5,30,3.5,0.125,0,0.2442,0,0
5,13,pure,10,14.0786011,6.865121332,0.634586485,-1.932217753,1.27822021,1.5,150,550,1.5,30,3.5,0.125,0,0.2442,0,0
5,13,pure,10.2,14.2043047,6.477111367,0.622327753,-1.947693869,1.20597645,1.5,150,550,1.5,30,3.5,0.125,0,0.2442,0,0
5,13,pure,10.4,14.3275322,6.086043785,0.609830712,-1.962788793,1.13316339,1.5,150,550,1.5,30,3.5,0.125,0,0.2442,0,0
5,13,pure,10.6,14.44823699,5.691995849,0.597105805,-1.977492287,1.059795418,1.5,150,550,1.5,30,3.5,0.125,0,0.2442,0,0
5,13,pure,10.8,14.56637453,5.29504687,0.584163475,-1.991794115,0.985887298,1.5,150,550,1.5,30,3.5,0.125,0,0.2442,0,0
5,13,pure,11,14.68190238,4.895278203,0.571014162,-2.00568404,0.91145418,1.5,150,550,1.5,30,3.5,0.125,0,0.2442,0,0
5,13,pure,11.2,14.79478019,4.492773254,0.564389066,-2.012524747,0.836511592,1.5,150,550,1.5,30,3.5,0.125,0,0.2442,0,0
5,14,raw,0,5.769230769,26.53846154,0.765358665,-1.187933298,4.941208791,1.5,150,550,1.5,30,3.5,0.125,0,0.2442,0,0
5,14,raw,0.2,5.922302502,26.30087488,0.7723793,-1.201383353,4.896972418,1.5,150,550,1.5,30,3.5,0.125,0,0.2442,0,0
5,14,raw,0.4,6.078182489,26.0579082,0.786375661,-1.228402625,4.851734336,1.5,150,550,1.5,30,3.5,0.125,0,0.2442,0,0
5,14,raw,0.6,6.236852766,25.80951383,0.800270925,-1.255650666,4.80548567,1.5,150,550,1.5,30,3.5,0.125,0,0.2442,0,0
5,14,raw,0.8,6.398290859,25.55564793,0.814041914,-1.283107532,4.758218258,1.5,150,550,1.5,30,3.5,0.125,0,0.2442,0,0
5,14,raw,1,6.562469532,25.29627082,0.82766484,-1.310752443,4.709924709,1.5,150,550,1.5,30,3.5,0.125,0,0.2442,0,0
5,14,raw,1.2,6.729356795,25.03134695,0.841115914,-1.338564619,4.660598409,1.5,150,550,1.5,30,3.5,0.125,0,0.2442,0,0
5,14,raw,1.4,6.898915898,24.76084497,0.854371349,-1.366523277,4.610233516,1.5,150,550,1.5,30,3.5,0.125,0,0.2442,0,0
5,14,raw,1.6,7.071105334,24.48473764,0.867432749,-1.394617866,4.558824961,1.5,150,550,1.5,30,3.5,0.125,0,0.2442,0,0
5,14,raw,1.8,7.245888997,24.20299782,0.880797011,-1.423036842,4.50636769,1.5,150,550,1.5,30,3.5,0.125,0,0.2442,0,0
5,14,raw,2,7.423424139,23.91552291,0.894501234,-1.451780937,4.452842598,1.5,150,550,1.5,30,3.5,0.125,0,0.2442,0,0
5,14,raw,2.2,7.60368949,23.62228545,0.907850315,-1.480553178,4.398244576,1.5,150,550,1.5,30,3.5,0.125,0,0.2442,0,0
5,14,raw,2.4,7.786564265,23.32330164,0.920594263,-1.509235133,4.342576638,1.5,150,550,1.5,30,3.5,0.125,0,0.2442,0,0
5,14,raw,2.6,7.971927196,23.0185914,0.932730691,-1.537808108,4.285842493,1.5,150,550,1.5,30,3.5,0.125,0,0.2442,0,0
5,14,raw,2.8,8.159656541,22.70817839,0.944257211,-1.56625341,4.228046548,1.5,150,550,1.5,30,3.5,0.125,0,0.2442,0,0
5,14,raw,3,8.34963008,22.39209003,0.955171438,-1.594552344,4.169193906,1.5,150,550,1.5,30,3.5,0.125,0,0.2442,0,0
5,14,raw,3.2,8.541725116,22.07035746,0.965470983,-1.622686218,4.109290364,1.5,150,550,1.5,30,3.5,0.125,0,0.2442,0,0
5,14,raw,3.4,8.735818473,21.74301554,0.97515346,-1.650636337,4.048342418,1.5,150,550,1.5,30,3.5,0.125,0,0.2442,0,0
5,14,raw,3.6,8.9317865,21.41010292,0.984216482,-1.678384008,3.986357258,1.5,150,550,1.5,30,3.5,0.125,0,0.2442,0,0
5,14,raw,3.8,9.129505066,21.07166194,0.992657663,-1.705910537,3.923342771,1.5,150,550,1.5,30,3.5,0.125,0,0.2442,0,0
5,14,raw,4,9.328849565,20.72773871,1.000474615,-1.733197231,3.85930754,1.5,150,550,1.5,30,3.5,0.125,0,0.2442,0,0
5,14,raw,4.2,9.529694912,20.37838305,1.007664952,-1.760225396,3.794260844,1.5,150,550,1.5,30,3.5,0.125,0,0.2442,0,0
5,14,raw,4.4,9.731915546,20.02364855,1.014226287,-1.786976339,3.728212658,1.5,150,550,1.5,30,3.5,0.125,0,0.2442,0,0
5,14,raw,4.6,9.935385427,19.66359251,1.020156232,-1.813431365,3.661173654,1.5,150,550,1.5,30,3.5,0.125,0,0.2442,0,0
5,14,raw,4.8,10.13997804,19.298276,1.025452402,-1.839571781,3.593155198,1.5,150,550,1.5,30,3.5,0.125,0,0.2442,0,0
5,14,raw,5,10.34556639,18.9277638,1.030112408,-1.865378894,3.524169355,1.5,150,550,1.5,30,3.5,0.125,0,0.2442,0,0
5,14,raw,5.2,10.552023,18.55212444,1.034133865,-1.890834009,3.454228884,1.5,150,550,1.5,30,3.5,0.125,0,0.2442,0,0
5,14,raw,5.4,10.75921993,18.1714302,1.037514385,-1.915918433,3.383347242,1.5,150,550,1.5,30,3.5,0.125,0,0.2442,0,0
5,14,raw,5.6,10.96702876,17.78575707,1.040251582,-1.940613473,3.311538578,1.5,150,550,1.5,30,3.5,0.125,0,0.2442,0,0
5,14,raw,5.8,11.17532057,17.39518481,1.042343068,-1.964900435,3.238817743,1.5,150,550,1.5,30,3.5,0.125,0,0.2442,0,0
5,14,raw,6,11.38396598,16.9997969,1.043786457,-1.988760625,3.165200279,1.5,150,550,1.5,30,3.5,0.125,0,0.2442,0,0
5,14,raw,6.2,11.59283515,16.59968056,1.044579362,-2.012175349,3.090702428,1.5,150,550,1.5,30,3.5,0.125,0,0.2442,0,0
5,14,raw,6.4,11.80179773,16.19492676,1.044719396,-2.035125915,3.015341125,1.5,150,550,1.5,30,3.5,0.125,0,0.2442,0,0
5,14,raw,6.6,12.01072291,15.78563019,1.044204173,-2.057593627,2.939134002,1.5,150,550,1.5,30,3.5,0.125,0,0.2442,0,0
5,14,raw,6.8,12.2194794,15.37188931,1.043031304,-2.079559793,2.86209939,1.5,150,550,1.5,30,3.5,0.125,0,0.2442,0,0
5,14,raw,7,12.42793543,14.95380628,1.041198404,-2.101005719,2.784256311,1.5,150,550,1.5,30,3.5,0.125,0,0.2442,0,0
5,14,raw,7.2,12.63595876,14.53148702,1.038703085,-2.121912712,2.705624488,1.5,150,550,1.5,30,3.5,0.125,0,0.2442,0,0
5,14,raw,7.4,12.84341666,14.10504119,1.035542962,-2.142262077,2.626224336,1.5,150,550,1.5,30,3.5,0.125,0,0.2442,0,0
5,14,raw,7.6,13.05017594,13.67458219,1.031715646,-2.162035121,2.546076969,1.5,150,550,1.5,30,3.5,0.125,0,0.2442,0,0
5,14,raw,7.8,13.25610292,13.24022714,1.027218751,-2.18121315,2.465204196,1.5,150,550,1.5,30,3.5,0.125,0,0.2442,0,0
5,14,raw,8,13.46106344,12.80209693,1.02204989,-2.199777471,2.383628523,1.5,150,550,1.5,30,3.5,0.125,0,0.2442,0,0
5,14,raw,8.2,13.66492288,12.36031615,1.016206676,-2.21770939,2.301373151,1.5,150,550,1.5,30,3.5,0.125,0,0.2442,0,0
5,14,raw,8.4,13.86754611,11.91501317,1.009686722,-2.234990213,2.218461976,1.5,150,550,1.5,30,3.5,0.125,0,0.2442,0,0
5,14,raw,8.6,14.06879757,11.46632007,1.002487642,-2.251601248,2.134919594,1.5,150,550,1.5,30,3.5,0.125,0,0.2442,0,0
5,14,raw,8.8,14.26854117,11.01437267,0.994607049,-2.267523799,2.050771293,1.5,150,550,1.5,30,3.5,0.125,0,0.2442,0,0
5,14,raw,9,14.46664039,10.55931055,0.986042555,-2.282739174,1.966043059,1.5,150,550,1.5,30,3.5,0.125,0,0.2442,0,0
5,14,raw,9.2,14.66295819,10.101277,0.976791775,-2.297228678,1.880761575,1.5,150,550,1.5,30,3.5,0.125,0,0.2442,0,0
5,14,raw,9.4,14.8573571,9.640419078,0.96685232,-2.310973619,1.794954219,1.5,150,550,1.5,30,3.5,0.125,0,0.2442,0,0
5,14,raw,9.6,15.04969912,9.176887555,0.956221804,-2.323955303,1.708649064,1.5,150,550,1.5,30,3.5,0.125,0,0.2442,0,0
5,14,raw,9.8,15.23984582,8.710836957,0.944897841,-2.336155035,1.621874881,1.5,150,550,1.5,30,3.5,0.125,0,0.2442,0,0
5,14,raw,10,15.42765826,8.242425541,0.932878043,-2.347554122,1.534661136,1.5,150,550,1.5,30,3.5,0.125,0,0.2442,0,0
5,14,raw,10.2,15.61299703,7.771815308,0.920160023,-2.358133871,1.447037993,1.5,150,550,1.5,30,3.5,0.125,0,0.2442,0,0
5,14,raw,10.4,15.79572227,7.299171993,0.906741395,-2.367875588,1.359036309,1.5,150,550,1.5,30,3.5,0.125,0,0.2442,0,0
5,14,raw,10.6,15.97569359,6.824665072,0.892619772,-2.37676058,1.27068764,1.5,150,550,1.5,30,3.5,0.125,0,0.2442,0,0
5,14,raw,10.8,16.15277018,6.348467761,0.877792767,-2.384770152,1.182024235,1.5,150,550,1.5,30,3.5,0.125,0,0.2442,0,0
5,14,raw,11,16.3268107,5.870757012,0.862257992,-2.39188561,1.093079044,1.5,150,550,1.5,30,3.5,0.125,0,0.2442,0,0
5,14,raw,11.2,16.49767337,5.391713517,0.854313365,-2.395217475,1.003885707,1.5,150,550,1.5,30,3.5,0.125,0,0.2442,0,0
5,15,pure,0,6.978609626,21.81818182,0.53012162,-1.276765686,4.062337663,1.5,150,550,1.5,30,3.5,0.125,0,0.2442,0,0
5,15,pure,0.2,7.08463395,21.56282868,0.534080041,-1.286456538,4.01479334,1.5,150,550,1.5,30,3.5,0.125,0,0.2442,0,0
5,15,pure,0.4,7.192241643,21.3035992,0.542052239,-1.305982469,3.966527281,1.5,150,550,1.5,30,3.5,0.125,0,0.2442,0,0
5,15,pure,0.6,7.301454846,21.04043569,0.550135637,-1.325798806,3.917528741,1.5,150,550,1.5,30,3.5,0.125,0,0.2442,0,0
5,15,pure,0.8,7.412295897,20.77327968,0.558331167,-1.34590955,3.867786836,1.5,150,550,1.5,30,3.5,0.125,0,0.2442,0,0
5,15,pure,1,7.524787312,20.50207188,0.566639714,-1.366318803,3.817290525,1.5,150,550,1.5,30,3.5,0.125,0,0.2442,0,0
5,15,pure,1.2,7.638951783,20.22675216,0.575062161,-1.387030669,3.766028617,1.5,150,550,1.5,30,3.5,0.125,0,0.2442,0,0
5,15,pure,1.4,7.754812177,19.94725961,0.583599394,-1.408049252,3.713989765,1.5,150,550,1.5,30,3.5,0.125,0,0.2442,0,0
5,15,pure,1.6,7.87239154,19.66353246,0.592252295,-1.429378654,3.661162472,1.5,150,550,1.5,30,3.5,0.125,0,0.2442,0,0
5,15,pure,1.8,7.991713095,19.37550815,0.601009777,-1.451017746,3.607535088,1.5,150,550,1.5,30,3.5,0.125,0,0.2442,0,0
5,15,pure,2,8.112795451,19.08312536,0.609827605,-1.472950248,3.553096198,1.5,150,550,1.5,30,3.5,0.125,0,0.2442,0,0
5,15,pure,2.2,8.235644137,18.78632805,0.618735449,-1.495191591,3.497835365,1.5,150,550,1.5,30,3.5,0.125,0,0.2442,0,0
5,15,pure,2.4,8.36028963,18.48504873,0.627800455,-1.517774747,3.441740025,1.5,150,550,1.5,30,3.5,0.125,0,0.2442,0,0
5,15,pure,2.6,8.486764319,18.17921815,0.637024132,-1.540705155,3.384797284,1.5,150,550,1.5,30,3.5,0.125,0,0.2442,0,0
5,15,pure,2.8,8.615099283,17.86876666,0.646399948,-1.563984804,3.326994174,1.5,150,550,1.5,30,3.5,0.125,0,0.2442,0,0
5,15,pure,3,8.745324298,17.55362423,0.655921376,-1.58761568,3.268317654,1.5,150,550,1.5,30,3.5,0.125,0,0.2442,0,0
5,15,pure,3.2,8.877467833,17.23372039,0.665581884,-1.61159977,3.208754606,1.5,150,550,1.5,30,3.5,0.125,0,0.2442,0,0
5,15,pure,3.4,9.011557052,16.90898432,0.675374942,-1.635939061,3.148291842,1.5,150,550,1.5,30,3.5,0.125,0,0.2442,0,0
5,15,pure,3.6,9.14761781,16.57934477,0.685294022,-1.660635541,3.086916097,1.5,150,550,1.5,30,3.5,0.125,0,0.2442,0,0
5,15,pure,3.8,9.28567466,16.2447301,0.695332593,-1.685691195,3.024614033,1.5,150,550,1.5,30,3.5,0.125,0,0.2442,0,0
5,15,pure,4,9.425750847,15.90506829,0.705484125,-1.711108012,2.961372239,1.5,150,550,1.5,30,3.5,0.125,0,0.2442,0,0
5,15,pure,4.2,9.56786831,15.5602869,0.715742088,-1.736887978,2.897177227,1.5,150,550,1.5,30,3.5,0.125,0,0.2442,0,0
5,15,pure,4.4,9.712047682,15.2103131,0.726099953,-1.763033081,2.832015439,1.5,150,550,1.5,30,3.5,0.125,0,0.2442,0,0
5,15,pure,4.6,9.858308291,14.85507366,0.73655119,-1.789545306,2.765873239,1.5,150,550,1.5,30,3.5,0.125,0,0.2442,0,0
5,15,pure,4.8,10.00666816,14.49449497,0.747089269,-1.816426642,2.698736922,1.5,150,550,1.5,30,3.5,0.125,0,0.2442,0,0
5,15,pure,5,10.157144,14.12850301,0.75770766,-1.843679076,2.630592703,1.5,150,550,1.5,30,3.5,0.125,0,0.2442,0,0
5,15,pure,5.2,10.30975122,13.75702334,0.768399834,-1.871304594,2.561426728,1.5,150,550,1.5,30,3.5,0.125,0,0.2442,0,0
5,15,pure,5.4,10.46450393,13.37998117,0.77915926,-1.899305183,2.491225066,1.5,150,550,1.5,30,3.5,0.125,0,0.2442,0,0
5,15,pure,5.6,10.62141493,12.99730127,0.789979409,-1.92768283,2.419973713,1.5,150,550,1.5,30,3.5,0.125,0,0.2442,0,0
5,15,pure,5.8,10.7804957,12.60890804,0.800853751,-1.956439523,2.347658592,1.5,150,550,1.5,30,3.5,0.125,0,0.2442,0,0
5,15,pure,6,10.94175643,12.21472546,0.811775755,-1.985577249,2.27426555,1.5,150,550,1.5,30,3.5,0.125,0,0.2442,0,0
5,15,pure,6.2,11.105206,11.81467714,0.822738893,-2.015097994,2.199780362,1.5,150,550,1.5,30,3.5,0.125,0,0.2442,0,0
5,15,pure,6.4,11.27085198,11.40868626,0.833736635,-2.045003746,2.124188728,1.5,150,550,1.5,30,3.5,0.125,0,0.2442,0,0
5,15,pure,6.6,11.43870065,10.99667564,0.84476245,-2.075296491,2.047476274,1.5,150,550,1.5,30,3.5,0.125,0,0.2442,0,0
5,15,pure,6.8,11.60875696,10.57856767,0.855809808,-2.105978216,1.969628552,1.5,150,550,1.5,30,3.5,0.125,0,0.2442,0,0
5,15,pure,7,11.78102458,10.15428435,0.866872181,-2.13705091,1.890631039,1.5,150,550,1.5,30,3.5,0.125,0,0.2442,0,0
5,15,pure,7.2,11.95550584,9.723747304,0.877943037,-2.168516558,1.810469141,1.5,150,550,1.5,30,3.5,0.125,0,0.2442,0,0
5,15,pure,7.4,12.13220179,9.286877731,0.889015848,-2.200377147,1.729128187,1.5,150,550,1.5,30,3.5,0.125,0,0.2442,0,0
5,15,pure,7.6,12.31111218,8.843596445,0.900084084,-2.232634665,1.646593433,1.5,150,550,1.5,30,3.5,0.125,0,0.2442,0,0
5,15,pure,7.8,12.49223542,8.393823864,0.909580986,-2.264815852,1.562850062,1.5,150,550,1.5,30,3.5,0.125,0,0.2442,0,0
5,15,pure,8,12.67494457,7.937670104,0.905844208,-2.293164582,1.477918577,1.5,150,550,1.5,30,3.5,0.125,0,0.2442,0,0
5,15,pure,8.2,12.85457311,7.476558032,0.89758727,-2.319835603,1.3920639,1.5,150,550,1.5,30,3.5,0.125,0,0.2442,0,0
5,15,pure,8.4,13.03397948,7.009735863,0.905827085,-2.351122457,1.305146058,1.5,150,550,1.5,30,3.5,0.125,0,0.2442,0,0
5,15,pure,8.6,13.21690394,6.536109049,0.9298165,-2.387217992,1.216961256,1.5,150,550,1.5,30,3.5,0.125,0,0.2442,0,0
5,15,pure,8.8,13.40590608,6.054848666,0.963652124,-2.42679407,1.127355156,1.5,150,550,1.5,30,3.5,0.125,0,0.2442,0,0
5,15,pure,9,13.60236479,5.565391421,1.001430569,-2.468522552,1.036222879,1.5,150,550,1.5,30,3.5,0.125,0,0.2442,0,0
5,15,pure,9.2,13.80647831,5.067439646,1.037248446,-2.511075297,0.943509001,1.5,150,550,1.5,30,3.5,0.125,0,0.2442,0,0
5,15,pure,9.4,14.01726417,4.560961302,1.065202365,-2.553124168,0.849207557,1.5,150,550,1.5,30,3.5,0.125,0,0.2442,0,0
5,15,pure,9.6,14.23255925,4.046189979,1.079388938,-2.593341023,0.753362039,1.5,150,550,1.5,30,3.5,0.125,0,0.2442,0,0
5,15,pure,9.8,14.44901974,3.523624893,1.073904775,-2.630397725,0.656065397,1.5,150,550,1.5,30,3.5,0.125,0,0.2442,0,0
5,15,pure,10,14.66212116,2.994030889,1.042846488,-2.662966133,0.557460037,1.5,150,550,1.5,30,3.5,0.125,0,0.2442,0,0
5,15,pure,10.2,14.86615834,2.458438439,0.980310687,-2.689718109,0.457737824,1.5,150,550,1.5,30,3.5,0.125,0,0.2442,0,0
5,15,pure,10.4,15.05424544,1.918143645,0.880393983,-2.709325512,0.357140079,1.5,150,550,1.5,30,3.5,0.125,0,0.2442,0,0
5,15,pure,10.6,15.21831593,1.374708235,0.737192988,-2.720460204,0.255957581,1.5,150,550,1.5,30,3.5,0.125,0,0.2442,0,0
5,15,pure,10.8,15.34912263,0.829959564,0.544804311,-2.721794045,0.154530566,1.5,150,550,1.5,30,3.5,0.125,0,0.2442,0,0
5,15,pure,11,15.43623766,0.285990617,0.297324564,-2.711998896,0.053248729,1.5,150,550,1.5,30,3.5,0.125,0,0.2442,0,0
5,15,pure,11.2,15.46805246,-0.254839995,0.159074,-2.704153056,-0.04744878,1.5,150,550,1.5,30,3.5,0.125,0,0.2442,0,0
